combined_rank,player,pos,team,value,blended_score,fp_dynasty_rank,ktc_rank,current_rank,current_value,sources_matched
1,Josh Allen,QB,BUF,100.0,1.66,1,3,24,44.4,2
2,Lamar Jackson,QB,BAL,87.9,4.31,2,9,26,43.0,2
3,Ja'Marr Chase,WR,CIN,80.8,5.0,5,5,8,63.6,2
4,Bijan Robinson,RB,ATL,75.7,5.69,8,1,2,87.9,2
5,Caleb Williams,QB,CHI,71.8,5.98,4,10,85,22.2,2
6,Jaxon Smith-Njigba,WR,SEA,68.6,6.01,7,4,4,75.7,2
7,Jahmyr Gibbs,RB,DET,65.9,6.69,9,2,1,100.0,2
8,Joe Burrow,QB,CIN,63.6,9.63,6,17,47,32.6,2
9,Puka Nacua,WR,LAR,61.5,10.01,11,8,14,53.8,2
10,Drake Maye,QB,NE,59.7,10.26,3,25,91,21.1,2
11,Amon-Ra St. Brown,WR,DET,58.0,11.02,13,7,10,59.7,2
12,Ashton Jeanty,RB,LV,56.5,15.35,17,12,11,58.0,2
13,Trevor Lawrence,QB,JAX,55.1,15.99,15,18,52,30.8,2
14,Jeremiyah Love,RB,ARI,53.8,16.35,18,13,19,48.5,2
15,Patrick Mahomes,QB,KC,52.6,16.62,12,26,60,28.3,2
16,Brock Purdy,QB,SF,51.5,16.99,16,19,34,38.3,2
17,Jayden Daniels,QB,WAS,50.4,17.92,10,34,124,15.6,2
18,CeeDee Lamb,WR,DAL,49.4,18.02,20,14,13,55.1,2
19,Brock Bowers,TE,LV,48.5,18.06,24,6,40,35.4,2
20,Jalen Hurts,QB,PHI,47.6,18.95,14,29,53,30.5,2
21,Justin Jefferson,WR,MIN,46.7,19.02,21,15,20,47.6,2
22,Malik Nabers,WR,NYG,45.9,20.32,19,23,39,35.9,2
23,Drake London,WR,ATL,45.1,22.01,23,20,22,45.9,2
24,Kenneth Walker III,RB,KC,44.4,24.04,28,16,3,80.8,2
25,Trey McBride,TE,ARI,43.7,25.74,33,11,43,34.2,2
26,James Cook III,RB,BUF,43.0,26.01,27,24,6,68.6,2
27,Jonathan Taylor,RB,IND,42.3,27.36,30,22,5,71.8,2
28,Chris Olave,WR,NO,41.7,28.37,32,21,15,52.6,2
29,Justin Herbert,QB,LAC,41.1,28.6,22,42,108,18.1,2
30,Tetairoa McMillan,WR,CAR,40.5,29.66,29,31,45,33.4,2
31,Bo Nix,QB,DEN,39.9,30.94,25,43,110,17.7,2
32,Jaxson Dart,QB,NYG,39.3,31.94,26,44,,,2
33,George Pickens,WR,DAL,38.8,32.68,34,30,29,41.1,2
34,Tyler Shough,QB,NO,38.3,34.34,35,33,88,21.6,2
35,Zay Flowers,WR,BAL,37.8,35.04,39,27,23,45.1,2
36,Dak Prescott,QB,DAL,37.3,36.61,31,48,70,25.6,2
37,Garrett Wilson,WR,NYJ,36.8,37.38,42,28,35,37.8,2
38,Omarion Hampton,RB,LAC,36.3,38.35,40,35,30,40.5,2
39,De'Von Achane,RB,MIA,35.9,38.99,38,41,,,2
40,Nico Collins,WR,HOU,35.4,39.68,41,37,25,43.7,2
41,DeVonta Smith,WR,PHI,35.0,43.35,45,40,28,41.7,2
42,Emeka Egbuka,WR,TB,34.6,44.32,43,47,54,30.2,2
43,Jordan Love,QB,GB,34.2,44.92,37,61,101,19.2,2
44,Chase Brown,RB,CIN,33.8,45.38,50,36,12,56.5,2
45,Breece Hall,RB,NYJ,33.4,45.67,46,45,33,38.8,2
46,Jared Goff,QB,DET,33.0,46.56,36,68,76,24.2,2
47,Tyler Warren,TE,IND,32.6,46.71,51,38,77,24.0,2
48,Parker Washington,WR,JAX,32.2,47.41,55,32,27,42.3,2
49,Ladd McConkey,WR,LAC,31.9,48.01,49,46,49,31.9,2
50,Carnell Tate,WR,TEN,31.5,48.29,44,57,79,23.5,2
51,Fernando Mendoza,QB,LV,31.2,48.99,48,51,313,0.0,2
52,Luther Burden III,WR,CHI,30.8,49.31,47,54,56,29.5,2
53,Colston Loveland,TE,CHI,30.5,51.68,53,49,95,20.3,2
54,Christian Watson,WR,GB,30.2,52.33,52,53,31,39.9,2
55,Christian McCaffrey,RB,SF,29.9,55.75,64,39,7,65.9,2
56,Tee Higgins,WR,CIN,29.5,57.01,58,55,37,36.8,2
57,Bryce Young,QB,CAR,29.2,57.37,61,50,103,18.9,2
58,Jordyn Tyson,WR,NO,28.9,59.31,57,64,117,16.7,2
59,Jaylen Waddle,WR,DEN,28.6,60.95,56,71,42,34.6,2
60,Kyren Williams,RB,LAR,28.3,62.05,67,52,16,51.5,2
61,Sam Darnold,QB,SEA,28.1,63.57,54,83,131,14.7,2
62,Rashee Rice,WR,KC,27.8,64.98,63,69,50,31.5,2
63,C.J. Stroud,QB,HOU,27.5,66.59,59,82,140,13.5,2
64,Tucker Kraft,TE,GB,27.2,68.64,66,74,93,20.7,2
65,Jameson Williams,WR,DET,26.9,69.26,62,84,59,28.6,2
66,A.J. Brown,WR,NE,26.7,69.29,65,78,62,27.8,2
67,Saquon Barkley,RB,PHI,26.4,69.38,74,60,18,49.4,2
68,TreVeyon Henderson,RB,NE,26.2,69.69,72,65,55,29.9,2
69,Javonte Williams,RB,DAL,25.9,70.06,76,58,17,50.4,2
70,Harold Fannin Jr.,TE,CLE,25.6,70.98,69,75,111,17.6,2
71,Baker Mayfield,QB,TB,25.4,71.55,60,95,166,10.5,2
72,Sam LaPorta,TE,DET,25.2,71.63,68,79,98,19.8,2
73,Bucky Irving,RB,TB,24.9,73.07,80,59,32,39.3,2
74,Rome Odunze,WR,CHI,24.7,73.63,70,81,68,26.2,2
75,Quinshon Judkins,RB,CLE,24.4,75.04,79,67,57,29.2,2
76,Makai Lemon,WR,PHI,24.2,75.95,71,86,105,18.5,2
77,Dalton Kincaid,TE,BUF,24.0,78.66,78,80,78,23.8,2
78,Cam Skattebo,RB,NYG,23.8,79.08,87,63,41,35.0,2
79,Jadarian Price,RB,SEA,23.5,79.4,86,66,65,26.9,2
80,Kenyon Sadiq,TE,NYJ,23.3,80.35,82,77,145,12.9,2
81,Matthew Stafford,QB,LAR,23.1,80.59,73,96,90,21.2,2
82,Derrick Henry,RB,BAL,22.9,82.13,95,56,9,61.5,2
83,KC Concepcion Jr.,WR,CLE,22.7,83.66,83,85,84,22.5,2
84,Kyler Murray,QB,MIN,22.5,84.24,75,103,126,15.4,2
85,Cam Ward,QB,TEN,22.2,84.26,77,99,230,4.8,2
86,Bhayshul Tuten,RB,JAX,22.0,84.73,91,72,36,37.3,2
87,DJ Moore,WR,BUF,21.8,86.64,84,92,48,32.2,2
88,Denzel Boston,WR,CLE,21.6,86.72,92,76,80,23.3,2
89,D'Andre Swift,RB,CHI,21.4,89.43,99,70,21,46.7,2
90,George Kittle,TE,SF,21.2,89.98,88,94,75,24.4,2
91,Brian Thomas Jr.,WR,JAX,21.1,90.24,81,109,97,19.9,2
92,Travis Etienne Jr.,RB,NO,20.9,91.64,89,97,74,24.7,2
93,Matthew Golden,WR,GB,20.7,92.15,107,62,61,28.1,2
94,Jalen Coker,WR,CAR,20.5,93.77,104,73,64,27.2,2
95,Malik Willis,QB,MIA,20.3,94.57,85,114,123,15.8,2
96,Isaiah Likely,TE,NYG,20.1,95.36,98,90,120,16.2,2
97,Daniel Jones,QB,IND,19.9,95.97,93,102,154,11.8,2
98,Michael Wilson,WR,ARI,19.8,97.05,102,87,69,25.9,2
99,Marvin Harrison Jr.,WR,ARI,19.6,97.26,90,112,121,16.1,2
100,Jordan Addison,WR,MIN,19.4,97.69,100,93,87,21.8,2
101,Josh Downs,WR,IND,19.2,99.04,103,91,67,26.4,2
102,Kyle Pitts Sr.,TE,ATL,19.1,99.61,94,111,146,12.8,2
103,Davante Adams,WR,LAR,18.9,100.39,106,89,38,36.3,2
104,Alec Pierce,WR,IND,18.7,100.63,97,108,122,15.9,2
105,Terry McLaurin,WR,WAS,18.5,102.6,96,116,63,27.5,2
106,Ty Simpson,QB,LAR,18.4,105.0,105,105,,,2
107,Jaylen Warren,RB,PIT,18.2,107.35,109,104,51,31.2,2
108,Michael Penix Jr.,QB,ATL,18.1,107.67,108,107,185,8.6,2
109,Chuba Hubbard,RB,CAR,17.9,108.1,118,88,44,33.8,2
110,DK Metcalf,WR,PIT,17.7,109.58,101,127,72,25.2,2
111,Mike Evans,WR,SF,17.6,110.0,110,110,58,28.9,2
112,David Montgomery,RB,HOU,17.4,110.02,112,106,46,33.0,2
113,Blake Corum,RB,LAR,17.3,112.74,120,98,82,22.9,2
114,Jake Ferguson,TE,DAL,17.1,119.28,114,130,152,12.1,2
115,Terrance Ferguson,TE,LAR,17.0,119.69,122,115,150,12.3,2
116,Omar Cooper Jr.,WR,NYJ,16.8,120.01,121,118,201,7.2,2
117,Josh Jacobs,RB,GB,16.7,120.92,113,137,119,16.4,2
118,Wan'Dale Robinson,WR,TEN,16.5,121.23,111,142,96,20.1,2
119,Kyle Monangai,RB,CHI,16.4,121.44,132,100,94,20.5,2
120,De'Zhaun Stribling,WR,SF,16.2,123.78,135,101,164,10.7,2
121,Xavier Worthy,WR,KC,16.1,124.67,125,124,113,17.3,2
122,Antonio Williams,WR,WAS,15.9,126.36,129,121,174,9.7,2
123,RJ Harvey,RB,DEN,15.8,127.04,131,119,128,15.1,2
124,Jonah Coleman,RB,DEN,15.6,127.07,134,113,144,13.0,2
125,Brenton Strange,TE,JAX,15.5,127.55,116,151,162,11.0,2
126,Jakobi Meyers,WR,JAX,15.4,127.87,115,154,89,21.4,2
127,Jayden Higgins,WR,HOU,15.2,130.31,128,135,,,2
128,Eli Stowers,TE,PHI,15.1,130.86,117,159,283,1.2,2
129,Quentin Johnston,WR,LAC,14.9,131.92,124,148,104,18.7,2
130,Juwan Johnson,TE,NO,14.8,132.34,133,131,115,17.0,2
131,Jayden Reed,WR,GB,14.7,132.9,123,153,,,2
132,Chris Bell,WR,MIA,14.5,134.42,143,117,151,12.2,2
133,Zach Charbonnet,RB,SEA,14.4,136.08,144,120,177,9.4,2
134,Courtland Sutton,WR,DEN,14.3,136.16,119,171,86,22.0,2
135,Michael Pittman Jr.,WR,PIT,14.1,136.56,126,158,127,15.2,2
136,Jacory Croskey-Merritt,RB,WAS,14.0,137.74,145,123,83,22.7,2
137,Rhamondre Stevenson,RB,NE,13.9,138.03,141,132,66,26.7,2
138,Oronde Gadsden,TE,LAC,13.8,139.98,138,144,169,10.2,2
139,Romeo Doubs,WR,NE,13.6,140.2,127,167,92,20.9,2
140,Khalil Shakir,WR,BUF,13.5,140.3,137,147,106,18.4,2
141,Stefon Diggs,WR,WAS,13.4,141.31,139,146,73,24.9,2
142,Chris Godwin Jr.,WR,TB,13.3,142.87,130,169,81,23.1,2
143,Emmett Johnson,RB,KC,13.1,145.43,155,126,147,12.7,2
144,Travis Kelce,TE,KC,13.0,147.03,150,141,100,19.4,2
145,Ricky Pearsall,WR,SF,12.9,148.54,136,174,,,2
146,Dallas Goedert,TE,PHI,12.8,151.29,147,160,148,12.5,2
147,Adonai Mitchell,WR,NYJ,12.7,151.45,163,128,102,19.1,2
148,J.K. Dobbins,RB,DEN,12.5,152.35,154,149,112,17.4,2
149,Tre' Harris,WR,LAC,12.4,152.6,146,166,130,14.8,2
150,Caleb Douglas,WR,MIA,12.3,153.14,167,125,135,14.1,2
151,Mike Washington Jr.,RB,LV,12.2,153.74,161,139,155,11.7,2
152,Mark Andrews,TE,BAL,12.1,154.54,142,180,137,13.9,2
153,Jordan Mason,RB,MIN,12.0,154.68,156,152,129,14.9,2
154,Rico Dowdle,RB,PIT,11.8,155.26,148,170,116,16.8,2
155,Tony Pollard,RB,TEN,11.7,155.29,151,164,109,17.9,2
156,Jonathon Brooks,RB,CAR,11.6,155.64,153,161,173,9.8,2
157,AJ Barner,TE,SEA,11.5,156.92,149,173,175,9.6,2
158,Woody Marks,RB,HOU,11.4,157.07,164,143,156,11.6,2
159,Braelon Allen,RB,NYJ,11.3,157.12,169,133,132,14.5,2
160,Rachaad White,RB,WAS,11.2,160.91,152,179,134,14.3,2
161,Deebo Samuel Sr.,WR,SF,11.1,161.75,170,145,71,25.4,2
162,Pat Bryant,WR,DEN,11.0,163.48,178,134,141,13.4,2
163,Chig Okonkwo,TE,WAS,10.9,166.4,140,220,182,8.9,2
164,Geno Smith,QB,NYJ,10.7,166.91,158,185,138,13.8,2
165,Kenny Gainwell,RB,TB,10.6,167.89,157,190,161,11.1,2
166,T.J. Hockenson,TE,MIN,10.5,168.24,159,187,171,10.0,2
167,Tyler Allgeier,RB,ARI,10.4,169.63,166,177,170,10.1,2
168,Ja'Kobi Lane,WR,BAL,10.3,170.54,191,129,193,7.9,2
169,Jacoby Brissett,QB,ARI,10.2,172.02,174,168,188,8.4,2
170,Ted Hurst III,WR,TB,10.1,173.09,182,155,172,9.9,2
171,Dontayvion Wicks,WR,PHI,10.0,173.52,192,136,107,18.2,2
172,Eli Raridon,TE,NE,9.9,173.91,165,192,269,2.1,2
173,Jalen McMillan,WR,TB,9.8,173.94,168,186,238,4.2,2
174,Aaron Jones Sr.,RB,MIN,9.7,174.01,175,172,99,19.6,2
175,Nicholas Singleton,RB,TEN,9.6,176.34,177,175,255,3.0,2
176,Dalton Schultz,TE,HOU,9.5,177.73,184,165,136,14.0,2
177,Keaton Mitchell,RB,LAC,9.4,177.74,185,163,160,11.2,2
178,Travis Hunter,WR,JAX,9.3,178.15,160,215,237,4.3,2
179,Malachi Fields,WR,NYG,9.2,178.19,197,140,168,10.3,2
180,Rashid Shaheed,WR,SEA,9.1,179.58,171,197,149,12.4,2
181,Hunter Henry,TE,NE,9.0,179.82,162,216,165,10.6,2
182,Germie Bernard,WR,PIT,8.9,181.12,193,157,221,5.5,2
183,Kayshon Boutte,WR,HOU,8.8,181.32,180,184,153,12.0,2
184,Kaelon Black,RB,SF,8.7,181.63,211,122,143,13.1,2
185,Tank Bigsby,RB,PHI,8.6,182.34,183,181,184,8.7,2
186,Chris Rodriguez Jr.,RB,JAX,8.5,182.56,172,204,180,9.1,2
187,Tre Tucker,WR,LV,8.4,186.18,204,150,125,15.5,2
188,Tyjae Spears,RB,TEN,8.4,186.61,181,198,195,7.7,2
189,Gunnar Helm,TE,TEN,8.3,189.17,173,222,200,7.3,2
190,Ollie Gordon II,RB,MIA,8.2,189.59,215,138,118,16.5,2
191,Jaylin Noel,WR,HOU,8.1,189.97,187,196,194,7.8,2
192,Dylan Sampson,RB,CLE,8.0,191.63,188,199,277,1.6,2
193,Elijah Sarratt,WR,BAL,7.9,193.59,186,209,276,1.6,2
194,Brian Robinson,RB,ATL,7.8,196.04,200,188,186,8.5,2
195,MarShawn Lloyd,RB,GB,7.7,197.26,190,212,159,11.3,2
196,Aaron Rodgers,QB,PIT,7.6,198.11,176,243,223,5.4,2
197,Pat Freiermuth,TE,PIT,7.5,198.36,201,193,176,9.5,2
198,Troy Franklin,WR,DEN,7.4,198.57,189,218,266,2.3,2
199,Devaughn Vele,WR,NO,7.4,198.88,220,156,114,17.1,2
200,Zachariah Branch,WR,ATL,7.3,201.06,207,189,252,3.2,2
201,Deshaun Watson,QB,CLE,7.2,201.67,202,201,300,0.2,2
202,Shedeur Sanders,QB,CLE,7.1,204.32,203,207,329,0.0,2
203,Malik Washington,WR,MIA,7.0,207.56,230,162,139,13.6,2
204,Isaac TeSlaa,WR,DET,6.9,207.73,214,195,220,5.6,2
205,Max Klare,TE,LAR,6.8,208.19,194,237,349,0.0,2
206,Kaleb Johnson,RB,GB,6.8,209.65,208,213,205,6.8,2
207,Keon Coleman,WR,BUF,6.7,210.17,227,176,212,6.3,2
208,Mason Taylor,TE,NYJ,6.6,212.2,199,239,282,1.3,2
209,Jalen Nailor,WR,LV,6.5,212.59,205,228,187,8.4,2
210,Kaytron Allen,RB,WAS,6.4,213.36,216,208,233,4.6,2
211,Tyrone Tracy Jr.,RB,NYG,6.3,213.65,179,284,263,2.5,2
212,Rashod Bateman,WR,BAL,6.3,213.78,225,191,142,13.3,2
213,Cade Otton,TE,TB,6.2,214.61,209,226,189,8.3,2
214,Jack Bech,WR,LV,6.1,217.35,219,214,281,1.3,2
215,Jaylen Wright,RB,MIA,6.0,217.45,229,194,157,11.5,2
216,Oscar Delp,TE,NO,5.9,217.45,196,261,374,0.0,2
217,Michael Mayer,TE,LV,5.8,217.53,237,178,246,3.6,2
218,Alvin Kamara,RB,NO,5.8,217.92,210,234,167,10.4,2
219,Elic Ayomanor,WR,TEN,5.7,219.68,221,217,267,2.2,2
220,Tua Tagovailoa,QB,ATL,5.6,219.75,195,270,340,0.0,2
221,Jauan Jennings,WR,MIN,5.5,219.78,198,264,207,6.7,2
222,Ryan Flournoy,WR,DAL,5.4,220.26,213,235,181,9.0,2
223,Tory Horton,WR,SEA,5.4,220.31,218,225,319,0.0,2
224,Jerry Jeudy,WR,CLE,5.3,223.16,206,258,208,6.6,2
225,Kirk Cousins,QB,LV,5.2,223.87,244,183,234,4.5,2
226,Cyrus Allen,WR,KC,5.1,224.76,234,206,254,3.1,2
227,Kyle Williams,WR,NE,5.1,226.64,224,232,259,2.7,2
228,Greg Dulcich,TE,MIA,5.0,228.55,217,252,178,9.3,2
229,Demond Claiborne,RB,MIN,4.9,230.35,232,227,286,1.0,2
230,J.J. McCarthy,QB,MIN,4.8,231.49,247,200,305,0.0,2
231,Tank Dell,WR,HOU,4.7,232.11,243,210,322,0.0,2
232,Kimani Vidal,RB,LAC,4.7,232.29,228,241,232,4.7,2
233,Chris Brazzell II,WR,CAR,4.6,233.35,235,230,,,2
234,David Njoku,TE,LAC,4.5,233.78,212,278,236,4.4,2
235,Chimere Dike,WR,TEN,4.4,233.89,223,256,280,1.4,2
236,Mac Jones,QB,SF,4.4,235.16,251,203,367,0.0,2
237,Bryce Lance,WR,NO,4.3,236.96,233,245,235,4.4,2
238,Skyler Bell,WR,BUF,4.2,240.68,242,238,302,0.1,2
239,Emanuel Wilson,RB,SEA,4.2,241.96,238,250,213,6.2,2
240,Elijah Arroyo,TE,SEA,4.1,243.05,248,233,321,0.0,2
241,Kevin Coleman Jr.,WR,MIA,4.0,243.07,250,229,272,1.9,2
242,Isiah Pacheco,RB,DET,3.9,243.45,222,287,343,0.0,2
243,Darnell Washington,TE,PIT,3.9,243.64,241,249,292,0.6,2
244,Carson Beck,QB,ARI,3.8,244.31,275,182,359,0.0,2
245,Marvin Mims Jr.,WR,DEN,3.7,244.58,236,262,291,0.7,2
246,Kendre Miller,RB,NO,3.6,245.12,257,221,219,5.7,2
247,Darnell Mooney,WR,NYG,3.6,245.47,226,285,231,4.7,2
248,Ray Davis,RB,BUF,3.5,249.24,240,268,218,5.8,2
249,DeMario Douglas,WR,NE,3.4,249.76,259,231,243,3.9,2
250,Sean Tucker,RB,TB,3.4,254.98,253,259,273,1.8,2
251,Cole Kmet,TE,CHI,3.3,255.43,265,236,309,0.0,2
252,Seth McGowan,RB,IND,3.2,256.62,252,266,251,3.3,2
253,Colby Parkinson,TE,LAR,3.2,257.39,263,246,224,5.3,2
254,Keenan Allen,WR,IND,3.1,257.54,245,283,133,14.4,2
255,Anthony Richardson Sr.,QB,IND,3.0,258.24,249,277,,,2
256,Evan Engram,TE,DEN,3.0,258.35,260,255,206,6.8,2
257,Tyquan Thornton,WR,KC,2.9,260.09,269,242,228,5.0,2
258,Adam Randall,RB,BAL,2.8,263.03,266,257,307,0.0,2
259,Cooper Kupp,WR,SEA,2.7,263.92,256,280,214,6.1,2
260,Trey Benson,RB,ARI,2.7,269.52,255,299,387,0.0,2
261,Brenen Thompson,WR,LAC,2.6,270.24,261,289,345,0.0,2
262,Xavier Legette,WR,CAR,2.5,270.66,270,272,289,0.8,2
263,Theo Johnson,TE,NYG,2.5,271.26,264,286,287,0.9,2
264,Mike Gesicki,TE,CIN,2.4,272.06,278,260,198,7.4,2
265,Justin Fields,QB,KC,2.3,272.48,254,310,371,0.0,2
266,Isaiah Davis,RB,NYJ,2.3,273.33,273,274,299,0.2,2
267,Tez Johnson,WR,TB,2.2,276.16,292,244,381,0.0,2
268,Jalen Royals,WR,KC,2.1,276.37,280,269,,,2
269,Calvin Ridley,WR,TEN,2.1,278.93,239,360,229,4.9,2
270,Chris Brooks,RB,GB,2.0,280.6,274,294,278,1.5,2
271,Joshua Palmer,WR,BUF,2.0,281.03,284,275,308,0.0,2
272,Marcus Mariota,QB,WAS,1.9,282.65,314,219,264,2.4,2
273,Matt Hibner,TE,BAL,1.8,282.79,262,325,337,0.0,2
274,Najee Harris,RB,NYG,1.8,283.5,267,317,210,6.4,2
275,Tyreek Hill,WR,MIA,1.7,283.8,231,391,398,0.0,2
276,Jordan James,RB,SF,1.6,284.4,291,271,295,0.5,2
277,Darren Waller,TE,CAR,1.6,285.77,296,265,158,11.4,2
278,Eli Heidenreich,RB,PIT,1.5,286.3,283,293,347,0.0,2
279,George Holani,RB,SEA,1.4,287.12,299,263,261,2.6,2
280,Dawson Knox,TE,BUF,1.4,287.74,295,273,311,0.0,2
281,Mack Hollins,WR,NE,1.3,288.3,285,295,265,2.3,2
282,Christian Kirk,WR,SF,1.3,288.55,277,312,324,0.0,2
283,Will Shipley,RB,PHI,1.2,289.71,294,281,332,0.0,2
284,Tyson Bagent,QB,CHI,1.1,289.85,308,253,379,0.0,2
285,Konata Mumpfield,WR,LAR,1.1,290.62,286,300,304,0.0,2
286,Andrei Iosivas,WR,CIN,1.0,293.22,282,316,293,0.6,2
287,Isaiah Bond,WR,CLE,0.9,294.73,301,282,377,0.0,2
288,Roman Wilson,WR,PIT,0.9,295.45,340,205,257,2.9,2
289,Ben Sinnott,TE,WAS,0.8,297.89,287,320,354,0.0,2
290,Jalen Milroe,QB,SEA,0.8,297.92,323,247,,,2
291,Charlie Kolar,TE,LAC,0.7,299.13,279,340,245,3.7,2
292,Xavier Hutchinson,WR,HOU,0.6,299.38,337,223,306,0.0,2
293,Zavion Thomas,WR,CHI,0.6,299.63,329,240,327,0.0,2
294,James Conner,RB,ARI,0.5,299.72,272,356,290,0.8,2
295,Jameis Winston,QB,NYG,0.5,300.44,311,279,303,0.0,2
296,Brashard Smith,RB,KC,0.4,300.71,305,292,320,0.0,2
297,Marlin Klein,TE,HOU,0.4,301.46,281,343,363,0.0,2
298,Ja'Tavion Sanders,TE,CAR,0.3,301.62,297,311,386,0.0,2
299,Jalen Tolbert,WR,MIA,0.2,302.85,288,333,357,0.0,2
300,Noah Fant,TE,NO,0.2,303.32,302,306,285,1.1,2
301,Raheim Sanders,RB,CLE,0.1,303.61,331,248,310,0.0,2
302,Jahan Dotson,WR,ATL,0.1,304.33,304,305,294,0.5,2
303,Darius Slayton,WR,IND,0.0,304.53,258,399,314,0.0,2
304,Justice Hill,RB,BAL,0.0,305.02,307,301,270,2.0,2
305,DJ Giddens,RB,IND,0.0,305.38,310,296,328,0.0,2
306,Trevor Etienne,RB,CAR,0.0,305.48,320,276,346,0.0,2
307,Justin Joly,TE,MIA,0.0,305.94,300,318,394,0.0,2
308,Sam Roush,TE,CHI,0.0,306.31,271,378,395,0.0,2
309,Malik Benson,WR,LV,0.0,306.69,309,302,326,0.0,2
310,Erick All Jr.,TE,CIN,0.0,307.48,289,345,317,0.0,2
311,Barion Brown,WR,NO,0.0,309.06,315,297,360,0.0,2
312,Hollywood Brown,WR,PHI,0.0,309.99,276,379,344,0.0,2
313,Devin Neal,RB,NO,0.0,310.57,268,397,318,0.0,2
314,Savion Williams,WR,GB,0.0,311.91,303,330,389,0.0,2
315,Jaylin Lane,WR,WAS,0.0,311.97,342,251,,,2
316,Carson Wentz,QB,MIN,0.0,312.12,324,288,358,0.0,2
317,Jarquez Hunter,RB,MIA,0.0,313.84,298,346,323,0.0,2
318,Malik Davis,RB,DAL,0.0,314.05,319,304,,,2
319,Jake Tonges,TE,SF,0.0,315.73,322,303,333,0.0,2
320,Brandon Aiyuk,WR,SF,0.0,318.27,246,,339,0.0,1
321,Tyler Higbee,TE,LAR,0.0,318.94,313,331,279,1.4,2
322,Devin Singletary,RB,NYG,0.0,320.39,326,309,288,0.9,2
323,Calvin Austin III,WR,NYG,0.0,320.69,290,383,,,2
324,LeQuint Allen Jr.,RB,JAX,0.0,321.94,349,267,312,0.0,2
325,Tahj Brooks,RB,CIN,0.0,321.94,316,334,352,0.0,2
326,Tanner Koziol,TE,JAX,0.0,324.02,293,387,,,2
327,Jack Endries,TE,CIN,0.0,327.12,306,370,,,2
328,Tutu Atwell,WR,LAR,0.0,327.31,325,332,376,0.0,2
329,Jaydon Blue,RB,PHI,0.0,327.57,318,347,355,0.0,2
330,Cedric Tillman,WR,NO,0.0,327.89,317,350,380,0.0,2
331,Colbie Young,WR,CIN,0.0,329.97,327,336,366,0.0,2
332,Jordan Whittington,WR,LAR,0.0,331.01,332,329,,,2
333,Dont'e Thornton Jr.,WR,LV,0.0,331.2,351,291,382,0.0,2
334,CJ Daniels,WR,LAR,0.0,332.79,312,375,369,0.0,2
335,Devontez Walker,WR,BAL,0.0,333.76,343,315,,,2
336,Emari Demercado,RB,DAL,0.0,334.71,339,326,301,0.1,2
337,Noah Gray,TE,KC,0.0,334.77,345,314,365,0.0,2
338,Deion Burks,WR,IND,0.0,335.0,335,335,385,0.0,2
339,Ty Johnson,RB,BUF,0.0,335.59,328,351,316,0.0,2
340,Isaac Guerendo,RB,SF,0.0,337.5,321,371,,,2
341,Kendrick Bourne,WR,ARI,0.0,338.2,358,298,247,3.6,2
342,John Metchie III,WR,CAR,0.0,342.02,344,338,,,2
343,KeAndre Lambert-Smith,WR,LAC,0.0,344.23,334,365,,,2
344,Luke Musgrave,TE,GB,0.0,345.11,356,323,,,2
345,Josh Cameron,WR,JAX,0.0,345.45,357,322,,,2
346,J'Mari Taylor,RB,JAX,0.0,345.9,336,366,401,0.0,2
347,Mitchell Evans,TE,CAR,0.0,346.53,333,374,336,0.0,2
348,Zach Ertz,TE,PHI,0.0,347.33,347,348,373,0.0,2
349,Jonnu Smith,TE,GB,0.0,348.15,330,385,362,0.0,2
350,Samaje Perine,RB,CIN,0.0,348.23,338,369,260,2.7,2
351,Tommy Tremble,TE,CAR,0.0,348.33,348,349,384,0.0,2
352,Jordan Watkins,WR,SF,0.0,348.38,353,339,,,2
353,Treylon Burks,WR,WAS,0.0,351.12,363,327,399,0.0,2
354,Tai Felton,WR,MIN,0.0,352.64,350,358,,,2
355,Joe Milton III,QB,DAL,0.0,357.22,379,313,,,2
356,Michael Trigg,TE,DAL,0.0,358.54,346,384,,,2
357,Kalif Raymond,WR,CHI,0.0,360.26,386,308,163,10.9,2
358,Audric Estime,RB,NO,0.0,360.61,355,372,351,0.0,2
359,Luke McCaffrey,WR,WAS,0.0,363.44,374,342,,,2
360,Cade Stover,TE,HOU,0.0,363.68,365,361,,,2
361,Olamide Zaccheaus,WR,ATL,0.0,363.72,369,353,383,0.0,2
362,Jerome Ford,RB,MIN,0.0,363.77,341,410,,,2
363,Dyami Brown,WR,WAS,0.0,365.72,371,355,,,2
364,Demarcus Robinson,WR,SF,0.0,380.29,376,389,,,2
365,Dohnte Meyers,WR,CIN,0.0,381.06,354,436,,,2
366,Roschon Johnson,RB,CHI,0.0,383.99,416,319,393,0.0,2
367,Elijah Moore,WR,PHI,0.0,384.65,383,388,,,2
368,KaVontae Turpin,WR,DAL,0.0,384.96,381,393,,,2
369,Tyler Badie,RB,DEN,0.0,387.3,384,394,,,2
370,Elijah Higgins,TE,ARI,0.0,387.9,378,408,,,2
371,Nate Boerkircher,TE,JAX,0.0,389.29,352,,391,0.0,1
372,Daniel Bellinger,TE,TEN,0.0,391.47,405,364,,,2
373,Bam Knight,RB,ARI,0.0,391.55,380,415,348,0.0,2
374,Seydou Traore,TE,MIA,0.0,393.98,359,,,,1
375,Jahdae Walker,WR,CHI,0.0,394.03,430,321,,,2
376,Eric Rivers Jr.,WR,TB,0.0,394.65,360,,,,1
377,Jeff Caldwell,WR,KC,0.0,395.32,361,,,,1
378,J. Michael Sturdivant,WR,GB,0.0,395.99,362,,,,1
379,Austin Hooper,TE,ATL,0.0,397.33,364,,,,1
380,Foster Moreau,TE,HOU,0.0,397.79,377,440,,,2
381,Efton Chism III,WR,NE,0.0,398.66,398,400,,,2
382,Joe Royer,TE,CLE,0.0,398.67,366,,,,1
383,Tyren Montgomery,WR,TEN,0.0,399.34,367,,,,1
384,Will Kacmarek,TE,MIA,0.0,399.99,399,402,,,2
385,Kendrick Law,WR,DET,0.0,400.01,368,,,,1
386,Jaleel McLaughlin,RB,CLE,0.0,400.07,407,386,402,0.0,2
387,Greg Dortch,WR,BUF,0.0,400.43,410,381,,,2
388,Jaren Kanak,TE,TEN,0.0,401.35,370,,,,1
389,Jared Wiley,TE,KC,0.0,402.23,392,423,396,0.0,2
390,Robert Henry Jr.,RB,WAS,0.0,402.69,372,,,,1
391,Dallen Bentley,TE,DEN,0.0,403.36,373,,,,1
392,Chase Roberts,WR,LV,0.0,404.7,375,,,,1
393,Rasheen Ali,RB,BAL,0.0,404.81,419,376,,,2
394,Trey Palmer,WR,NO,0.0,408.95,437,352,,,2
395,Brock Wright,TE,DET,0.0,409.26,402,424,,,2
396,Riley Nowakowski,TE,PIT,0.0,409.39,382,,,,1
397,Tyrell Shavers,WR,BUF,0.0,410.47,391,450,,,2
398,Luke Schoonmaker,TE,DAL,0.0,411.4,418,398,,,2
399,DeAndre Hopkins,WR,BAL,0.0,411.4,385,,,,1
400,Nick Westbrook-Ikhine,WR,IND,0.0,411.56,401,433,,,2
401,Jimmy Horn Jr.,WR,CLE,0.0,411.86,431,373,,,2
402,Jacob Cowing,WR,SF,0.0,411.93,438,359,,,2
403,Adam Trautman,TE,DEN,0.0,412.49,395,448,,,2
404,Roman Hemby,RB,LV,0.0,412.74,387,,392,0.0,1
405,Josh Oliver,TE,MIN,0.0,413.41,388,,350,0.0,1
406,Jelani Woods,TE,NYJ,0.0,414.08,389,,,,1
407,Dean Connors,RB,LAR,0.0,414.75,390,,,,1
408,Drew Allar,QB,PIT,0.0,415.06,,202,,,1
409,Theo Wease Jr.,WR,LAC,0.0,416.76,393,,,,1
410,CJ Donaldson,RB,NO,0.0,417.43,394,,325,0.0,1
411,Jalon Daniels,QB,TB,0.0,418.03,,211,,,1
412,Josh Cuevas,TE,BAL,0.0,418.77,396,,,,1
413,Kareem Hunt,RB,KC,0.0,419.44,397,,361,0.0,1
414,Reggie Virgil,WR,ARI,0.0,419.94,414,432,,,2
415,Jalin Hyatt,WR,NYG,0.0,420.15,435,390,,,2
416,Phil Mafah,RB,NYG,0.0,420.33,420,421,403,0.0,2
417,Carsen Ryan,TE,CLE,0.0,421.45,400,,,,1
418,Drew Lock,QB,SEA,0.0,422.32,,224,,,1
419,Drew Sample,TE,CIN,0.0,423.46,403,,,,1
420,Odell Beckham Jr.,WR,NYG,0.0,424.13,404,,388,0.0,1
421,Tanner Hudson,TE,CIN,0.0,425.47,406,,,,1
422,Bo Melton,WR,GB,0.0,426.06,432,414,,,2
423,Thomas Fidone II,TE,NYG,0.0,426.81,408,,,,1
424,Vinny Anthony II,WR,ATL,0.0,427.48,409,,,,1
425,Xavier Restrepo,WR,TEN,0.0,428.5,445,395,,,2
426,Ashton Dulin,WR,IND,0.0,428.82,411,,,,1
427,Durham Smythe,TE,BAL,0.0,430.16,413,,,,1
428,Jam Miller,RB,NE,0.0,431.5,415,,,,1
429,Malachi Corley,WR,CLE,0.0,432.01,466,363,,,2
430,Cade Klubnik,QB,NYJ,0.0,432.22,,254,404,0.0,1
431,Gabe Davis,WR,BUF,0.0,432.48,447,403,,,2
432,Kaden Wetjen,WR,PIT,0.0,432.84,417,,,,1
433,Mo Alie-Cox,TE,IND,0.0,435.52,421,,,,1
434,Aaron Anderson,WR,CLE,0.0,436.19,422,,,,1
435,Joe Mixon,RB,HOU,0.0,436.86,423,,,,1
436,Josh Whyle,TE,GB,0.0,437.53,424,,,,1
437,Dameon Pierce,RB,PHI,0.0,437.77,448,417,,,2
438,Dae'Quan Wright,TE,CLE,0.0,438.2,425,,,,1
439,Jeremy Ruckert,TE,NYJ,0.0,438.67,439,438,,,2
440,Jeremy McNichols,RB,WAS,0.0,438.87,426,,,,1
441,Tyler Conklin,TE,DET,0.0,439.21,427,464,,,2
442,Isaiah Hodgins,WR,PIT,0.0,440.66,440,442,,,2
443,Jaydn Ott,RB,KC,0.0,440.88,429,,,,1
444,Grant Calcaterra,TE,PHI,0.0,443.56,433,,,,1
445,Will Howard,QB,PIT,0.0,444.1,,290,,,1
446,John Michael Gyllenborg,TE,KC,0.0,444.23,434,,,,1
447,Curtis Samuel,WR,BUF,0.0,445.57,436,,,,1
448,Hunter Long,TE,ARI,0.0,448.92,441,,,,1
449,Julian Hill,TE,NE,0.0,449.59,442,,,,1
450,Taylen Green,QB,CLE,0.0,449.71,,307,,,1
451,Austin Ekeler,RB,WAS,0.0,449.74,457,435,378,0.0,2
452,Van Jefferson,WR,WAS,0.0,450.26,443,,,,1
453,Taysom Hill,TE,NO,0.0,450.93,444,,,,1
454,Brandin Cooks,WR,SF,0.0,451.01,452,449,,,2
455,Jawhar Jordan,RB,HOU,0.0,452.27,446,,372,0.0,1
456,Davis Allen,TE,LAR,0.0,453.93,480,401,,,2
457,Khalil Herbert,RB,ATL,0.0,454.16,470,422,,,2
458,Tyler Lockett,WR,LV,0.0,454.28,449,,,,1
459,D'Ernest Johnson,RB,TEN,0.0,454.95,450,,,,1
460,Sione Vaki,RB,DET,0.0,455.32,,324,338,0.0,1
461,Terion Stewart,RB,KC,0.0,455.62,451,,,,1
462,Garrett Nussmeier,QB,KC,0.0,456.64,,328,,,1
463,Dane Key,WR,DEN,0.0,457.63,454,,,,1
464,Jonathan Mingo,WR,DAL,0.0,457.72,496,380,,,2
465,Harrison Wallace III,WR,ARI,0.0,458.3,455,,,,1
466,Raheem Mostert,RB,LV,0.0,458.97,456,,,,1
467,Brevin Jordan,TE,HOU,0.0,459.53,479,420,,,2
468,Jack Strand,QB,ATL,0.0,459.61,,337,,,1
469,Antonio Gibson,RB,NE,0.0,460.31,458,,,,1
470,Miles Sanders,RB,DAL,0.0,460.66,460,462,,,2
471,Quinn Ewers,QB,JAX,0.0,460.93,,341,,,1
472,Ty Chandler,RB,NO,0.0,460.98,459,,,,1
473,Riley Leonard,QB,IND,0.0,461.92,,344,,,1
474,Elijah Mitchell,RB,KC,0.0,462.32,461,,,,1
475,Romello Brinson,WR,DAL,0.0,462.99,462,,,,1
476,Noah Thomas,WR,CIN,0.0,463.66,463,,,,1
477,Trebor Pena,WR,JAX,0.0,464.33,464,,,,1
478,Jake Bobo,WR,SEA,0.0,465.1,475,445,,,2
479,Kameron Johnson,WR,TB,0.0,465.22,,354,,,1
480,Jacob Saylors,RB,DET,0.0,466.21,,357,370,0.0,1
481,Damien Martinez,RB,GB,0.0,466.34,467,,,,1
482,Sincere McCormick,RB,SF,0.0,466.36,469,461,,,2
483,Skyy Moore,WR,GB,0.0,466.83,516,367,,,2
484,Alexander Mattison,RB,MIA,0.0,467.01,468,,,,1
485,Spencer Rattler,QB,NO,0.0,467.86,,362,,,1
486,Zamir White,RB,NO,0.0,469.02,471,,,,1
487,Noah Whittington,RB,HOU,0.0,469.69,472,,,,1
488,Dillon Gabriel,QB,CLE,0.0,469.84,,368,,,1
489,Arian Smith,WR,NYJ,0.0,470.54,491,429,,,2
490,Desmond Reid,RB,BUF,0.0,472.37,476,,,,1
491,Tyler Huntley,QB,BAL,0.0,472.81,,377,,,1
492,RJ Maryland,TE,GB,0.0,473.04,477,,,,1
493,Lil'Jordan Humphrey,WR,DEN,0.0,473.48,488,444,,,2
494,Isaiah Williams,WR,NYJ,0.0,473.71,478,,,,1
495,Davis Mills,QB,HOU,0.0,474.46,,382,,,1
496,Noah Brown,WR,LV,0.0,475.72,481,,,,1
497,Josh Reynolds,WR,NYJ,0.0,476.39,482,,,,1
498,JuJu Smith-Schuster,WR,NYG,0.0,477.06,483,,,,1
499,Sterling Shepard,WR,NYJ,0.0,477.73,484,,,,1
500,Cody White,WR,LV,0.0,477.76,,392,,,1
501,Damien Alford,WR,NO,0.0,478.4,485,,,,1
502,Jared Wayne,WR,HOU,0.0,479.07,486,,,,1
503,Tyler Goodson,RB,DAL,0.0,479.08,,396,,,1
504,Kevin Austin Jr.,WR,NO,0.0,479.74,487,,,,1
505,Tim Patrick,WR,NYJ,0.0,480.45,492,457,,,2
506,Jamari Thrash,WR,CLE,0.0,481.08,489,,,,1
507,Frank Gore Jr.,RB,BUF,0.0,481.72,,404,,,1
508,Marquez Valdes-Scantling,WR,LAC,0.0,481.75,490,,,,1
509,Tanner McKee,QB,PHI,0.0,482.05,,405,,,1
510,Sam Howell,QB,DAL,0.0,482.38,,406,,,1
511,Dillon Bell,WR,MIN,0.0,483.37,,409,,,1
512,Mitchell Tinsley,WR,HOU,0.0,483.76,493,,,,1
513,Gardner Minshew II,QB,ARI,0.0,484.03,,411,,,1
514,Tyler Johnson,WR,NYJ,0.0,484.13,497,458,,,2
515,Trey Lance,QB,LAC,0.0,484.36,,412,,,1
516,Zay Jones,WR,HOU,0.0,484.43,494,,,,1
517,Israel Abanikanda,RB,DAL,0.0,484.69,,413,,,1
518,Darius Cooper,WR,PHI,0.0,485.1,495,,,,1
519,AJ Dillon,RB,CAR,0.0,485.68,,416,,,1
520,Kalel Mullings,RB,TEN,0.0,486.34,,418,,,1
521,Mason Tipton,WR,NO,0.0,486.67,,419,,,1
522,Nick Nash,WR,WAS,0.0,487.11,498,,,,1
523,Tyler Scott,WR,LAR,0.0,487.78,499,,,,1
524,David Moore,WR,CAR,0.0,488.45,500,,,,1
525,Xavier Gipson,WR,PHI,0.0,488.65,,425,,,1
526,Michael Carter,RB,TEN,0.0,488.98,,426,,,1
527,Le'Veon Moss,RB,MIA,0.0,489.31,,427,,,1
528,Stetson Bennett IV,QB,LAR,0.0,489.64,,428,,,1
529,Cedrick Wilson Jr.,WR,DET,0.0,489.79,502,,,,1
530,Kendall Milton,RB,CIN,0.0,490.3,,430,,,1
531,Casey Washington,WR,CAR,0.0,490.46,503,,,,1
532,Kenny Pickett,QB,CAR,0.0,490.63,,431,,,1
533,Chris Moore,WR,BAL,0.0,491.13,504,,,,1
534,Kyle McCord,QB,MIA,0.0,491.62,,434,,,1
535,Ricky White III,WR,SEA,0.0,491.8,505,,,,1
536,Ray-Ray McCloud III,WR,CHI,0.0,492.47,506,,,,1
537,Joe Flacco,QB,CIN,0.0,492.61,,437,368,0.0,1
538,Dante Pettis,WR,BUF,0.0,493.14,507,,,,1
539,Will Levis,QB,NYJ,0.0,493.27,,439,,,1
540,Johnny Wilson,WR,PHI,0.0,493.53,513,454,,,2
541,Scotty Miller,WR,CHI,0.0,493.81,508,,,,1
542,Cole Payton,QB,PHI,0.0,493.93,,441,,,1
543,Ben Skowronek,WR,PIT,0.0,494.48,509,,,,1
544,LaJohntay Wester,WR,BAL,0.0,494.59,,443,,,1
545,Michael Bandy,WR,DEN,0.0,495.15,510,,,,1
546,Julius Chestnut,RB,TEN,0.0,495.58,,446,,,1
547,Shedrick Jackson,WR,BAL,0.0,495.82,511,,,,1
548,Dylan Laube,RB,LV,0.0,495.91,,447,,,1
549,Xavier Smith,WR,LAR,0.0,496.49,512,,,,1
550,Travis Homer,RB,PIT,0.0,497.23,,451,,,1
551,Zavier Scott,RB,CHI,0.0,497.56,,452,,,1
552,David Sills V,WR,TB,0.0,497.83,514,,,,1
553,Tahj Washington,WR,MIA,0.0,497.89,,453,,,1
554,Bub Means,WR,CLE,0.0,498.55,,455,,,1
555,Mason Rudolph,QB,PIT,0.0,498.88,,456,,,1
556,Derius Davis,WR,LAC,0.0,499.87,,459,,,1
557,Trey Sermon,RB,ATL,0.0,500.2,,460,,,1
558,Ainias Smith,WR,CAR,0.0,500.51,518,,,,1
559,Justin Watson,WR,HOU,0.0,501.18,519,,,,1
560,Jimmy Garoppolo,QB,LAR,0.0,501.19,,463,,,1
561,Case Keenum,QB,CHI,,,,,,,0
562,DeeJay Dallas,RB,MIN,,,,,,,0
