combined_rank,player,pos,team,value,blended_score,dynasty_rank,keeper_rank,current_rank,current_value,sources_matched
1,Victor Wembanyama,C,SAS,100.0,1.0,1,1,2,87.7,2
2,Shai Gilgeous-Alexander,G,OKC,87.7,2.33,2,3,4,75.5,2
3,Luka Dončić,G,LAL,80.6,3.66,3,5,3,80.6,2
4,Nikola Jokić,C,DEN,75.5,4.0,4,4,1,100.0,2
5,Cooper Flagg,"G,F",DAL,71.6,4.68,6,2,27,42.5,2
6,Cade Cunningham,G,DET,68.4,5.33,5,6,6,68.4,2
7,Anthony Edwards,G,MIN,65.8,7.0,7,7,7,65.8,2
8,Tyrese Maxey,G,PHI,63.4,8.33,8,9,8,63.4,2
9,Jalen Johnson,F,ATL,61.4,9.34,10,8,13,55.0,2
10,Jayson Tatum,F,BOS,59.6,11.0,11,11,93,21.5,2
11,Cameron Boozer,F,MEM,57.9,11.31,9,16,133,15.5,2
12,Scottie Barnes,"F,C",TOR,56.4,11.34,12,10,15,52.6,2
13,Tyrese Haliburton,G,IND,55.0,13.0,13,13,97,20.8,2
14,Chet Holmgren,"F,C",OKC,53.8,14.0,14,14,41,35.4,2
15,Dylan Harper,G,SAS,52.6,15.35,17,12,117,17.6,2
16,Alperen Şengün,"F,C",HOU,51.5,15.67,16,15,9,61.4,2
17,Evan Mobley,"F,C",CLE,50.4,15.99,15,18,31,40.1,2
18,Amen Thompson,G,HOU,49.4,19.68,21,17,29,41.3,2
19,Giannis Antetokounmpo,"F,C",MIA,48.5,20.66,20,22,5,71.6,2
20,Donovan Mitchell,G,CLE,47.6,22.95,18,33,11,57.9,2
21,Trey Murphy III,"G,F",NOP,46.8,23.0,23,23,38,36.6,2
22,Jalen Williams,F,OKC,46.0,23.29,19,32,33,39.1,2
23,Caleb Wilson,F,CHI,45.2,24.02,26,20,132,15.6,2
24,Austin Reaves,"G,F",LAL,44.5,27.61,22,39,34,38.5,2
25,Karl-Anthony Towns,"F,C",NYK,43.8,28.32,27,31,17,50.4,2
26,Devin Booker,G,PHX,43.1,28.62,24,38,19,48.5,2
27,Kon Knueppel,"G,F",CHA,42.5,28.63,25,36,103,19.8,2
28,Alex Sarr,C,WAS,41.9,30.01,31,28,69,26.5,2
29,Darryn Peterson,G,UTA,41.3,30.97,28,37,161,12.3,2
30,AJ Dybantsa,F,WAS,40.7,31.06,37,19,154,13.0,2
31,Deni Avdija,"G,F",POR,40.1,32.37,36,25,35,38.0,2
32,Franz Wagner,F,ORL,39.6,33.63,30,41,44,34.2,2
33,Trae Young,G,WAS,39.1,33.95,29,44,16,51.5,2
34,Jalen Brunson,G,NYK,38.5,34.37,38,27,14,53.8,2
35,LaMelo Ball,G,MIN,38.0,34.72,40,24,22,46.0,2
36,Jalen Duren,C,DET,37.6,35.98,34,40,46,33.4,2
37,Jamal Murray,G,DEN,37.1,36.62,32,46,28,41.9,2
38,Jaren Jackson Jr.,"F,C",UTA,36.6,37.31,35,42,42,34.9,2
39,Stephon Castle,G,SAS,36.2,37.39,43,26,58,29.5,2
40,Josh Giddey,G,CHI,35.8,37.62,33,47,18,49.4,2
41,Brandon Miller,F,CHA,35.4,39.05,44,29,51,31.6,2
42,Paolo Banchero,F,ORL,34.9,41.39,47,30,10,59.6,2
43,Matas Buzelis,F,CHI,34.5,42.32,41,45,77,24.7,2
44,VJ Edgecombe,G,PHI,34.2,44.38,49,35,106,19.3,2
45,Darius Garland,G,LAC,33.8,46.62,42,56,53,31.0,2
46,Jaylen Brown,"G,F",PHI,33.4,47.69,50,43,30,40.7,2
47,Bam Adebayo,"F,C",MIA,33.0,48.64,46,54,26,43.1,2
48,Donovan Clingan,C,POR,32.7,49.32,48,52,65,27.5,2
49,Keyonte George,G,UTA,32.3,51.66,51,53,63,28.1,2
50,Lauri Markkanen,F,UTA,32.0,52.35,54,49,52,31.3,2
51,Zach Edey,C,MEM,31.6,56.65,55,60,68,26.8,2
52,Tyler Herro,G,MIL,31.3,56.96,53,65,50,32.0,2
53,De'Aaron Fox,G,SAS,31.0,58.31,56,63,43,34.5,2
54,Onyeka Okongwu,C,ATL,30.7,60.33,60,61,70,26.3,2
55,Walker Kessler,C,LAL,30.4,61.4,68,48,48,32.7,2
56,Anthony Davis,"F,C",WAS,30.1,61.9,52,82,12,56.4,2
57,Domantas Sabonis,"F,C",SAC,29.8,62.02,64,58,24,44.5,2
58,Darius Acuff Jr.,G,SAC,29.5,62.63,59,70,145,14.0,2
59,Pascal Siakam,"F,C",IND,29.2,64.96,61,73,32,39.6,2
60,Ivica Zubac,C,IND,28.9,65.64,63,71,55,30.4,2
61,Stephen Curry,G,GSW,28.6,66.0,66,66,25,43.8,2
62,Desmond Bane,"G,F",ORL,28.3,67.66,67,69,45,33.8,2
63,OG Anunoby,F,NYK,28.1,69.68,71,67,75,25.1,2
64,Nickeil Alexander-Walker,G,ATL,27.8,69.99,69,72,104,19.6,2
65,Mikel Brown Jr.,G,BKN,27.5,71.2,58,98,219,7.2,2
66,Kevin Durant,"G,F",HOU,27.3,71.38,76,62,20,47.6,2
67,Kel'el Ware,C,MIL,27.0,72.31,70,77,86,22.8,2
68,Derik Queen,"F,C",NOP,26.8,73.07,80,59,130,15.9,2
69,Zion Williamson,"F,C",NOP,26.5,73.08,81,57,37,37.1,2
70,Collin Murray-Boyles,"F,C",TOR,26.3,73.38,78,64,188,9.7,2
71,Keaton Wagler,G,LAC,26.0,75.53,62,103,252,4.8,2
72,Naz Reid,"F,C",CHA,25.8,75.99,75,78,74,25.4,2
73,Dyson Daniels,"G,F",ATL,25.6,76.46,89,51,54,30.7,2
74,Michael Porter Jr.,F,BKN,25.4,76.62,72,86,59,29.2,2
75,Derrick White,G,BOS,25.1,76.97,74,83,49,32.3,2
76,Jaden McDaniels,F,MIN,24.9,77.66,77,79,88,22.4,2
77,James Harden,G,CLE,24.7,77.87,65,104,23,45.2,2
78,Brandon Ingram,"G,F",LAC,24.5,79.33,79,80,57,29.8,2
79,Immanuel Quickley,G,TOR,24.2,85.34,86,84,78,24.5,2
80,Kingston Flemings,G,ATL,24.0,85.64,83,91,304,1.7,2
81,Ja Morant,G,POR,23.8,87.63,84,95,39,36.2,2
82,Reed Sheppard,G,HOU,23.6,87.97,85,94,136,15.1,2
83,Dejounte Murray,G,NOP,23.4,87.99,87,90,61,28.6,2
84,Brayden Burries,G,MIL,23.2,88.6,82,102,301,1.9,2
85,Ajay Mitchell,G,OKC,23.0,89.32,88,92,189,9.6,2
86,Keegan Murray,F,SAC,22.8,89.5,73,123,95,21.1,2
87,Kyshawn George,"G,F",WAS,22.6,91.03,94,85,144,14.2,2
88,Jalen Suggs,G,ORL,22.4,92.36,95,87,89,22.2,2
89,Isaiah Hartenstein,C,OKC,22.2,93.65,92,97,92,21.7,2
90,Kyrie Irving,G,DAL,22.1,93.69,96,89,73,25.6,2
91,Anthony Black,"G,F",ORL,21.9,93.99,93,96,166,11.8,2
92,Jabari Smith Jr.,"F,C",HOU,21.7,94.03,97,88,105,19.5,2
93,Ace Bailey,F,UTA,21.5,96.44,107,75,135,15.2,2
94,Mikal Bridges,F,NYK,21.3,96.61,91,108,82,23.6,2
95,Kawhi Leonard,"G,F",TOR,21.1,99.7,103,93,36,37.6,2
96,Ausar Thompson,"G,F",DET,21.0,101.23,124,55,85,23.0,2
97,Nic Claxton,C,CHI,20.8,101.63,98,109,94,21.3,2
98,Jalen Green,"G,F",PHX,20.6,101.64,99,107,66,27.3,2
99,Joel Embiid,C,PHI,20.4,102.32,101,105,40,35.8,2
100,Coby White,G,CHA,20.3,103.35,105,100,60,28.9,2
101,Julius Randle,F,BKN,20.1,103.96,100,112,47,33.0,2
102,Cedric Coward,"G,F",MEM,19.9,104.82,120,74,163,12.1,2
103,Jeremiah Fears,G,NOP,19.8,105.69,108,101,181,10.3,2
104,Day'Ron Sharpe,C,BKN,19.6,106.29,102,115,160,12.4,2
105,Jarrett Allen,C,CLE,19.5,108.01,109,106,56,30.1,2
106,Myles Turner,C,MIL,19.3,112.6,106,126,84,23.2,2
107,Rudy Gobert,C,MIN,19.1,112.97,110,119,64,27.8,2
108,Fred VanVleet,G,HOU,19.0,114.23,104,135,162,12.2,2
109,Egor Dëmin,G,BKN,18.8,114.5,131,81,148,13.7,2
110,Cason Wallace,"G,F",OKC,18.7,114.9,138,68,164,12.0,2
111,Mark Williams,C,PHX,18.5,117.33,117,118,113,18.2,2
112,Brandin Podziemski,G,GSW,18.4,117.35,119,114,102,19.9,2
113,Ryan Rollins,G,MIL,18.2,118.71,123,110,129,16.0,2
114,Payton Pritchard,G,BOS,18.1,119.1,129,99,76,24.9,2
115,Jaime Jaquez Jr.,"G,F",MIL,17.9,120.91,112,139,124,16.7,2
116,Peyton Watson,F,CLE,17.8,120.97,118,127,175,10.9,2
117,Morez Johnson Jr.,F,DAL,17.6,122.57,113,142,277,3.3,2
118,Zach LaVine,"G,F",SAC,17.5,123.21,111,148,80,24.0,2
119,Toumani Camara,F,POR,17.4,123.35,125,120,123,16.8,2
120,Ayo Dosunmu,G,MIN,17.2,123.73,130,111,112,18.4,2
121,Devin Vassell,"G,F",SAS,17.1,123.98,122,128,110,18.7,2
122,RJ Barrett,"G,F",TOR,16.9,124.04,128,116,72,25.8,2
123,Norman Powell,"G,F",CHI,16.8,126.21,114,151,81,23.8,2
124,Shaedon Sharpe,G,POR,16.7,127.07,134,113,141,14.5,2
125,Josh Hart,"G,F",NYK,16.5,129.06,135,117,62,28.3,2
126,Khaman Maluach,C,PHX,16.4,129.36,132,124,187,9.8,2
127,Christian Braun,"G,F",DEN,16.3,130.63,127,138,125,16.5,2
128,Miles Bridges,F,PHX,16.1,133.99,133,136,67,27.0,2
129,LeBron James,F,PHI,16.0,135.35,137,132,21,46.8,2
130,Scoot Henderson,G,POR,15.9,135.7,139,129,139,14.8,2
131,Paul George,F,BOS,15.7,135.9,126,156,71,26.0,2
132,Tre Johnson,"G,F",WAS,15.6,136.07,143,122,185,10.0,2
133,Maxime Raynaud,C,SAC,15.5,137.32,136,140,195,9.1,2
134,Ryan Kalkbrenner,C,CHA,15.4,138.37,142,131,291,2.4,2
135,Yaxel Lendeborg,F,GSW,15.2,139.68,141,137,202,8.5,2
136,Dereck Lively II,C,DAL,15.1,139.74,147,125,153,13.1,2
137,Deandre Ayton,C,WAS,15.0,139.75,115,190,119,17.4,2
138,Allen Graves,F,TOR,14.9,142.97,140,149,280,3.1,2
139,Bilal Coulibaly,"G,F",WAS,14.8,143.68,145,141,157,12.7,2
140,Collin Gillespie,G,PHX,14.6,149.68,151,147,193,9.3,2
141,Andrew Nembhard,G,IND,14.5,150.31,148,155,98,20.6,2
142,Andrew Wiggins,"G,F",MIA,14.4,152.66,152,154,90,22.1,2
143,Moussa Diabaté,C,CHA,14.3,154.25,146,171,197,8.9,2
144,Hannes Steinbach,F,CHA,14.2,154.32,153,157,289,2.5,2
145,Tari Eason,"G,F",HOU,14.0,158.66,158,160,126,16.4,2
146,Nate Ament,F,MIL,13.9,159.64,157,165,,,2
147,Cameron Johnson,F,DEN,13.8,160.32,159,163,118,17.5,2
148,Aday Mara,C,OKC,13.7,161.2,181,121,307,1.5,2
149,Santi Aldama,F,DAL,13.6,162.86,149,191,134,15.4,2
150,Dailyn Swain,F,CHI,13.5,162.93,156,177,,,2
151,Aaron Nesmith,"G,F",IND,13.4,164.66,164,166,172,11.2,2
152,Kristaps Porziņģis,C,GSW,13.3,164.84,116,264,91,21.9,2
153,Jakob Poeltl,C,TOR,13.1,166.11,144,211,87,22.6,2
154,Ty Jerome,G,MEM,13.0,166.16,182,134,142,14.4,2
155,Wendell Carter Jr.,C,ORL,12.9,166.83,150,201,152,13.3,2
156,Davion Mitchell,G,MIA,12.8,167.42,176,150,146,13.9,2
157,Jimmy Butler III,F,GSW,12.7,167.94,162,180,96,21.0,2
158,Herbert Jones,"G,F",NOP,12.6,167.98,166,172,155,12.9,2
159,Bennedict Mathurin,"G,F",NOP,12.5,168.02,170,164,109,18.8,2
160,Oso Ighodaro,C,PHX,12.4,168.33,168,169,251,4.9,2
161,Kevin Porter Jr.,G,MIL,12.3,168.7,172,162,99,20.4,2
162,CJ McCollum,G,ATL,12.2,168.85,154,199,83,23.4,2
163,Jaylen Wells,"G,F",MEM,12.1,169.25,161,186,221,7.0,2
164,Robert Williams III,C,POR,12.0,170.01,171,168,269,3.7,2
165,Jonathan Kuminga,F,MIN,11.9,170.46,183,145,127,16.3,2
166,P.J. Washington,"F,C",DAL,11.8,170.96,167,179,114,18.1,2
167,Damian Lillard,G,POR,11.7,171.72,177,161,120,17.2,2
168,Yanic Konan Niederhauser,C,LAC,11.6,171.83,155,206,,,2
169,John Collins,"F,C",DET,11.5,171.86,191,133,100,20.3,2
170,Anfernee Simons,G,PHI,11.4,173.56,163,195,121,17.1,2
171,Dillon Brooks,F,PHX,11.3,175.04,179,167,150,13.5,2
172,Daniss Jenkins,G,DET,11.2,175.27,169,188,,,2
173,Jaylon Tyson,"G,F",CLE,11.1,175.64,173,181,214,7.5,2
174,Isaiah Stewart,"F,C",MEM,11.0,179.19,165,208,236,5.9,2
175,Aaron Gordon,"F,C",DEN,10.9,179.62,175,189,108,19.0,2
176,Joan Beringer,"F,C",MIN,10.8,179.65,178,183,210,7.9,2
177,Zaccharie Risacher,F,DAL,10.7,181.92,174,198,208,8.0,2
178,Daniel Gafford,C,DAL,10.6,184.62,180,194,131,15.7,2
179,Terrence Shannon Jr.,"G,F",MIN,10.5,185.0,185,185,253,4.8,2
180,Neemias Queta,C,BOS,10.4,187.38,192,178,165,11.9,2
181,DeMar DeRozan,F,DEN,10.3,189.37,160,249,79,24.2,2
182,Carter Bryant,F,SAS,10.2,189.4,196,176,,,2
183,Jarace Walker,F,IND,10.2,189.97,187,196,,,2
184,Isaiah Collier,G,UTA,10.1,190.08,198,174,147,13.8,2
185,Jared McCain,G,OKC,10.0,190.71,195,182,201,8.6,2
186,Gui Santos,F,GSW,9.9,191.69,194,187,,,2
187,Ebuka Okorie,G,DET,9.8,192.95,188,203,,,2
188,Kyle Filipowski,"F,C",UTA,9.7,193.0,193,193,179,10.5,2
189,Max Christie,"G,F",DAL,9.6,193.76,203,175,,,2
190,Joshua Jefferson,F,BKN,9.5,193.96,190,202,,,2
191,Bub Carrington,G,WAS,9.4,198.03,201,192,173,11.1,2
192,Christian Anderson,G,CHA,9.4,199.23,189,220,285,2.8,2
193,Will Riley,F,WAS,9.3,200.35,202,197,256,4.6,2
194,Cameron Carr,G,LAL,9.2,201.88,223,159,,,2
195,Grayson Allen,"G,F",CHA,9.1,202.48,184,240,171,11.3,2
196,Rasheer Fleming,"F,C",PHX,9.0,203.27,197,216,,,2
197,Labaron Philon,G,PHI,8.9,206.24,230,158,244,5.4,2
198,Noah Clowney,"F,C",BKN,8.8,208.97,206,215,257,4.5,2
199,Nique Clifford,"G,F",SAC,8.8,210.6,204,224,237,5.8,2
200,Hugo González,"G,F",BOS,8.7,212.21,233,170,,,2
201,Cam Spencer,G,MEM,8.6,212.71,217,204,233,6.1,2
202,Malik Monk,G,SAC,8.5,215.37,186,275,138,14.9,2
203,Jordan Poole,G,NOP,8.4,215.89,205,238,116,17.8,2
204,Rui Hachimura,F,LAC,8.3,216.5,200,250,158,12.6,2
205,Collin Sexton,G,LAL,8.3,217.56,207,239,159,12.5,2
206,Dylan Cardwell,"F,C",SAC,8.2,221.39,227,210,,,2
207,Kasparas Jakučionis,G,MIL,8.1,223.62,219,233,,,2
208,Jayden Quaintance,F,SAS,8.0,225.04,229,217,,,2
209,Karim Lopez,F,MEM,7.9,226.13,239,200,293,2.3,2
210,Tobias Harris,F,SAS,7.9,232.55,221,256,128,16.1,2
211,Jaylin Williams,"F,C",OKC,7.8,233.42,209,283,282,3.0,2
212,Nikola Vučević,C,ORL,7.7,234.69,237,230,101,20.1,2
213,Donte DiVincenzo,"G,F",MIN,7.6,235.45,214,279,184,10.1,2
214,Cam Whitmore,F,DEN,7.5,236.15,218,273,216,7.4,2
215,Danny Wolf,"F,C",BKN,7.5,239.01,240,237,,,2
216,Taylor Hendricks,"F,C",MEM,7.4,241.76,251,223,268,3.8,2
217,Ronald Holland II,F,DET,7.3,247.35,216,311,,,2
218,Sergio De Larrea,G,DAL,7.2,248.07,255,234,,,2
219,Justin Champagnie,F,WAS,7.2,248.54,269,207,,,2
220,Isaiah Evans,G,MIN,7.1,255.25,280,205,,,2
221,Jrue Holiday,G,POR,7.0,256.77,234,303,115,17.9,2
222,Richie Saunders,G,MEM,6.9,257.38,262,248,,,2
223,Koa Peat,F,PHX,6.9,259.92,285,209,,,2
224,Ryan Conwell,G,MIA,6.8,261.92,254,278,,,2
225,Kobe Sanders,"G,F",LAC,6.7,263.84,281,229,,,2
226,Gradey Dick,"G,F",LAC,6.6,266.57,290,219,226,6.6,2
227,Tyler Bilodeau,F,BKN,6.6,268.29,264,277,,,2
228,Thomas Sorber,C,OKC,6.5,269.11,247,314,,,2
229,Mitchell Robinson,C,BOS,6.4,277.32,210,414,228,6.5,2
230,Walter Clayton Jr.,G,MEM,6.3,278.9,302,232,,,2
231,Tarris Reed Jr.,C,SAS,6.3,279.99,279,282,,,2
232,Zuby Ejiofor,F,ATL,6.2,280.24,238,366,,,2
233,Nolan Traore,G,BKN,6.1,280.59,273,296,,,2
234,Drake Powell,G,BKN,6.1,281.34,249,347,,,2
235,Tristan da Silva,F,ORL,6.0,282.62,311,225,294,2.3,2
236,Trevon Brazile,F,DEN,5.9,283.66,283,285,,,2
237,Nikola Jović,"F,C",MIA,5.8,284.63,215,426,206,8.2,2
238,Keon Ellis,"G,F",BKN,5.8,288.56,245,377,286,2.7,2
239,Yang Hansen,C,POR,5.7,290.28,252,368,,,2
240,Spencer Jones,F,DEN,5.6,293.57,317,246,,,2
241,Scotty Pippen Jr.,G,MEM,5.6,295.43,272,343,151,13.4,2
242,Moussa Cisse,C,DAL,5.5,296.33,296,297,,,2
243,Max Strus,F,LAC,5.4,299.12,212,476,192,9.4,2
244,Jalen Smith,"F,C",CHI,5.4,300.45,213,478,247,5.2,2
245,Bruce Thornton,G,HOU,5.3,302.17,286,335,,,2
246,Baba Miller,F,LAC,5.2,302.91,261,388,,,2
247,Brice Sensabaugh,"G,F",UTA,5.2,303.46,250,412,240,5.6,2
248,De'Anthony Melton,G,GSW,5.1,304.43,248,419,255,4.6,2
249,Brandon Williams,G,GSW,5.0,304.56,294,326,,,2
250,Cody Williams,"G,F",MIN,5.0,304.95,267,382,,,2
251,Jordan Miller,"G,F",LAC,4.9,305.87,293,332,,,2
252,Emanuel Sharp,G,SAC,4.8,306.71,278,365,,,2
253,Jerami Grant,F,MEM,4.8,306.83,224,475,149,13.6,2
254,Noa Essengue,F,CHI,4.7,307.33,274,375,,,2
255,Jusuf Nurkić,C,UTA,4.6,310.53,231,472,107,19.1,2
256,Ryan Nembhard,G,DEN,4.6,312.19,298,341,,,2
257,Yves Missi,C,NOP,4.5,312.78,258,424,186,9.9,2
258,Alex Karaban,F,SAC,4.4,315.7,253,443,,,2
259,Nikola Topić,G,OKC,4.4,316.89,339,272,,,2
260,Draymond Green,"F,C",GSW,4.3,317.05,256,441,111,18.5,2
261,Pat Spencer,G,PHX,4.2,319.9,310,340,,,2
262,De'Andre Hunter,F,SAC,4.2,320.98,220,526,170,11.4,2
263,GG Jackson,"F,C",MEM,4.1,321.02,257,451,243,5.4,2
264,Miles McBride,G,NYK,4.1,321.11,266,433,249,5.0,2
265,Bradley Beal,"G,F",LAC,4.0,322.65,288,393,156,12.8,2
266,Pelle Larsson,"G,F",MIA,3.9,323.84,275,423,180,10.4,2
267,Javon Small,G,MEM,3.9,324.15,372,227,,,2
268,Devin Carter,G,BOS,3.8,329.19,282,425,,,2
269,AJ Johnson,G,NOP,3.7,329.39,,184,,,1
270,Jamal Shead,G,TOR,3.7,331.77,243,512,259,4.4,2
271,Leonard Miller,F,CHI,3.6,333.43,211,582,,,2
272,Ja'Kobe Walter,G,TOR,3.6,334.59,327,350,,,2
273,Rob Dillingham,G,CHA,3.5,334.86,321,363,295,2.2,2
274,Quentin Grimes,"G,F",LAL,3.4,335.0,236,536,122,16.9,2
275,Sion James,"G,F",CHA,3.4,336.97,301,410,,,2
276,Paul Reed,"F,C",DET,3.3,337.2,225,565,190,9.5,2
277,Sandro Mamukelashvili,"F,C",LAL,3.3,337.27,232,551,209,7.9,2
278,Ron Harper Jr.,F,BOS,3.2,338.08,379,255,,,2
279,Jamir Watkins,"G,F",WAS,3.1,339.29,,214,,,1
280,Isaiah Jackson,C,LAC,3.1,339.39,246,529,232,6.2,2
281,Blake Hinson,"F,C",UTA,3.0,341.6,,221,,,1
282,Chris Livingston,F,CLE,3.0,341.93,,222,260,4.3,1
283,Ben Saraf,G,BKN,2.9,343.0,376,276,,,2
284,Ryan Dunn,F,PHX,2.8,343.21,265,502,308,1.5,2
285,Myron Gardner,"G,F",MIA,2.8,343.91,,228,,,1
286,Keldon Johnson,F,SAS,2.7,344.26,271,493,183,10.2,2
287,Adem Bona,C,PHI,2.7,344.3,308,418,,,2
288,Saddiq Bey,F,NOP,2.6,344.95,208,623,178,10.6,2
289,Branden Carlson,C,POR,2.5,346.22,,235,,,1
290,Daeqwon Plowden,"G,F",SAC,2.5,346.55,,236,,,1
291,Luke Kennard,"G,F",PHX,2.4,347.44,292,460,,,2
292,Doug McDermott,F,SAC,2.4,348.2,,241,,,1
293,Asa Newell,"F,C",ATL,2.3,349.08,390,266,,,2
294,Taelon Peter,G,SAS,2.3,349.19,,244,,,1
295,Dru Smith,G,MIA,2.2,350.26,244,566,,,2
296,Tristan Vukcevic,C,WAS,2.2,350.78,395,261,,,2
297,Elijah Harkless,G,DET,2.1,351.5,,251,,,1
298,Jamison Battle,F,TOR,2.0,351.83,,252,,,1
299,Tyrese Martin,"G,F",PHI,2.0,351.86,371,313,,,2
300,D'Angelo Russell,G,MEM,1.9,352.01,287,484,176,10.8,2
301,Hunter Sallis,G,PHI,1.9,352.16,,253,,,1
302,Hunter Dickinson,C,NOP,1.8,352.49,,254,,,1
303,Cam Thomas,G,MIL,1.8,353.01,354,351,177,10.7,2
304,Luke Kornet,C,SAS,1.7,353.82,270,524,,,2
305,Maliq Brown,F,SAS,1.7,354.14,,259,,,1
306,Felix Okpara,C,WAS,1.6,354.47,,260,,,1
307,Brandon Boston,G,CHI,1.5,355.13,,262,,,1
308,RayJ Dennis,G,ATL,1.5,355.44,366,334,,,2
309,Mark Sears,G,MIL,1.4,356.12,,265,,,1
310,Pete Nance,F,MIL,1.4,356.78,,267,,,1
311,Colin Castleton,"F,C",ORL,1.3,357.11,,268,,,1
312,DaRon Holmes II,"F,C",DEN,1.3,357.14,338,396,,,2
313,Mouhamed Gueye,"F,C",ATL,1.2,357.61,385,302,,,2
314,Jase Richardson,G,ORL,1.2,358.56,348,380,,,2
315,Jay Huff,C,IND,1.1,359.81,242,599,270,3.7,2
316,Obi Toppin,F,IND,1.1,360.27,222,641,220,7.1,2
317,Ousmane Dieng,F,MIL,1.0,360.31,226,633,,,2
318,Trey Alexander,G,UTA,1.0,361.07,,280,,,1
319,Leaky Black,F,SAC,0.9,362.39,,284,,,1
320,Moses Moody,"G,F",GSW,0.9,362.46,309,471,292,2.4,2
321,Antonio Reeves,"G,F",CHA,0.8,363.05,,286,,,1
322,Kevin Knox II,F,ORL,0.8,363.71,,288,,,1
323,Naji Marshall,"G,F",DAL,0.7,363.96,228,640,194,9.2,2
324,Malique Lewis,F,MIL,0.7,364.04,,289,,,1
325,Bennett Stirtz,G,OKC,0.6,364.37,,290,,,1
326,Justin Edwards,F,PHI,0.5,365.03,,292,,,1
327,Jamaree Bouyea,G,PHX,0.5,365.69,,294,,,1
328,Kelly Oubre Jr.,F,IND,0.4,366.01,235,632,169,11.5,2
329,Thanasis Antetokounmpo,F,MIL,0.4,366.02,,295,,,1
330,Sharife Cooper,G,WAS,0.3,367.01,,298,,,1
331,Mohamed Diawara,F,NYK,0.3,367.34,,299,,,1
332,Isaiah Stevens,G,CHI,0.2,368.0,,301,,,1
333,Kyle Kuzma,F,MIL,0.2,368.35,304,499,143,14.3,2
334,Isaiah Joe,"G,F",DET,0.1,368.63,299,510,,,2
335,Oscar Tshiebwe,"F,C",HOU,0.1,369.32,,305,,,1
336,Chris Cenac Jr.,F,BOS,0.0,369.65,,306,,,1
337,Liam McNeeley,F,CHA,0.0,369.98,,307,,,1
338,Miles Kelly,G,DAL,0.0,370.31,,308,,,1
339,Luguentz Dort,"G,F",ATL,0.0,370.35,306,501,212,7.7,2
340,Micah Peavy,F,MEM,0.0,370.93,364,385,,,2
341,Jordan Walsh,F,BOS,0.0,371.19,291,534,,,2
342,Christian Koloko,C,NOP,0.0,371.63,,312,,,1
343,Adam Flagler,G,SAC,0.0,372.62,,315,,,1
344,Brooks Barnhizer,F,OKC,0.0,373.28,,317,,,1
345,Amari Williams,C,BOS,0.0,373.61,,318,,,1
346,Jacob Toppin,F,ATL,0.0,373.94,,319,263,4.1,1
347,Ernest Udeh Jr.,C,CLE,0.0,374.27,,320,,,1
348,Gary Trent Jr.,"G,F",MIL,0.0,374.3,305,515,218,7.2,2
349,Tosan Evbuomwan,F,CHA,0.0,374.93,,322,,,1
350,Javonte Green,"G,F",DET,0.0,375.92,,325,,,1
351,Mac McClung,G,CHI,0.0,376.58,,327,,,1
352,Sam Hauser,F,BOS,0.0,377.66,377,379,261,4.2,2
353,Otega Oweh,G,OKC,0.0,377.9,,331,,,1
354,Bobby Portis Jr.,"F,C",MIA,0.0,378.94,307,525,137,15.0,2
355,Jaden Ivey,G,CHI,0.0,379.88,,337,196,9.0,1
356,Patrick Williams,F,CHI,0.0,380.88,369,405,248,5.1,2
357,Drew Peterson,F,CHI,0.0,381.53,,342,,,1
358,Baylor Scheierman,"G,F",BOS,0.0,383.46,330,492,,,2
359,Isaiah Crawford,F,HOU,0.0,383.51,,348,,,1
360,Bryce Hopkins,F,DEN,0.0,383.84,,349,,,1
361,Jordan Hawkins,"G,F",MEM,0.0,384.71,389,376,,,2
362,Derrick Jones Jr.,F,LAC,0.0,384.74,260,638,,,2
363,Wendell Moore Jr.,"G,F",DET,0.0,384.83,,352,,,1
364,Sam Merrill,"G,F",CLE,0.0,384.91,277,604,,,2
365,Vince Williams Jr.,G,UTA,0.0,385.21,340,477,279,3.1,2
366,Johnny Furphy,"G,F",IND,0.0,386.69,323,516,,,2
367,Chris Youngblood,G,POR,0.0,386.81,,358,,,1
368,Chris Mañon,"G,F",LAL,0.0,387.14,,359,,,1
369,Tristen Newton,"G,F",SAC,0.0,388.13,,362,,,1
370,Dillon Mitchell,F,BOS,0.0,389.78,,367,,,1
371,Jeremy Sochan,"F,C",POR,0.0,390.13,337,498,205,8.3,2
372,Keshad Johnson,F,MIA,0.0,390.44,,369,,,1
373,Kobe Bufkin,G,NOP,0.0,390.77,,370,,,1
374,Tyrese Proctor,G,CLE,0.0,391.1,,371,,,1
375,Quinten Post,C,MEM,0.0,391.32,324,528,,,2
376,Johni Broome,C,LAC,0.0,392.09,,374,,,1
377,Alijah Martin,G,TOR,0.0,394.4,,381,,,1
378,Graham Ike,F,GSW,0.0,395.39,,384,,,1
379,Lindy Waters III,"G,F",SAS,0.0,396.38,,387,,,1
380,Josh Minott,F,BKN,0.0,397.36,268,660,,,2
381,Vsevolod Ishchenko,G,DAL,0.0,397.37,,390,,,1
382,Caris LeVert,"G,F",MIL,0.0,397.53,318,559,199,8.8,2
383,Cam Christie,"G,F",LAC,0.0,397.7,,391,,,1
384,Julian Phillips,F,HOU,0.0,398.03,,392,,,1
385,Trendon Watford,F,NOP,0.0,399.86,386,428,,,2
386,Jack Kayil,G,NYK,0.0,400.01,,398,,,1
387,Julian Champagnie,F,SAS,0.0,400.08,276,652,265,4.0,2
388,Noah Penda,F,ORL,0.0,400.34,,399,,,1
389,Tolu Smith,C,DET,0.0,401.0,,401,266,3.9,1
390,Tristan Enaruna,F,CLE,0.0,401.33,,402,,,1
391,Jake LaRavia,F,LAL,0.0,401.59,295,618,230,6.3,2
392,Emanuel Miller,F,DEN,0.0,401.66,,403,,,1
393,Alex Caruso,"G,F",OKC,0.0,401.67,303,602,215,7.5,2
394,Hunter Tyson,F,BKN,0.0,401.99,,404,,,1
395,N'Faly Dante,C,NYK,0.0,402.65,,406,,,1
396,Lonzo Ball,G,CLE,0.0,402.92,362,486,299,2.0,2
397,Malevy Leons,F,GSW,0.0,402.98,,407,,,1
398,Meleek Thomas,G,CLE,0.0,403.31,,408,,,1
399,Karlo Matković,"F,C",NOP,0.0,403.75,346,521,,,2
400,Tidjane Salaün,"F,C",CHA,0.0,404.3,,411,,,1
401,Nate Williams,F,GSW,0.0,405.62,,415,,,1
402,Dalton Knecht,"G,F",LAL,0.0,405.78,384,450,,,2
403,Zach Collins,C,CHI,0.0,405.82,322,576,241,5.6,2
404,Marcus Sasser,G,DAL,0.0,405.85,325,570,,,2
405,Josh Oduro,F,NOP,0.0,405.95,,416,,,1
406,Tre Jones,G,CHI,0.0,407.22,363,497,168,11.6,2
407,Goga Bitadze,C,ORL,0.0,408.13,289,650,,,2
408,Andre Drummond,C,NYK,0.0,408.71,314,601,271,3.6,2
409,Guerschon Yabusele,"F,C",CHI,0.0,409.24,367,495,,,2
410,Seth Lundy,F,DAL,0.0,409.58,,427,,,1
411,Tyler Kolek,G,NYK,0.0,409.82,359,513,,,2
412,Vít Krejčí,"G,F",POR,0.0,410.37,381,470,,,2
413,Tyler Nickel,F,NYK,0.0,410.57,,430,,,1
414,Braden Smith,G,IND,0.0,410.9,,431,,,1
415,Aaron Wiggins,"G,F",ATL,0.0,411.84,297,645,284,2.8,2
416,Tyus Jones,G,DEN,0.0,412.14,360,518,213,7.6,2
417,Trentyn Flowers,F,CHI,0.0,414.53,,442,,,1
418,Cameron Payne,G,PHI,0.0,415.16,332,584,,,2
419,Michael Ajayi,F,CHA,0.0,415.19,,444,,,1
420,Chaz Lanier,G,DET,0.0,415.52,,445,,,1
421,Kevin McCullar Jr.,F,NYK,0.0,415.85,,446,,,1
422,Kobe Brown,F,IND,0.0,416.18,,447,,,1
423,Clint Capela,C,HOU,0.0,416.51,,448,223,6.9,1
424,Khris Middleton,F,WAS,0.0,416.52,336,580,203,8.4,2
425,Svi Mykhailiuk,"G,F",UTA,0.0,416.84,,449,,,1
426,Stanley Umude,G,SAS,0.0,418.16,,453,,,1
427,Tre Donaldson,G,MIA,0.0,418.49,,454,,,1
428,Adou Thiero,F,LAL,0.0,418.82,,455,,,1
429,Jahmir Young,G,MIA,0.0,419.48,,457,,,1
430,Craig Porter Jr.,G,CLE,0.0,419.81,,458,,,1
431,Julian Strawther,"G,F",DEN,0.0,420.32,320,624,,,2
432,Marcus Smart,G,HOU,0.0,420.97,319,628,222,6.9,2
433,Luke Travers,F,CLE,0.0,421.13,,462,305,1.7,1
434,Tre Mann,G,WAS,0.0,421.58,380,506,,,2
435,Precious Achiuwa,"F,C",SAC,0.0,421.7,326,616,246,5.2,2
436,Kam Jones,"G,F",MIL,0.0,422.45,,466,,,1
437,Bones Hyland,G,MIN,0.0,422.55,312,647,297,2.1,2
438,James Johnson,F,IND,0.0,423.11,,468,,,1
439,Grant Williams,"F,C",CHA,0.0,423.88,313,649,264,4.1,2
440,Dean Wade,F,PHI,0.0,424.6,352,572,,,2
441,Henri Veesaar,C,ATL,0.0,425.98,259,,,,1
442,Trayce Jackson-Davis,C,TOR,0.0,427.38,399,485,245,5.3,2
443,Ja'Kobi Gillespie,G,SAS,0.0,427.4,,481,,,1
444,Dennis Schröder,G,CHA,0.0,427.53,315,656,140,14.6,2
445,Tobi Lawal,F,DAL,0.0,427.73,,482,,,1
446,Corey Kispert,"G,F",ATL,0.0,427.79,374,537,273,3.5,2
447,Kevin Huerter,"G,F",DET,0.0,427.88,350,586,227,6.6,2
448,Jaron Pierre Jr.,G,NOP,0.0,428.66,263,,,,1
449,Jonathan Mogbo,"F,C",SAC,0.0,429.71,,488,,,1
450,Koby Brea,G,PHX,0.0,430.7,,491,,,1
451,Bronny James,G,LAL,0.0,431.58,357,583,,,2
452,Bismack Biyombo,C,SAS,0.0,432.35,,496,,,1
453,Cole Anthony,G,PHX,0.0,433.3,397,507,225,6.7,2
454,Marvin Bagley III,"F,C",DEN,0.0,433.61,329,646,235,6.0,2
455,Moritz Wagner,C,BKN,0.0,433.96,331,643,288,2.6,2
456,Jalen Wilson,F,ATL,0.0,434.66,,503,,,1
457,Keaton Wallace,G,ATL,0.0,435.32,,505,,,1
458,Alondes Williams,"G,F",WAS,0.0,438.29,,514,,,1
459,Duncan Robinson,"G,F",DET,0.0,440.08,316,692,224,6.8,2
460,Bobi Klintman,F,DET,0.0,440.27,,520,234,6.1,1
461,Josh Green,"G,F",UTA,0.0,440.59,400,523,,,2
462,Brook Lopez,C,LAC,0.0,442.34,344,642,167,11.7,2
463,Izaiyah Nelson,F,ORL,0.0,442.73,284,,,,1
464,Dominick Barlow,"F,C",PHI,0.0,443.59,370,593,,,2
465,Ben Sheppard,"G,F",IND,0.0,443.65,343,648,,,2
466,Bogdan Bogdanović,"G,F",HOU,0.0,443.9,,531,238,5.8,1
467,Pacôme Dadiet,"G,F",NYK,0.0,444.56,,533,,,1
468,Ziaire Williams,"G,F",LAL,0.0,445.38,351,637,,,2
469,Jonathan Isaac,"F,C",ORL,0.0,445.41,387,564,278,3.2,2
470,Tyler Smith,F,DAL,0.0,446.21,,538,,,1
471,Nick Richards,C,MIA,0.0,446.54,,539,242,5.5,1
472,Chris Boucher,"F,C",UTA,0.0,446.87,,540,,,1
473,Steven Adams,C,HOU,0.0,447.3,345,655,,,2
474,Kevin Love,"F,C",UTA,0.0,447.53,,542,,,1
475,Isaac Okoro,"G,F",CHI,0.0,447.74,356,634,,,2
476,Royce O'Neale,F,CHA,0.0,447.84,333,681,198,8.8,2
477,Trey Lyles,F,MIN,0.0,447.86,,543,,,1
478,Zeke Nnaji,"F,C",DEN,0.0,448.19,,544,,,1
479,Johnny Juzang,"G,F",MIN,0.0,449.18,,547,,,1
480,Jaden Hardy,"G,F",LAL,0.0,449.25,375,600,,,2
481,Harrison Barnes,F,SAS,0.0,449.44,328,696,229,6.4,2
482,Jamal Cain,"G,F",ORL,0.0,449.51,,548,,,1
483,Ariel Hukporti,C,PHI,0.0,449.84,,549,281,3.0,1
484,Bruce Brown,G,NYK,0.0,450.1,361,631,275,3.4,2
485,Garrett Temple,G,TOR,0.0,450.17,,550,,,1
486,Klay Thompson,"G,F",MIA,0.0,450.64,349,657,174,11.0,2
487,A.J. Lawson,"G,F",TOR,0.0,450.83,,552,,,1
488,Seth Curry,G,GSW,0.0,451.49,,554,,,1
489,PJ Hall,C,CHA,0.0,452.48,,557,,,1
490,Aaron Holiday,G,HOU,0.0,452.81,,558,,,1
491,Nicolas Batum,F,LAC,0.0,453.47,,560,,,1
492,Dillon Jones,F,PHI,0.0,453.8,,561,,,1
493,Dwight Powell,C,DAL,0.0,454.13,,562,,,1
494,Jaxson Hayes,C,UTA,0.0,455.57,347,676,,,2
495,Jabari Walker,F,PHI,0.0,455.78,,567,,,1
496,Jose Alvarado,G,NYK,0.0,455.84,341,689,298,2.0,2
497,Cody Martin,"G,F",IND,0.0,456.11,,568,,,1
498,Jeremiah Robinson-Earl,F,DAL,0.0,456.44,,569,,,1
499,Gary Harris,"G,F",DET,0.0,457.1,,571,,,1
500,Trey Jemison III,"F,C",TOR,0.0,457.76,,573,,,1
501,Blake Wesley,G,LAC,0.0,458.09,,574,,,1
502,Killian Hayes,G,SAC,0.0,458.41,334,711,,,2
503,Georges Niang,F,GSW,0.0,458.42,,575,,,1
504,Buddy Hield,"G,F",CHI,0.0,458.52,378,622,204,8.3,2
505,Monté Morris,G,IND,0.0,459.08,,577,,,1
506,Duop Reath,"F,C",PHX,0.0,459.41,,578,,,1
507,Buddy Boeheim,F,OKC,0.0,460.4,,581,,,1
508,Taurean Prince,F,DET,0.0,461.72,,585,296,2.2,1
509,Joe Ingles,F,MIN,0.0,462.38,,587,,,1
510,E.J. Liddell,"F,C",BKN,0.0,462.71,,588,,,1
511,Dalano Banton,G,BOS,0.0,463.37,,590,,,1
512,JD Davison,G,ORL,0.0,464.69,,594,,,1
513,Jeff Green,"F,C",HOU,0.0,465.35,,596,,,1
514,Jordan Clarkson,"G,F",NYK,0.0,465.58,391,617,207,8.1,2
515,Taj Gibson,C,MEM,0.0,466.01,,598,,,1
516,Garrison Mathews,"G,F",IND,0.0,468.32,,605,,,1
517,Amir Coffey,"G,F",PHX,0.0,468.65,,606,,,1
518,Luka Garza,C,BOS,0.0,468.95,398,613,,,2
519,Dario Šarić,"F,C",DET,0.0,468.98,,607,,,1
520,Bryce McGowens,"G,F",NOP,0.0,471.29,,614,,,1
521,Caleb Martin,F,DAL,0.0,471.62,,615,290,2.5,1
522,Dariq Whitehead,F,MEM,0.0,472.52,392,636,,,2
523,T.J. McConnell,G,IND,0.0,472.61,368,685,182,10.2,2
524,Kris Dunn,G,LAC,0.0,472.84,358,706,239,5.7,2
525,Markelle Fultz,G,TOR,0.0,472.94,,619,,,1
526,KJ Simpson,G,DEN,0.0,473.27,,620,,,1
527,Jonas Valančiūnas,C,DEN,0.0,473.6,,621,200,8.7,1
528,Nick Smith Jr.,G,LAL,0.0,474.92,,625,,,1
529,DeAndre Jordan,C,NOP,0.0,476.24,,629,,,1
530,Terance Mann,"G,F",BKN,0.0,476.57,,630,262,4.2,1
531,Caleb Love,G,PHI,0.0,476.9,335,,,,1
532,Kris Murray,"G,F",MEM,0.0,480.15,396,651,,,2
533,James Wiseman,C,NYK,0.0,481.19,,644,,,1
534,Nae'Qwan Tomlin,F,CLE,0.0,481.59,342,,,,1
535,AJ Green,"G,F",MIL,0.0,483.47,365,724,,,2
536,Matisse Thybulle,"G,F",LAL,0.0,484.03,388,679,,,2
537,Kentavious Caldwell-Pope,"G,F",PHI,0.0,484.16,,653,258,4.4,1
538,Jarred Vanderbilt,"F,C",LAL,0.0,484.49,,654,,,1
539,Jett Howard,"G,F",DAL,0.0,486.14,,659,,,1
540,Malaki Branham,"G,F",ORL,0.0,486.8,,661,,,1
541,Jordan Goodwin,G,PHX,0.0,487.33,355,756,,,2
542,Caleb Houstan,F,NOP,0.0,488.12,,665,,,1
543,Ochai Agbaji,"G,F",NYK,0.0,488.45,,666,,,1
544,Dalen Terry,"G,F",GSW,0.0,488.78,,667,,,1
545,Landry Shamet,"G,F",NYK,0.0,488.96,353,,,,1
546,Ben Simmons,G,SAC,0.0,489.11,,668,272,3.6,1
547,Dorian Finney-Smith,F,ATL,0.0,489.77,,670,306,1.6,1
548,Russell Westbrook,G,SAC,0.0,490.1,,671,191,9.4,1
549,Kelly Olynyk,"F,C",SAS,0.0,490.43,,672,250,5.0,1
550,Rayan Rupert,"G,F",PHI,0.0,491.09,,674,,,1
551,Josh Okogie,"G,F",UTA,0.0,491.42,,675,,,1
552,Kyle Anderson,F,TOR,0.0,493.07,,680,283,2.9,1
553,Mike Conley,G,BOS,0.0,493.73,,682,231,6.3,1
554,Thomas Bryant,C,CLE,0.0,494.06,,683,,,1
555,Larry Nance Jr.,"F,C",IND,0.0,494.39,,684,,,1
556,Jock Landale,C,ATL,0.0,494.98,394,700,,,2
557,David Roddy,F,DEN,0.0,495.38,,687,,,1
558,Al Horford,"F,C",GSW,0.0,497.69,,694,211,7.8,1
559,Eric Gordon,"G,F",MEM,0.0,498.02,,695,,,1
560,Andre Jackson Jr.,"G,F",TOR,0.0,499.01,,698,,,1
561,Jericho Sims,"F,C",MIL,0.0,500.0,,701,,,1
562,Tim Hardaway Jr.,"G,F",MIA,0.0,500.14,382,740,302,1.8,2
563,Drew Eubanks,C,NYK,0.0,500.66,,703,,,1
564,Haywood Highsmith,F,PHX,0.0,501.47,383,742,,,2
565,Colby Jones,"G,F",DET,0.0,502.31,,708,276,3.3,1
566,Will Richard,"G,F",GSW,0.0,502.36,373,,,,1
567,Mason Plumlee,C,SAS,0.0,502.64,,709,300,1.9,1
568,Jevon Carter,G,ORL,0.0,502.97,,710,,,1
569,TyTy Washington Jr.,G,LAC,0.0,503.96,,713,,,1
570,Patrick Baldwin Jr.,F,SAC,0.0,504.62,,715,,,1
571,Olivier-Maxence Prosper,"F,C",MEM,0.0,504.87,393,732,,,2
572,KJ Martin,F,MIN,0.0,504.95,,716,,,1
573,Mo Bamba,C,UTA,0.0,505.28,,717,,,1
574,Pat Connaughton,"G,F",CHA,0.0,505.61,,718,,,1
575,Jalen Slawson,F,IND,0.0,507.92,,725,,,1
576,John Konchar,"G,F",NYK,0.0,508.91,,728,,,1
577,Charles Bassey,C,GSW,0.0,509.57,,730,,,1
578,Jae'Sean Tate,"G,F",HOU,0.0,510.56,,733,,,1
579,Maxi Kleber,"F,C",LAL,0.0,511.55,,736,,,1
580,Lonnie Walker IV,G,DEN,0.0,511.88,,737,,,1
581,Xavier Tillman,"F,C",CHA,0.0,512.21,,738,,,1
582,Gabe Vincent,G,ATL,0.0,513.2,,741,,,1
583,Isaiah Livers,F,PHX,0.0,513.86,,743,,,1
584,Kevon Looney,"F,C",LAL,0.0,514.85,,746,,,1
585,MarJon Beauchamp,"G,F",PHI,0.0,515.51,,748,,,1
586,Jalen Pickett,G,LAC,0.0,516.17,,750,,,1
587,Orlando Robinson,C,CHI,0.0,516.5,,751,,,1
588,Ömer Yurtseven,C,GSW,0.0,516.83,,752,,,1
589,Gary Payton II,"G,F",GSW,0.0,517.16,,753,,,1
590,Jordan McLaughlin,G,SAS,0.0,518.48,,757,,,1
591,Simone Fontecchio,F,MIA,0.0,519.47,,760,,,1
592,Kenrich Williams,"F,C",OKC,0.0,520.13,,762,,,1
593,Sidy Cissoko,F,POR,0.0,520.46,,763,,,1
594,Anthony Gill,"F,C",WAS,0.0,520.79,,764,,,1
595,Micah Potter,"F,C",POR,,,,,,,0
596,Quenton Jackson,G,IND,,,,,,,0
