combined_rank,player,pos,team,value,blended_score,hkb_rank,current_rank,current_value,sp_rank,rp_rank,sources_matched,level,prospect_rank
1,Shohei Ohtani,"UT,SP",LAD,100.0,1.0,1,1,100.0,,,1,MLB,
2,Bobby Witt Jr.,SS,KC,86.8,2.0,2,3,79.4,,,1,MLB,
3,Junior Caminero,3B,TB,79.4,3.0,3,6,67.2,,,1,MLB,
4,Pete Crow-Armstrong,OF,CHC,74.2,4.0,4,5,70.3,,,1,MLB,
5,Elly De La Cruz,SS,CIN,70.3,5.0,5,12,55.7,,,1,MLB,
6,James Wood,OF,WSH,67.2,6.0,6,24,44.8,,,1,MLB,
7,Juan Soto,OF,NYM,64.6,7.0,7,27,43.0,,,1,MLB,
8,Jacob Misiorowski,SP,MIL,62.4,8.0,8,8,62.4,,,1,MLB,
9,Nick Kurtz,1B,ATH,60.4,9.0,9,142,19.4,,,1,MLB,
10,Jackson Chourio,OF,MIL,58.7,10.0,10,26,43.6,,,1,MLB,
11,Yordan Alvarez,OF,HOU,57.1,11.0,11,2,86.8,,,1,MLB,
12,Paul Skenes,SP,PIT,55.7,13.0,13,38,37.9,,,1,MLB,
13,Corbin Carroll,OF,ARI,54.4,14.0,14,13,54.4,,,1,MLB,
14,Kevin McGonigle,"3B,SS",DET,53.2,15.0,15,42,36.4,,,1,MLB,
15,Cam Schlittler,SP,NYY,52.1,16.0,16,25,44.2,,,1,MLB,
16,Tarik Skubal,SP,DET,51.1,17.0,17,10,58.7,,,1,MLB,
17,CJ Abrams,"2B,SS",WSH,50.2,18.0,18,23,45.5,,,1,MLB,
18,Yoshinobu Yamamoto,SP,LAD,49.3,19.0,19,17,50.2,,,1,MLB,
19,Ben Rice,"C,1B",NYY,48.4,20.0,20,31,40.9,,,1,MLB,
20,Chase Burns,"SP,RP",CIN,47.6,21.0,21,66,29.9,,,1,MLB,
21,Julio Rodriguez,OF,SEA,46.9,22.0,22,,,,,1,MLB,
22,Ronald Acuna Jr.,OF,ATL,46.1,23.0,23,9,60.4,,,1,MLB,
23,Aaron Judge,OF,NYY,45.5,24.0,24,138,19.8,,,1,MLB,
24,Fernando Tatis Jr.,"2B,OF",SD,44.8,25.0,25,4,74.2,,,1,MLB,
25,JJ Wetherholt,"2B,SS",STL,44.2,26.0,26,165,17.4,,,1,MLB,
26,Sal Stewart,"1B,2B,3B",CIN,43.6,27.0,27,21,46.9,,,1,MLB,
27,Cristopher Sanchez,SP,PHI,43.0,28.0,28,14,53.2,,,1,MLB,
28,Drake Baldwin,C,ATL,42.5,29.0,29,94,25.0,,,1,MLB,
29,Jordan Walker,OF,STL,41.9,30.0,30,45,35.4,,,1,MLB,
30,Gunnar Henderson,SS,BAL,41.4,32.0,32,37,38.3,,,1,MLB,
31,Kade Anderson,SP,SEA,40.9,33.0,33,215,14.0,,,1,MLB,
32,Brice Turang,2B,MIL,40.5,34.0,34,67,29.7,,,1,MLB,
33,Roman Anthony,OF,BOS,40.0,35.0,35,150,18.7,,,1,MLB,
34,Garrett Crochet,SP,BOS,39.6,36.0,36,320,8.9,,,1,MLB,
35,Nolan McLean,SP,NYM,39.1,37.0,37,52,33.3,,,1,MLB,
36,Eury Perez,SP,MIA,38.7,38.0,38,112,22.6,,,1,MLB,
37,Leo De Vries,SS,SD/ATH,38.3,39.0,39,,,,,1,AA,1
38,Vladimir Guerrero Jr.,1B,TOR,37.9,40.0,40,63,30.6,,,1,MLB,
39,Wyatt Langford,OF,TEX,37.5,41.0,41,73,28.5,,,1,MLB,
40,Jac Caglianone,"1B,OF",KC,37.1,42.0,42,68,29.5,,,1,MLB,
41,Payton Tolle,"SP,RP",BOS,36.8,43.0,43,86,26.2,,,1,MLB,
42,Bryan Woo,SP,SEA,36.4,44.0,44,48,34.5,,,1,MLB,
43,Jose Ramirez,3B,CLE,36.1,45.0,45,15,52.1,,,1,MLB,
44,Hunter Brown,SP,HOU,35.8,46.0,46,92,25.3,,,1,MLB,
45,Mason Miller,RP,ATH/SD,35.4,47.0,47,19,48.4,,1,1,MLB,
46,Munetaka Murakami,"1B,3B",CHW,35.1,48.0,48,95,24.8,,,1,MLB,
47,Josue De Paula,OF,LAD,34.8,49.0,49,,,,,1,MLB,
48,Riley Greene,OF,DET,34.5,50.0,50,105,23.5,,,1,MLB,
49,Dylan Cease,SP,SD,34.2,51.0,51,28,42.5,,,1,MLB,
50,Jackson Merrill,OF,SD,33.9,52.0,52,33,40.0,,,1,MLB,
51,Kyle Schwarber,"1B,OF",PHI,33.6,53.0,53,11,57.1,,,1,MLB,
52,Sammy Hernandez,C,STL,33.3,54.0,54,,,,,1,A+,2
53,Samuel Basallo,"C,1B",BAL,33.1,55.0,55,264,11.3,,,1,MLB,
54,Trey Yesavage,SP,TOR,32.8,56.0,56,231,13.0,,,1,MLB,
55,Michael Harris II,OF,ATL,32.5,57.0,57,47,34.8,,,1,MLB,
56,Oneil Cruz,OF,PIT,32.3,58.0,58,76,27.9,,,1,MLB,
57,Zach Neto,SS,LAA,32.0,58.0,58,64,30.4,,,1,MLB,
58,Matt Olson,1B,ATL,31.8,60.0,60,20,47.6,,,1,MLB,
59,Logan Gilbert,SP,SEA,31.5,61.0,61,46,35.1,,,1,MLB,
60,Bryce Eldridge,1B,SF,31.3,62.0,62,173,16.8,,,1,MLB,
61,Hunter Goodman,C,COL,31.0,63.0,63,59,31.5,,,1,MLB,
62,Travis Bazzana,2B,CLE,30.8,64.0,64,180,16.3,,,1,MLB,
63,Shea Langeliers,C,ATH,30.6,65.0,65,,,,,1,MLB,
64,Gavin Williams,SP,CLE,30.4,66.0,66,61,31.0,,,1,MLB,
65,Hunter Greene,SP,CIN,30.1,67.0,67,,,,,1,MLB,
66,Eli Willits,SS,WSH,29.9,68.0,68,,,,,1,AA,3
67,Max Clark,OF,DET,29.7,69.0,69,283,10.5,,,1,MLB,
68,Kyle Tucker,OF,CHC,29.5,70.0,70,72,28.7,,,1,MLB,
69,Jesus Luzardo,SP,PHI,29.3,71.0,71,43,36.1,,,1,MLB,
70,Logan Webb,SP,SF,29.1,72.0,72,89,25.7,,,1,MLB,
71,Kyle Harrison,"SP,RP",SF/BOS,28.9,73.0,73,121,21.6,,,1,MLB,
72,Joe Ryan,SP,MIN,28.7,74.0,74,135,20.1,,,1,MLB,
73,Parker Messick,SP,CLE,28.5,75.0,75,91,25.4,,,1,MLB,
74,Andy Pages,OF,LAD,28.3,76.0,76,250,12.0,,,1,MLB,
75,Bryce Harper,"1B,OF",PHI,28.1,77.0,77,29,41.9,,,1,MLB,
76,Tyler Soderstrom,"1B,OF",ATH,27.9,78.0,78,225,13.4,,,1,MLB,
77,Max Fried,SP,NYY,27.8,79.0,79,60,31.3,,,1,MLB,
78,Pete Alonso,1B,NYM,27.6,80.0,80,35,39.1,,,1,MLB,
79,Miguel Vargas,"1B,3B",CHW,27.4,81.0,81,49,34.2,,,1,MLB,
80,George Kirby,SP,SEA,27.2,82.0,82,83,26.7,,,1,MLB,
81,Jazz Chisholm Jr.,"2B,3B",NYY,27.1,83.0,83,71,28.9,,,1,MLB,
82,Logan Henderson,SP,MIL,26.9,84.0,84,103,23.7,,,1,MLB,
83,Franklin Arias,SS,BOS,26.7,85.0,85,,,,,1,AAA,4
84,Ketel Marte,2B,ARI,26.5,86.0,86,39,37.5,,,1,MLB,
85,Colt Emerson,"3B,SS",SEA,26.4,87.0,87,,,,,1,MLB,
86,Carson Benge,OF,NYM,26.2,88.0,88,90,25.6,,,1,MLB,
87,Colson Montgomery,"3B,SS",CHW,26.1,89.0,89,152,18.5,,,1,MLB,
88,Rafael Devers,1B,BOS/SF,25.9,91.0,91,54,32.8,,,1,MLB,
89,Chase DeLauter,OF,CLE,25.7,92.0,92,147,18.9,,,1,MLB,
90,William Contreras,C,MIL,25.6,93.0,93,104,23.6,,,1,MLB,
91,Francisco Lindor,SS,NYM,25.4,94.0,94,70,29.1,,,1,MLB,
92,Braxton Ashcraft,"SP,RP",PIT,25.3,96.0,96,100,24.1,,,1,MLB,
93,Carter Jensen,C,KC,25.1,96.0,96,287,10.3,,,1,MLB,
94,Otto Lopez,"2B,SS",MIA,25.0,99.0,99,58,31.8,,,1,MLB,
95,Maikel Garcia,"2B,3B,SS,OF",KC,24.8,100.0,100,,,,,1,MLB,
96,Bryce Miller,SP,SEA,24.7,101.0,101,128,20.8,,,1,MLB,
97,Cal Raleigh,C,SEA,24.6,102.0,102,123,21.3,,,1,MLB,
98,Ryan Sloan,SP,SEA,24.4,103.0,103,,,,,1,AA,5
99,Connelly Early,SP,BOS,24.3,104.0,104,296,9.9,,,1,MLB,
100,A.J. Ewing,OF,NYM,24.1,105.0,105,190,15.6,,,1,MLB,
101,Dillon Dingler,C,DET,24.0,107.0,107,162,17.7,,,1,MLB,
102,Edward Florentino,OF,PIT,23.9,108.0,108,,,,,1,A+,6
103,Bubba Chandler,SP,PIT,23.7,109.0,109,310,9.3,,,1,MLB,
104,Spencer Schwellenbach,SP,ATL,23.6,110.0,110,,,,,1,MLB,
105,Luis Pena,"2B,SS",MIL,23.5,111.0,111,,,,,1,AA,7
106,Theo Gillen,OF,TB,23.3,112.0,112,,,,,1,AA,8
107,Rainiel Rodriguez,C,STL,23.2,113.0,113,,,,,1,AA,9
108,Jackson Holliday,"2B,SS",BAL,23.1,115.0,115,208,14.4,,,1,MLB,
109,Byron Buxton,OF,MIN,23.0,116.0,116,143,19.3,,,1,MLB,
110,Jeremy Pena,SS,HOU,22.8,116.0,116,85,26.4,,,1,MLB,
111,Geraldo Perdomo,SS,ARI,22.7,118.0,118,102,23.9,,,1,MLB,
112,Braden Montgomery,OF,CHW,22.6,119.0,119,367,7.2,,,1,MLB,
113,Ivan Herrera,C,STL,22.5,120.0,120,157,18.1,,,1,MLB,
114,Max Meyer,SP,MIA,22.4,121.0,121,,,,,1,MLB,
115,Adley Rutschman,C,BAL,22.2,122.0,122,214,14.0,,,1,MLB,
116,Cody Bellinger,"1B,OF",NYY,22.1,124.0,124,80,27.2,,,1,MLB,
117,Chris Sale,SP,ATL,22.0,125.0,125,16,51.1,,,1,MLB,
118,Jonathan Aranda,1B,TB,21.9,126.0,126,117,22.0,,,1,MLB,
119,Charlie Condon,"1B,OF",COL,21.8,127.0,127,,,,,1,AAA,10
120,Thomas White,SP,MIA,21.7,128.0,128,,,,,1,AAA,11
121,Shane McClanahan,SP,TB,21.6,129.0,129,216,13.9,,,1,MLB,
122,Drew Rasmussen,SP,TB,21.4,130.0,130,56,32.3,,,1,MLB,
123,Jhoan Duran,RP,MIN/PHI,21.3,131.0,131,34,39.6,,3,1,MLB,
124,Joshua Baez,OF,STL,21.2,132.0,132,201,14.8,,,1,MLB,
125,Xavier Edwards,"2B,SS",MIA,21.1,132.0,132,195,15.2,,,1,MLB,
126,Cole Ragans,SP,KC,21.0,134.0,134,,,,,1,MLB,
127,Ryan Waldschmidt,OF,ARI,20.9,135.0,135,316,9.1,,,1,MLB,
128,Troy Melton,"SP,RP",DET,20.8,136.0,136,183,16.1,,,1,MLB,
129,Zack Wheeler,SP,PHI,20.7,137.0,137,18,49.3,,,1,MLB,
130,Bo Bichette,"3B,SS",TOR,20.6,138.0,138,122,21.4,,,1,MLB,
131,Robby Snelling,SP,MIA,20.5,138.0,138,,,,,1,MLB,
132,Jackson Jobe,SP,DET,20.4,140.0,140,,,,,1,MLB,
133,Ceddanne Rafaela,"2B,OF",BOS,20.3,141.0,141,82,26.9,,,1,MLB,
134,Wilyer Abreu,OF,BOS,20.2,143.0,143,93,25.1,,,1,MLB,
135,Nico Hoerner,"2B,SS",CHC,20.1,144.0,144,141,19.5,,,1,MLB,
136,Jacob Wilson,SS,ATH,20.0,145.0,145,266,11.3,,,1,MLB,
137,Spencer Strider,SP,ATL,19.9,146.0,146,344,8.0,,,1,MLB,
138,Jose Soriano,SP,LAA,19.8,148.0,148,130,20.6,,,1,MLB,
139,Sandy Alcantara,SP,MIA,19.7,149.0,149,161,17.7,,,1,MLB,
140,Noah Schultz,SP,CHW,19.6,150.0,150,,,,,1,MLB,
141,Luis Garcia Jr.,"1B,2B",WSH,19.5,151.0,151,,,,,1,MLB,
142,Reid Detmers,"SP,RP",LAA,19.4,151.0,151,115,22.2,,,1,MLB,
143,Sam Antonacci,"2B,3B,SS,OF",CHW,19.3,153.0,153,148,18.9,,,1,MLB,
144,Cade Smith,RP,CLE,19.2,154.0,154,41,36.8,,4,1,MLB,
145,Dylan Crews,OF,WSH,19.1,155.0,155,306,9.5,,,1,MLB,
146,Anthony Eyanson,SP,BOS,19.0,156.0,156,,,,,1,AA,12
147,Caleb Bonemer,"3B,SS",CHW,18.9,157.0,157,,,,,1,AA,13
148,Emerson Hancock,"SP,RP",SEA,18.9,158.0,158,221,13.6,,,1,MLB,
149,Cade Horton,SP,CHC,18.8,159.0,159,,,,,1,MLB,
150,Enmanuel Valdez,"1B,2B,3B",PIT,18.7,160.0,160,246,12.2,,,1,MLB,
151,Cam Smith,OF,HOU,18.6,161.0,161,301,9.7,,,1,MLB,
152,Mike Sirota,OF,LAD,18.5,161.0,161,,,,,1,AAA,14
153,Mookie Betts,SS,LAD,18.4,163.0,163,51,33.6,,,1,MLB,
154,Austin Riley,3B,ATL,18.3,164.0,164,118,21.9,,,1,MLB,
155,Kazuma Okamoto,"1B,3B",TOR,18.2,166.0,166,124,21.2,,,1,MLB,
156,Kendry Chourio,SP,KC,18.2,168.0,168,,,,,1,A+,15
157,Freddy Peralta,SP,MIL,18.1,169.0,169,200,14.9,,,1,MLB,
158,Kaelen Culpepper,SS,MIN,18.0,170.0,170,284,10.4,,,1,MLB,
159,Luke Keaschall,"2B,OF",MIN,17.9,171.0,171,164,17.5,,,1,MLB,
160,Roki Sasaki,SP,LAD,17.8,172.0,172,233,12.9,,,1,MLB,
161,Freddie Freeman,1B,LAD,17.7,173.0,173,30,41.4,,,1,MLB,
162,Alec Burleson,"1B,OF",STL,17.7,174.0,174,55,32.5,,,1,MLB,
163,Randy Arozarena,OF,SEA,17.6,175.0,175,32,40.5,,,1,MLB,
164,Trea Turner,SS,PHI,17.5,176.0,176,40,37.1,,,1,MLB,
165,Josuar Gonzalez,SS,SF,17.4,178.0,178,,,,,1,A,16
166,Taj Bradley,SP,TB/MIN,17.3,179.0,179,171,17.0,,,1,MLB,
167,Tyler Glasnow,SP,LAD,17.3,180.0,180,74,28.3,,,1,MLB,
168,Michael Busch,1B,CHC,17.2,181.0,181,204,14.7,,,1,MLB,
169,Corey Seager,SS,TEX,17.1,182.0,182,96,24.7,,,1,MLB,
170,Alfredo Duno,C,CIN,17.0,183.0,183,,,,,1,AA,17
171,Seiya Suzuki,"OF,UT",CHC,17.0,183.0,183,57,32.0,,,1,MLB,
172,Ozzie Albies,2B,ATL,16.9,185.0,185,81,27.1,,,1,MLB,
173,Emmet Sheehan,SP,LAD,16.8,186.0,186,196,15.2,,,1,MLB,
174,Grady Emerson,SS,TB,16.7,187.0,187,,,,,1,A,18
175,Roch Cholowsky,SS,CHW,16.6,188.0,188,,,,,1,A+,19
176,Jackson Flora,SP,SF,16.6,190.0,190,,,,,1,AA,20
177,MacKenzie Gore,SP,WSH,16.5,191.0,191,160,17.8,,,1,MLB,
178,Cole Carrigg,"SS,OF",COL,16.4,192.0,192,153,18.4,,,1,MLB,
179,Didier Fuentes,"SP,RP",ATL,16.4,193.0,193,281,10.6,,15,1,MLB,
180,Kyle Bradish,SP,BAL,16.3,193.0,193,170,17.0,,,1,MLB,
181,Josh Naylor,1B,ARI/SEA,16.2,196.0,196,77,27.8,,,1,MLB,
182,Mike Trout,"OF,UT",LAA,16.1,197.0,197,98,24.4,,,1,MLB,
183,Cole Young,"2B,SS",SEA,16.1,198.0,198,270,11.1,,,1,MLB,
184,Michael King,SP,SD,16.0,199.0,199,140,19.6,,,1,MLB,
185,Kyle Stowers,"1B,OF",MIA,15.9,200.0,200,218,13.8,,,1,MLB,
186,Aidan Miller,SS,PHI,15.9,201.0,201,,,,,1,AA,21
187,Casey Mize,SP,DET,15.8,201.0,201,155,18.2,,,1,MLB,
188,Ranger Suarez,SP,PHI,15.7,203.0,203,159,17.9,,,1,MLB,
189,Blake Snell,SP,LAD,15.6,204.0,204,36,38.7,,,1,MLB,
190,Jacob deGrom,SP,TEX,15.6,205.0,205,22,46.1,,,1,MLB,
191,Vinnie Pasquantino,1B,KC,15.5,206.0,206,156,18.2,,,1,MLB,
192,Cam Caminiti,SP,ATL,15.4,207.0,207,,,,,1,AA,22
193,Andrew Painter,SP,PHI,15.4,209.0,209,,,,,1,MLB,
194,Travis Sykora,SP,WSH,15.3,210.0,210,,,,,1,ROK,23
195,Justin Wrobleski,"SP,RP",LAD,15.2,211.0,211,280,10.6,,,1,MLB,
196,Grant Taylor,"SP,RP",CHW,15.2,212.0,212,119,21.8,,29,1,MLB,
197,Daylen Lile,OF,WSH,15.1,213.0,213,145,19.1,,,1,MLB,
198,Lazaro Montes,OF,SEA,15.0,214.0,214,,,,,1,MLB,
199,Josh Hader,RP,HOU,15.0,216.0,216,79,27.4,,2,1,MLB,
200,Jarren Duran,OF,BOS,14.9,217.0,217,172,16.9,,,1,MLB,
201,Ethan Salas,C,SD,14.8,219.0,219,,,,,1,MLB,
202,Luis Hernandez,C,PHI,14.8,220.0,220,,,,,1,A,24
203,JoJo Parker,SS,TOR,14.7,221.0,221,,,,,1,A+,25
204,Ryan Weathers,SP,MIA,14.7,222.0,222,,,,,1,MLB,
205,Gage Wood,SP,PHI,14.6,223.0,223,,,,,1,AA,26
206,Cade Cavalli,SP,WSH,14.5,224.0,224,109,23.0,,,1,MLB,
207,Dalton Rushing,"C,1B",LAD,14.5,225.0,225,,,,,1,MLB,
208,Liam Doyle,SP,STL,14.4,226.0,226,,,,,1,AA,27
209,Henry Bolte,OF,ATH,14.3,227.0,227,226,13.3,,,1,MLB,
210,Tanner Bibee,SP,CLE,14.3,228.0,228,278,10.7,,,1,MLB,
211,Bryan Reynolds,OF,PIT,14.2,229.0,229,75,28.1,,,1,MLB,
212,Kyle Teel,C,CHW,14.2,229.0,229,,,,,1,MLB,
213,Brandon Lowe,2B,TB,14.1,231.0,231,107,23.2,,,1,MLB,
214,Will Smith,C,LAD,14.0,231.0,231,311,9.3,,,1,MLB,
215,Gerrit Cole,SP,NYY,14.0,234.0,234,62,30.8,,,1,MLB,
216,Zack Gelof,"2B,3B,OF",ATH,13.9,235.0,235,209,14.3,,,1,MLB,
217,Jasson Dominguez,OF,NYY,13.9,236.0,236,354,7.7,,,1,MLB,
218,Andres Munoz,RP,SEA,13.8,237.0,237,65,30.1,,13,1,MLB,
219,Brent Rooker,"OF,UT",ATH,13.7,238.0,238,,,,,1,MLB,
220,Gabriel Moreno,C,ARI,13.7,239.0,239,101,24.0,,,1,MLB,
221,Andrew Fischer,3B,MIL,13.6,242.0,242,,,,,1,AA,28
222,Nick Lodolo,SP,CIN,13.6,245.0,245,,,,,1,MLB,
223,Manny Machado,3B,SD,13.5,246.0,246,88,25.9,,,1,MLB,
224,Liam Hicks,"C,1B",MIA,13.4,247.0,247,243,12.4,,,1,MLB,
225,Alex Bregman,3B,BOS,13.4,249.0,249,106,23.3,,,1,MLB,
226,Karson Milbrandt,SP,MIA,13.3,250.0,250,,,,,1,AAA,29
227,Drew Burress,OF,ATH,13.3,251.0,251,,,,,1,A,30
228,Shota Imanaga,SP,CHC,13.2,251.0,251,111,22.7,,,1,MLB,
229,Michael Arroyo,"2B,OF",SEA,13.2,253.0,253,,,,,1,MLB,
230,AJ Gracia,OF,ATL,13.1,254.0,254,,,,,1,ROK,31
231,Derek Curiel,OF,PIT,13.0,254.0,254,,,,,1,ROK,32
232,Tyler Bell,SS,COL,13.0,254.0,254,,,,,1,,
233,Luis Arraez,"1B,2B",SD,12.9,258.0,258,120,21.7,,,1,MLB,
234,Angel Genao,"2B,3B,SS",CLE,12.9,259.0,259,,,,,1,MLB,
235,Emil Morales,SS,LAD,12.8,260.0,260,,,,,1,A+,33
236,Sean Burke,"SP,RP",CHW,12.8,260.0,260,146,19.0,,,1,MLB,
237,Jordan Lawlar,"2B,3B,SS,OF",ARI,12.7,265.0,265,355,7.6,,,1,MLB,
238,Corbin Burnes,SP,ARI,12.7,266.0,266,265,11.3,,,1,MLB,
239,Jake Bennett,SP,WSH,12.6,266.0,266,179,16.4,,,1,MLB,
240,Hagen Smith,"SP,RP",CHW,12.6,268.0,268,,,,49,1,MLB,
241,Willson Contreras,1B,STL,12.5,269.0,269,206,14.5,,,1,MLB,
242,Jamie Arnold,SP,ATH,12.5,270.0,270,,,,,1,AAA,34
243,Mickey Moniak,OF,LAA/COL,12.4,271.0,271,188,15.7,,,1,MLB,
244,Shane Baz,SP,TB,12.3,272.0,272,282,10.5,,,1,MLB,
245,Francisco Alvarez,C,NYM,12.3,273.0,273,331,8.5,,,1,MLB,
246,Ben Brown,"SP,RP",CHC,12.2,274.0,274,,,,,1,MLB,
247,Chase Dollander,"SP,RP",COL,12.2,276.0,276,,,,,1,MLB,
248,Isaac Paredes,"1B,3B",HOU,12.1,277.0,277,210,14.3,,,1,MLB,
249,Joseph Dzierwa,SP,BAL,12.1,278.0,278,,,,,1,AA,35
250,Jonah Tong,SP,NYM,12.0,279.0,279,,,,,1,MLB,
251,AJ Smith-Shawver,SP,ATL,12.0,280.0,280,376,6.9,,,1,MLB,
252,Yandy Diaz,1B,TB,11.9,281.0,281,50,33.9,,,1,MLB,
253,Christian Scott,SP,NYM,11.9,282.0,282,158,18.0,,,1,MLB,
254,Louis Varland,RP,MIN/TOR,11.8,283.0,283,69,29.3,,6,1,MLB,
255,Hurston Waldrep,SP,ATL,11.8,284.0,284,,,,,1,MLB,
256,Devin Fitz-Gerald,SS,TEX,11.7,285.0,285,,,,,1,AA,36
257,Josue Briceno,"C,1B",DET,11.7,285.0,285,,,,,1,AAA,37
258,Will Warren,SP,NYY,11.6,285.0,285,229,13.2,,,1,MLB,
259,Chandler Simpson,OF,TB,11.6,288.0,288,108,23.1,,,1,MLB,
260,Curtis Mead,"1B,2B,3B",TB/CHW,11.5,289.0,289,,,,,1,MLB,
261,Jarlin Susana,SP,WSH,11.5,290.0,290,,,,,1,AAA,38
262,Casey Schmitt,"1B,2B,3B,SS,OF",SF,11.4,291.0,291,,,,,1,MLB,
263,Joey Cantillo,"SP,RP",CLE,11.4,292.0,292,253,11.9,,,1,MLB,
264,Matt Shaw,"2B,3B,OF",CHC,11.3,294.0,294,,,,,1,MLB,
265,Moises Ballesteros,"C,1B",CHC,11.3,295.0,295,394,6.3,,,1,MLB,
266,Framber Valdez,SP,HOU,11.3,296.0,296,126,21.0,,,1,MLB,
267,Owen Caissie,OF,CHC,11.2,298.0,298,390,6.5,,,1,MLB,
268,Noah Cameron,SP,KC,11.2,299.0,299,244,12.3,,,1,MLB,
269,Abner Uribe,RP,MIL,11.1,300.0,300,302,9.6,,17,1,MLB,
270,Jo Adell,OF,LAA,11.1,302.0,302,114,22.4,,,1,MLB,
271,Jordan Westburg,"2B,3B",BAL,11.0,302.0,302,,,,,1,AAA,39
272,Chase Meidroth,"2B,SS",CHW,11.0,304.0,304,333,8.4,,,1,MLB,
273,Edward Cabrera,SP,MIA,10.9,305.0,305,,,,,1,MLB,
274,Mick Abel,SP,PHI/MIN,10.9,306.0,306,,,,,1,MLB,
275,Felnin Celesten,SS,SEA,10.8,307.0,307,,,,,1,AA,40
276,Landen Roupp,SP,SF,10.8,308.0,308,,,,,1,MLB,
277,Christian Zazueta,SP,LAD,10.7,309.0,309,,,,,1,AA,41
278,Edwin Arroyo,"2B,3B,SS",CIN,10.7,311.0,311,,,,,1,MLB,
279,Ian Seymour,"SP,RP",TB,10.6,313.0,313,175,16.6,,,1,MLB,
280,Kris Bubic,SP,KC,10.6,315.0,315,,,,,1,MLB,
281,Kyson Witherspoon,SP,BOS,10.6,316.0,316,,,,,1,A+,42
282,Spencer Torkelson,1B,DET,10.5,317.0,317,274,10.9,,,1,MLB,
283,Braylon Payne,OF,MIL,10.5,318.0,318,,,,,1,AA,43
284,Ian Happ,OF,CHC,10.4,320.0,320,193,15.4,,,1,MLB,
285,Agustin Ramirez,C,MIA,10.4,321.0,321,,,,,1,MLB,
286,Skylar King,OF,BOS,10.3,323.0,323,,,,,1,AAA,44
287,Tyler Bremner,SP,LAA,10.3,324.0,324,,,,,1,AA,45
288,Arjun Nimmala,SS,TOR,10.2,326.0,326,,,,,1,AA,46
289,Ethan Conrad,OF,CHC,10.2,327.0,327,,,,,1,A+,47
290,Josh Jung,3B,TEX,10.2,328.0,328,400,6.2,,,1,MLB,
291,Lawrence Butler,OF,ATH,10.1,328.0,328,192,15.4,,,1,MLB,
292,Josh Adamczewski,SS,MIL,10.1,330.0,330,,,,,1,AA,48
293,Kevin Gausman,SP,TOR,10.0,331.0,331,78,27.6,,,1,MLB,
294,Trevor Rogers,SP,BAL,10.0,332.0,332,181,16.2,,,1,MLB,
295,T.J. Rumfield,1B,NYY,9.9,333.0,333,217,13.9,,,1,MLB,
296,Pablo Lopez,SP,MIN,9.9,334.0,334,,,,,1,AAA,49
297,Justin Gonzales,OF,BOS,9.9,336.0,336,,,,,1,AA,50
298,Justin Crawford,OF,PHI,9.8,337.0,337,277,10.7,,,1,MLB,
299,Royce Lewis,"1B,2B,3B",MIN,9.8,338.0,338,186,15.9,,,1,MLB,
300,Dominic Canzone,OF,SEA,9.7,339.0,339,131,20.5,,,1,MLB,
301,Aiva Arquette,SS,MIA,9.7,340.0,340,,,,,1,AA,51
302,Caleb Durbin,"2B,3B",MIL,9.6,341.0,341,132,20.4,,,1,MLB,
303,Jonny Farmelo,OF,SEA,9.6,342.0,342,,,,,1,AA,52
304,Andrew Abbott,SP,CIN,9.6,343.0,343,,,,,1,MLB,
305,Juneiker Caceres,OF,CLE,9.5,344.0,344,,,,,1,A+,53
306,Sonny Gray,SP,STL,9.5,345.0,345,113,22.5,,,1,MLB,
307,Jaison Chourio,OF,CLE,9.4,346.0,346,,,,,1,AA,54
308,Edwin Diaz,RP,NYM,9.4,347.0,347,,,,,1,MLB,
309,Spencer Arrighetti,"SP,RP",HOU,9.4,348.0,348,,,,,1,MLB,
310,Griffin Jax,"SP,RP",MIN/TB,9.3,349.0,349,191,15.5,,,1,MLB,
311,Brandon Sproat,SP,NYM,9.3,350.0,350,,,,,1,MLB,
312,Colt Keith,"1B,2B,3B",DET,9.2,351.0,351,245,12.3,,,1,MLB,
313,Jett Williams,"2B,SS,OF",NYM,9.2,352.0,352,,,,,1,AAA,55
314,Steven Kwan,OF,CLE,9.2,352.0,352,222,13.6,,,1,MLB,
315,Coby Mayo,"1B,3B",BAL,9.1,354.0,354,279,10.6,,,1,MLB,
316,Carlos Rodon,SP,NYY,9.1,355.0,355,189,15.6,,,1,MLB,
317,Jack Leiter,SP,TEX,9.0,356.0,356,,,,,1,MLB,
318,Heliot Ramos,OF,SF,9.0,357.0,357,268,11.2,,,1,MLB,
319,Brooks Lee,"2B,3B,SS",MIN,9.0,359.0,359,163,17.6,,,1,MLB,
320,Caden Scarborough,SP,TEX,8.9,360.0,360,,,,,1,A+,56
321,Marcelo Mayer,"2B,3B,SS",BOS,8.9,360.0,360,,,,,1,MLB,
322,Jung Hoo Lee,OF,SF,8.8,363.0,363,240,12.6,,,1,MLB,
323,Ryan Pepiot,SP,TB,8.8,364.0,364,,,,,1,MLB,
324,Brendan Donovan,"2B,3B,SS,OF",STL,8.8,365.0,365,,,,,1,MLB,
325,Taitn Gray,C,TB,8.7,366.0,366,,,,,1,A,57
326,Zac Veen,OF,COL,8.7,367.0,367,381,6.8,,,1,MLB,
327,Quinn Mathews,SP,STL,8.7,369.0,369,,,,,1,MLB,
328,Dylan Beavers,OF,BAL,8.6,370.0,370,395,6.3,,,1,MLB,
329,Xavier Neyens,3B,HOU,8.6,371.0,371,,,,,1,A+,58
330,Jefferson Rojas,"2B,SS",CHC,8.5,372.0,372,,,,,1,AAA,59
331,Michael Soroka,"SP,RP",WSH/CHC,8.5,373.0,373,,,,,1,MLB,
332,Kash Mayfield,SP,SD,8.5,374.0,374,,,,,1,A+,60
333,Kruz Schoolcraft,SP,SD,8.4,375.0,375,,,,,1,A,61
334,Kevin Alvarez,OF,HOU,8.4,376.0,376,,,,,1,A,62
335,River Ryan,SP,LAD,8.4,377.0,377,,,,,1,MLB,
336,Zion Rose,OF,KC,8.3,378.0,378,,,,,1,A+,63
337,Addison Barger,"3B,OF",TOR,8.3,380.0,380,,,,,1,MLB,
338,Bryson Stott,"2B,3B,SS",PHI,8.2,381.0,381,133,20.3,,,1,MLB,
339,Brady House,3B,WSH,8.2,383.0,383,371,7.1,,,1,MLB,
340,Davis Martin,SP,CHW,8.2,384.0,384,290,10.2,,,1,MLB,
341,Brandon Marsh,OF,PHI,8.1,385.0,385,177,16.5,,,1,MLB,
342,Masyn Winn,SS,STL,8.1,385.0,385,389,6.5,,,1,MLB,
343,Willy Adames,SS,SF,8.1,388.0,388,236,12.8,,,1,MLB,
344,Matt McLain,"2B,SS",CIN,8.0,391.0,391,294,10.0,,,1,MLB,
345,Andrew Vaughn,"1B,3B",CHW/MIL,8.0,392.0,392,364,7.3,,,1,MLB,
346,Max Muncy,"2B,3B,SS",ATH,7.9,392.0,392,,,,,1,MLB,
347,Spencer Steer,"1B,2B,OF",CIN,7.9,392.0,392,,,,,1,MLB,
348,Tommy White,"1B,3B",ATH,7.9,395.0,395,,,,,1,MLB,
349,Luis Robert Jr.,OF,CHW,7.8,396.0,396,176,16.6,,,1,MLB,
350,Elian Pena,SS,NYM,7.8,397.0,397,,,,,1,A+,64
351,Jake McCarthy,OF,ARI,7.8,398.0,398,116,22.1,,,1,MLB,
352,Reese Olson,SP,DET,7.7,399.0,399,,,,,1,AAA,65
353,Evan Carter,OF,TEX,7.7,400.0,400,,,,,1,MLB,
354,Kayson Cunningham,SS,ARI,7.7,400.0,400,,,,,1,A+,66
355,Murf Gray,3B,PIT,7.6,400.0,400,,,,,1,AA,67
356,Kyle Manzardo,1B,CLE,7.6,405.0,405,,,,,1,MLB,
357,Kendry Rojas,"SP,RP",TOR/MIN,7.6,406.0,406,,,,,1,MLB,
358,Kyle Karros,3B,COL,7.5,407.0,407,377,6.9,,,1,MLB,
359,Nathan Eovaldi,SP,TEX,7.5,407.0,407,259,11.6,,,1,MLB,
360,Noelvi Marte,"3B,OF",CIN,7.5,407.0,407,,,,,1,MLB,
361,Jakob Marsee,OF,MIA,7.4,411.0,411,,,,,1,MLB,
362,Adrian Morejon,RP,SD,7.4,412.0,412,178,16.4,,10,1,MLB,
363,Christian Moore,"2B,OF",LAA,7.4,412.0,412,,,,,1,MLB,
364,JJ Bleday,OF,ATH,7.3,412.0,412,241,12.5,,,1,MLB,
365,Daniel Palencia,RP,CHC,7.3,415.0,415,184,16.0,,35,1,MLB,
366,Garrett Mitchell,OF,MIL,7.3,417.0,417,,,,,1,MLB,
367,Cooper Flemming,SS,TB,7.2,418.0,418,,,,,1,A,68
368,Christian Yelich,"OF,UT",MIL,7.2,419.0,419,167,17.3,,,1,MLB,
369,Ryan Jeffers,C,MIN,7.2,419.0,419,261,11.5,,,1,MLB,
370,Jurrangelo Cijntje,SP,SEA,7.1,421.0,421,,,,,1,AAA,69
371,Jaxon Wiggins,SP,CHC,7.1,422.0,422,,,,,1,AAA,70
372,Shane Drohan,"SP,RP",BOS,7.1,423.0,423,,,,,1,MLB,
373,Michael McGreevy,SP,STL,7.0,425.0,425,339,8.2,,,1,MLB,
374,Braylon Doughty,SP,CLE,7.0,426.0,426,,,,,1,AA,71
375,Jesus Baez,"3B,SS",NYM/STL,7.0,428.0,428,,,,,1,AA,72
376,Dansby Swanson,SS,CHC,6.9,429.0,429,224,13.4,,,1,MLB,
377,Max Muncy,3B,LAD,6.9,429.0,429,166,17.3,,,1,MLB,
378,Zebby Matthews,SP,MIN,6.9,431.0,431,,,,,1,MLB,
379,Brandon Nimmo,OF,NYM,6.8,432.0,432,99,24.3,,,1,MLB,
380,J.T. Ginn,"SP,RP",ATH,6.8,433.0,433,,,,,1,MLB,
381,Michael Forret,SP,BAL,6.8,433.0,433,,,,,1,AAA,73
382,Aroldis Chapman,RP,BOS,6.7,435.0,435,53,33.1,,12,1,MLB,
383,Bryce Elder,SP,ATL,6.7,436.0,436,,,,,1,MLB,
384,Bo Davidson,OF,SF,6.7,437.0,437,,,,,1,MLB,
385,Gavin Fien,3B,TEX,6.6,437.0,437,,,,,1,A,74
386,Gleyber Torres,2B,DET,6.6,437.0,437,213,14.1,,,1,MLB,
387,Nathan Flewelling,C,TB,6.6,437.0,437,,,,,1,A+,75
388,Tate Southisene,SS,ATL,6.5,441.0,441,,,,,1,AA,76
389,David Bednar,RP,PIT/NYY,6.5,442.0,442,44,35.8,,9,1,MLB,
390,Angel Martinez,"2B,SS,OF",CLE,6.5,443.0,443,,,,,1,MLB,
391,Shane Bieber,SP,CLE/TOR,6.4,445.0,445,,,,,1,MLB,
392,Yainer Diaz,C,HOU,6.4,446.0,446,401,6.1,,,1,MLB,
393,Devin Williams,RP,NYY,6.4,448.0,448,297,9.9,,79,1,MLB,
394,Liam Peterson,SP,CLE,6.3,448.0,448,,,,,1,ROK,77
395,Jacob Melton,OF,HOU,6.3,450.0,450,,,,,1,AAA,78
396,Roldy Brito,"2B,OF",COL,6.3,450.0,450,,,,,1,A+,79
397,Gio Rojas,SP,TEX,6.3,455.0,455,,,,,1,ROK,80
398,Blake Mitchell,C,KC,6.2,456.0,456,,,,,1,A+,81
399,Kerry Carpenter,OF,DET,6.2,456.0,456,350,7.8,,,1,MLB,
400,Cam Cannarella,OF,MIA,6.2,458.0,458,,,,,1,AAA,82
401,Kevin Alcantara,OF,CHC,6.1,458.0,458,,,,,1,MLB,
402,Kristian Campbell,"2B,OF",BOS,6.1,458.0,458,,,,,1,MLB,
403,Clay Holmes,SP,NYM,6.1,462.0,462,220,13.7,,,1,MLB,
404,Tanner McDougal,SP,CHW,6.0,462.0,462,,,,,1,MLB,
405,Robbie Ray,SP,SF,6.0,465.0,465,212,14.2,,,1,MLB,
406,Justin Steele,SP,CHC,6.0,466.0,466,,,,,1,AAA,83
407,Demetrio Crisantes,2B,ARI,5.9,468.0,468,,,,,1,AAA,84
408,Garrett Whitlock,RP,BOS,5.9,469.0,469,202,14.8,,14,1,MLB,
409,Quinn Priester,"SP,RP",BOS/MIL,5.9,469.0,469,,,,,1,AAA,85
410,Brayan Rocchio,"2B,SS",CLE,5.9,471.0,471,387,6.6,,,1,MLB,
411,Colton Cowser,OF,BAL,5.8,473.0,473,,,,,1,MLB,
412,Jake Bauers,"1B,OF,RP",MIL,5.8,473.0,473,134,20.2,,,1,MLB,
413,Sal Frelick,OF,MIL,5.8,475.0,475,399,6.2,,,1,MLB,
414,Alexander Frias,OF,MIL,5.7,476.0,476,,,,,1,A,86
415,Juan Sanchez,"3B,SS",TOR,5.7,476.0,476,,,,,1,A,87
416,Charles Davalan,OF,LAD,5.7,478.0,478,,,,,1,AA,88
417,Max Anderson,2B,DET,5.6,478.0,478,,,,,1,AAA,89
418,Ryan O'Hearn,"1B,OF",BAL/SD,5.6,480.0,480,,,,,1,MLB,
419,Carson Williams,SS,TB,5.6,481.0,481,,,,,1,MLB,
420,Ben Joyce,RP,LAA,5.6,482.0,482,251,12.0,,38,1,MLB,
421,Nolan Schanuel,1B,LAA,5.5,484.0,484,,,,,1,MLB,
422,Nick Pivetta,SP,SD,5.5,485.0,485,,,,,1,MLB,
423,Brandon Woodruff,SP,MIL,5.5,487.0,487,,,,,1,MLB,
424,Trevor Megill,RP,MIL,5.4,489.0,489,110,22.8,,7,1,MLB,
425,Owen Murphy,SP,ATL,5.4,490.0,490,,,,,1,MLB,
426,Eduardo Tait,C,PHI/MIN,5.4,491.0,491,,,,,1,A+,90
427,Nolan Perry,SP,TOR,5.4,492.0,492,,,,,1,AA,91
428,Jack Wenninger,SP,NYM,5.3,494.0,494,,,,,1,AAA,92
429,Kahlil Watson,"2B,OF",CLE,5.3,497.0,497,,,,,1,MLB,
430,Caden Bodine,C,BAL,5.3,498.0,498,,,,,1,AAA,93
431,Alejandro Kirk,C,TOR,5.2,499.0,499,289,10.2,,,1,MLB,
432,Ronny Cruz,SS,CHC/WSH,5.2,499.0,499,,,,,1,A+,94
433,Spencer Horwitz,1B,PIT,5.2,501.0,501,380,6.8,,,1,MLB,
434,Dustin May,SP,LAD/BOS,5.2,502.0,502,262,11.4,,,1,MLB,
435,Luke Adams,"1B,3B",MIL,5.1,502.0,502,,,,,1,AAA,95
436,Harry Ford,C,SEA,5.1,504.0,504,,,,,1,MLB,
437,Blake Burke,1B,MIL,5.1,505.0,505,,,,,1,AAA,96
438,Wehiwa Aloy,2B,BAL,5.0,506.0,506,,,,,1,AA,97
439,Cam Collier,3B,CIN,5.0,507.0,507,,,,,1,AA,98
440,Jose Fernandez,SS,ARI,5.0,508.0,508,,,,,1,MLB,
441,Kumar Rocker,SP,TEX,5.0,509.0,509,,,,,1,MLB,
442,Ernie Clement,"1B,2B,3B,SS",TOR,4.9,510.0,510,323,8.8,,,1,MLB,
443,Yohandy Morales,"1B,3B",WSH,4.9,510.0,510,,,,,1,MLB,
444,Ryne Nelson,"SP,RP",ARI,4.9,513.0,513,,,,,1,MLB,
445,Jake Latz,"SP,RP",TEX,4.9,515.0,515,139,19.7,,5,1,MLB,
446,Nate George,OF,BAL,4.8,515.0,515,,,,,1,A+,99
447,Trent Grisham,OF,NYY,4.8,515.0,515,319,9.0,,,1,MLB,
448,Teoscar Hernandez,OF,LAD,4.8,519.0,519,129,20.7,,,1,MLB,
449,Deyvison De Los Santos,"1B,3B",MIA,4.7,521.0,521,,,,,1,MLB,
450,Daulton Varsho,OF,TOR,4.7,524.0,524,237,12.7,,,1,MLB,
451,Taylor Ward,OF,LAA,4.7,525.0,525,,,,,1,MLB,
452,Trey Gibson,SP,BAL,4.7,527.0,527,,,,,1,MLB,
453,Tristan Peters,OF,TB,4.6,530.0,530,,,,,1,MLB,
454,Jhostynxon Garcia,OF,BOS,4.6,531.0,531,,,,,1,MLB,
455,Tai Peete,SS,SEA,4.6,532.0,532,,,,,1,AA,100
456,Ezequiel Tovar,SS,COL,4.6,533.0,533,363,7.4,,,1,MLB,
457,Matthew Liberatore,SP,STL,4.5,533.0,533,325,8.7,,,1,MLB,
458,Shane Smith,SP,CHW,4.5,533.0,533,,,,,1,MLB,
459,Abimelec Ortiz,1B,TEX,4.5,536.0,536,,,,,1,MLB,
460,Coleman Borthwick,3B,SD,4.5,536.0,536,,,,,1,A,101
461,Jake Schaffner,SS,BOS,4.4,536.0,536,,,,,1,A+,102
462,Johan De Los Santos,SS,PIT,4.4,536.0,536,,,,,1,A,103
463,Brandon Pfaadt,"SP,RP",ARI,4.4,542.0,542,227,13.3,,,1,MLB,
464,David Shields,SP,KC,4.3,543.0,543,,,,,1,A+,104
465,Grant Holmes,SP,ATL,4.3,544.0,544,,,,,1,MLB,
466,Keider Montero,"SP,RP",DET,4.3,545.0,545,252,11.9,,,1,MLB,
467,Anthony Volpe,"2B,SS",NYY,4.3,546.0,546,,,,,1,MLB,
468,Christian Walker,1B,HOU,4.2,546.0,546,136,20.0,,,1,MLB,
469,Riley O'Brien,RP,STL,4.2,546.0,546,194,15.3,,74,1,MLB,
470,Ryan Helsley,RP,STL/NYM,4.2,546.0,546,342,8.1,,,1,MLB,
471,Bradgley Rodriguez,"SP,RP",SD,4.2,551.0,551,260,11.5,,22,1,MLB,
472,Robert Gasser,SP,MIL,4.1,552.0,552,304,9.6,,,1,MLB,
473,Chad Patrick,"SP,RP",MIL,4.1,553.0,553,,,,,1,MLB,
474,Cristian Arguelles,OF,COL,4.1,554.0,554,,,,,1,A,105
475,Luis De Leon,SP,BAL,4.1,555.0,555,,,,,1,MLB,
476,Tyler Johnson,1B,DET,4.0,556.0,556,,,,,1,MLB,
477,Mason Montgomery,"SP,RP",TB,4.0,557.0,557,168,17.2,,8,1,MLB,
478,Aaron Ashby,RP,MIL,4.0,558.0,558,272,11.0,,48,1,MLB,
479,Luis Perales,RP,BOS,4.0,558.0,558,,,,,1,MLB,
480,John Gil,SS,ATL,3.9,561.0,561,,,,,1,AA,106
481,Andres Gimenez,"2B,SS",TOR,3.9,562.0,562,353,7.7,,,1,MLB,
482,Brady Ebel,SS,MIL,3.9,562.0,562,,,,,1,A+,107
483,Matt Chapman,3B,SF,3.9,562.0,562,239,12.6,,,1,MLB,
484,Billy Carlson,SS,CHW,3.8,565.0,565,,,,,1,A,108
485,Brandon Young,SP,BAL,3.8,567.0,567,,,,,1,MLB,
486,Aidan Smith,OF,TB,3.8,568.0,568,,,,,1,A+,109
487,Heriberto Hernandez,OF,MIA,3.8,569.0,569,257,11.7,,,1,MLB,
488,Ezequiel Duran,"1B,2B,3B,SS,OF",TEX,3.7,570.0,570,247,12.2,,,1,MLB,
489,Jordan Beck,OF,COL,3.7,573.0,573,,,,,1,MLB,
490,Justin Martinez,RP,ARI,3.7,574.0,574,154,18.3,,24,1,MLB,
491,Eugenio Suarez,3B,ARI/SEA,3.7,575.0,575,234,12.9,,,1,MLB,
492,Ryan Clifford,"1B,OF",NYM,3.6,575.0,575,,,,,1,AAA,110
493,Mark Vientos,3B,NYM,3.6,577.0,577,,,,,1,MLB,
494,Chase Petty,"SP,RP",CIN,3.6,578.0,578,,,,,1,MLB,
495,Noble Meyer,SP,MIA,3.6,578.0,578,,,,,1,A,111
496,Carlos Correa,"3B,SS",MIN/HOU,3.5,581.0,581,,,,,1,MLB,
497,Jackson Ferris,SP,LAD,3.5,581.0,581,,,,,1,AAA,112
498,Jack Flaherty,SP,DET,3.5,583.0,583,329,8.6,,,1,MLB,
499,Clarke Schmidt,SP,NYY,3.5,584.0,584,,,,,1,MLB,
500,Triston Casas,1B,BOS,3.4,584.0,584,,,,,1,MLB,
501,Brenton Doyle,OF,COL,3.4,586.0,586,,,,,1,MLB,
502,Slade Cecconi,SP,CLE,3.4,586.0,586,,,,,1,MLB,
503,Brayan Bello,"SP,RP",BOS,3.4,588.0,588,,,,,1,MLB,
504,Brice Matthews,"2B,3B,SS",HOU,3.3,588.0,588,,,,,1,MLB,
505,Hendry Mendez,OF,PHI/MIN,3.3,588.0,588,,,,,1,MLB,
506,Lars Nootbaar,OF,STL,3.3,588.0,588,303,9.6,,,1,MLB,
507,Slade Caldwell,OF,ARI,3.3,588.0,588,,,,,1,A+,113
508,Jacob Lopez,SP,ATH,3.2,594.0,594,,,,,1,MLB,
509,Nasim Nunez,"2B,SS",WSH,3.2,594.0,594,327,8.7,,,1,MLB,
510,Brett Baty,"1B,2B,3B,OF",NYM,3.2,598.0,598,,,,,1,MLB,
511,Zach Root,SP,LAD,3.2,599.0,599,,,,,1,AA,114
512,Randy Vasquez,"SP,RP",SD,3.2,600.0,600,,,,,1,MLB,
513,Nick Gonzales,"2B,3B,SS",PIT,3.1,602.0,602,219,13.7,,,1,MLB,
514,Aroon Escobar,2B,PHI,3.1,603.0,603,,,,,1,AA,115
515,Ramon Marquez,SP,PHI,3.1,603.0,603,,,,,1,A+,116
516,Trevor Larnach,OF,MIN,3.1,606.0,606,254,11.8,,,1,MLB,
517,Aaron Nola,SP,PHI,3.0,607.0,607,197,15.1,,,1,MLB,
518,Enddy Azocar,OF,BOS,3.0,607.0,607,,,,,1,A+,117
519,Brady Singer,SP,CIN,3.0,609.0,609,,,,,1,MLB,
520,Kyle Leahy,"SP,RP",STL,3.0,610.0,610,328,8.6,,,1,MLB,
521,Alex Clemmey,SP,WSH,2.9,611.0,611,,,,,1,AA,118
522,Miguel Sime,SP,WSH,2.9,612.0,612,,,,,1,A+,119
523,Bryan Baker,RP,BAL/TB,2.9,613.0,613,84,26.5,,16,1,MLB,
524,Mitch Keller,SP,PIT,2.9,613.0,613,,,,,1,MLB,
525,Wyatt Sanford,SS,PIT,2.9,613.0,613,,,,,1,A+,120
526,Brailyn Antunez,OF,MIL,2.8,616.0,616,,,,,1,A,121
527,Blade Tidwell,"SP,RP",NYM/SF,2.8,618.0,618,,,,,1,MLB,
528,Kody Clemens,"1B,2B,3B,OF",PHI/MIN,2.8,618.0,618,232,13.0,,,1,MLB,
529,Bailey Ober,SP,MIN,2.8,620.0,620,,,,,1,MLB,
530,Edgar Quero,C,CHW,2.7,620.0,620,,,,,1,MLB,
531,Matthew Boyd,SP,CHC,2.7,620.0,620,255,11.8,,,1,MLB,
532,Luis Castillo,"SP,RP",SEA,2.7,623.0,623,,,,,1,MLB,
533,Blaze Alexander,"2B,3B,SS",ARI,2.7,624.0,624,,,,,1,MLB,
534,Raisel Iglesias,RP,ATL,2.6,624.0,624,97,24.6,,47,1,MLB,
535,Slater de Brun,OF,BAL,2.6,624.0,624,,,,,1,A,122
536,Willi Castro,"2B,3B,SS,OF",MIN/CHC,2.6,624.0,624,286,10.3,,,1,MLB,
537,Jacob Young,OF,WSH,2.6,628.0,628,359,7.5,,,1,MLB,
538,Jake Burger,1B,TEX,2.6,628.0,628,185,15.9,,,1,MLB,
539,Jonathan Santucci,SP,NYM,2.5,631.0,631,,,,,1,AAA,123
540,Logan O'Hoppe,C,LAA,2.5,631.0,631,,,,,1,MLB,
541,Matt Brash,RP,SEA,2.5,631.0,631,,,,,1,MLB,
542,Tanner Scott,RP,LAD,2.5,631.0,631,87,26.1,,11,1,MLB,
543,George Springer,OF,TOR,2.4,635.0,635,127,20.9,,,1,MLB,
544,Jeremiah Estrada,RP,SD,2.4,635.0,635,,,,,1,MLB,
545,Ethan Frey,OF,HOU,2.4,637.0,637,,,,,1,A+,124
546,Alec Bohm,"1B,3B",PHI,2.4,638.0,638,187,15.8,,,1,MLB,
547,Matt Wilkinson,SP,CLE,2.4,639.0,639,,,,,1,MLB,
548,Khal Stephen,SP,TOR/CLE,2.3,640.0,640,,,,,1,AA,125
549,Christian Encarnacion-Strand,"1B,3B",CIN,2.3,641.0,641,,,,,1,MLB,
550,Gabriel Gonzalez,OF,MIN,2.3,641.0,641,,,,,1,MLB,
551,Javier Sanoja,"2B,3B,SS,OF,RP",MIA,2.3,641.0,641,315,9.1,,,1,MLB,
552,Tommy Edman,"2B,3B,OF",LAD,2.3,641.0,641,174,16.7,,,1,MLB,
553,Keibert Ruiz,C,WSH,2.2,645.0,645,,,,,1,MLB,
554,Anderson Brito,SP,HOU,2.2,646.0,646,,,,,1,A+,126
555,Luis Gil,SP,NYY,2.2,646.0,646,,,,,1,MLB,
556,Michael Wacha,SP,KC,2.2,649.0,649,285,10.4,,,1,MLB,
557,Luis Morales,SP,ATH,2.1,650.0,650,,,,,1,MLB,
558,Deundre Jones,OF,(N/A),2.1,653.0,653,,,,,1,AA,127
559,Jose Caballero,"2B,3B,SS,OF",TB/NYY,2.1,653.0,653,271,11.0,,,1,MLB,
560,Daniel Pierce,SS,TB,2.1,655.0,655,,,,,1,A,128
561,Endy Rodriguez,"C,1B",PIT,2.1,655.0,655,,,,,1,MLB,
562,Spencer Miles,SP,SF,2.0,655.0,655,318,9.0,,75,1,MLB,
563,Cameron Flukey,SP,DET,2.0,658.0,658,,,,,1,A,129
564,Connor Norby,"2B,3B",MIA,2.0,658.0,658,336,8.3,,,1,MLB,
565,Hunter Dietz,SP,NYY,2.0,658.0,658,,,,,1,ROK,130
566,Adael Amador,2B,COL,2.0,664.0,664,,,,,1,MLB,
567,JoJo Romero,RP,STL,1.9,666.0,666,338,8.2,,90,1,MLB,
568,Leo Bernal,C,STL,1.9,666.0,666,,,,,1,MLB,
569,Alex Vesia,RP,LAD,1.9,669.0,669,308,9.4,,28,1,MLB,
570,Nick Martinez,"SP,RP",CIN,1.9,669.0,669,207,14.5,,,1,MLB,
571,Xander Bogaerts,SS,SD,1.8,672.0,672,169,17.1,,,1,MLB,
572,Jesus Sanchez,OF,MIA/HOU,1.8,674.0,674,,,,,1,MLB,
573,Andre Pallante,SP,STL,1.8,677.0,677,,,,,1,MLB,
574,Shotaro Morii,"SS,P",ATH,1.8,677.0,677,,,,,1,A,131
575,Caden Dana,SP,LAA,1.8,679.0,679,,,,,1,MLB,
576,Jose Altuve,"2B,OF",HOU,1.7,681.0,681,137,19.9,,,1,MLB,
577,Yoeilin Cespedes,SS,BOS,1.7,681.0,681,,,,,1,AA,132
578,Eduardo Rodriguez,SP,ARI,1.7,683.0,683,273,10.9,,,1,MLB,
579,Erik Sabrowski,RP,CLE,1.7,683.0,683,326,8.7,,23,1,MLB,
580,Hayden Alvarez,OF,LAA,1.7,683.0,683,,,,,1,A+,133
581,Mike Burrows,SP,PIT,1.6,683.0,683,,,,,1,MLB,
582,AJ Russell,SP,TEX,1.6,687.0,687,,,,,1,A+,134
583,Andrew Salas,SS,MIA,1.6,689.0,689,,,,,1,A,135
584,Parker Meadows,OF,DET,1.6,689.0,689,,,,,1,MLB,
585,Emilio Pagan,RP,CIN,1.6,691.0,691,249,12.1,,34,1,MLB,
586,JD Dix,SS,ARI,1.5,691.0,691,,,,,1,A+,136
587,Kodai Senga,"SP,RP",NYM,1.5,691.0,691,203,14.7,,,1,MLB,
588,Briggs McKenzie,SP,ATL,1.5,695.0,695,,,,,1,A+,137
589,Bryan Abreu,RP,HOU,1.5,695.0,695,324,8.8,,25,1,MLB,
590,Daniel Espino,"SP,RP",CLE,1.5,695.0,695,,,,,1,MLB,
591,Hayden Wesneski,"SP,RP",HOU,1.4,695.0,695,332,8.5,,,1,MLB,
592,Joe Musgrove,SP,SD,1.4,699.0,699,,,,,1,MLB,
593,Mitch Bratt,SP,TEX/ARI,1.4,699.0,699,,,,,1,MLB,
594,Salvador Perez,"C,1B",KC,1.4,699.0,699,211,14.2,,,1,MLB,
595,Kendall George,OF,LAD,1.4,703.0,703,,,,,1,AA,138
596,Orion Kerkering,RP,PHI,1.3,703.0,703,295,9.9,,,1,MLB,
597,Clayton Beeter,RP,NYY/WSH,1.3,707.0,707,,,,,1,MLB,
598,Conor Essenburg,P,ATL,1.3,707.0,707,,,,,1,A+,139
599,Zac Gallen,SP,ARI,1.3,707.0,707,,,,,1,MLB,
600,Cade Hunter,"C,1B",CIN,1.3,710.0,710,,,,,1,AA,140
601,Tyler Mahle,SP,TEX,1.2,710.0,710,248,12.1,,,1,MLB,
602,Carson Wiggins,SP,NYM,1.2,712.0,712,,,,,1,ROK,141
603,Robert Suarez,RP,SD,1.2,712.0,712,357,7.6,,81,1,MLB,
604,Austin Wells,C,NYY,1.2,719.0,719,,,,,1,MLB,
605,Felix Bautista,RP,BAL,1.2,719.0,719,,,,88,1,MLB,
606,Robert Calaz,OF,COL,1.1,719.0,719,,,,,1,A+,142
607,Kenley Jansen,RP,LAA,1.1,724.0,724,151,18.6,,59,1,MLB,
608,Luke Weaver,RP,NYY,1.1,724.0,724,238,12.7,,40,1,MLB,
609,Yoendrys Gomez,"SP,RP",NYY/LAD/CHW,1.1,724.0,724,299,9.8,,,1,MLB,
610,Troy Johnston,"1B,OF",MIA,1.1,727.0,727,,,,,1,MLB,
611,Starlyn Caba,SS,MIA,1.0,729.0,729,,,,,1,A+,143
612,Tanner Franklin,SP,STL,1.0,729.0,729,,,,,1,AA,144
613,Mauricio Dubon,"2B,3B,SS,OF",HOU,1.0,731.0,731,317,9.0,,,1,MLB,
614,Luisangel Acuna,"2B,SS",NYM,1.0,732.0,732,,,,,1,MLB,
615,Ty France,1B,MIN/TOR,1.0,732.0,732,198,15.0,,,1,MLB,
616,Andrew Alvarez,"SP,RP",WSH,0.9,734.0,734,,,,,1,MLB,
617,Kevin Defrank,SP,MIA,0.9,734.0,734,,,,,1,ROK,145
618,Tyler Stephenson,C,CIN,0.9,734.0,734,348,7.9,,,1,MLB,
619,Dean Kremer,SP,BAL,0.9,738.0,738,330,8.5,,,1,MLB,
620,Yorger Bautista,OF,SEA,0.9,738.0,738,,,,,1,A,146
621,Josh Bell,1B,WSH,0.8,741.0,741,313,9.2,,,1,MLB,
622,Dylan Lee,RP,ATL,0.8,742.0,742,235,12.8,,43,1,MLB,
623,Brock Wilken,3B,MIL,0.8,743.0,743,,,,,1,AAA,147
624,Bryce Cunningham,SP,NYY,0.8,743.0,743,,,,,1,AA,148
625,Jeff Hoffman,RP,TOR,0.8,743.0,743,205,14.6,,19,1,MLB,
626,Hunter Barco,RP,PIT,0.8,746.0,746,,,,,1,MLB,
627,Hogan Harris,RP,ATH,0.7,747.0,747,386,6.6,,61,1,MLB,
628,Nolan Arenado,3B,STL,0.7,747.0,747,230,13.1,,,1,MLB,
629,Pete Fairbanks,RP,TB,0.7,747.0,747,300,9.7,,,1,MLB,
630,Seth Lugo,SP,KC,0.7,747.0,747,,,,,1,MLB,
631,CJ Kayfus,"1B,OF",CLE,0.7,751.0,751,,,,,1,MLB,
632,Gavin Sheets,"1B,OF",SD,0.6,751.0,751,,,,,1,MLB,
633,Joey Ortiz,"3B,SS",MIL,0.6,751.0,751,,,,,1,MLB,
634,Kevin Kelly,RP,TB,0.6,751.0,751,370,7.1,,21,1,MLB,
635,Tre' Morgan,1B,TB,0.6,751.0,751,,,,,1,AAA,149
636,Dorian Soto,SS,BOS,0.6,756.0,756,,,,,1,ROK,150
637,Santiago Suarez,SP,TB,0.5,756.0,756,,,,,1,AA,151
638,Cal Quantrill,"SP,RP",MIA/ATL/TEX,0.5,758.0,758,,,,,1,MLB,
639,Edgardo Henriquez,RP,LAD,0.5,758.0,758,,,,,1,MLB,
640,Griffin Conine,"1B,OF",MIA,0.5,758.0,758,276,10.8,,,1,MLB,
641,Brent Headrick,RP,NYY,0.5,761.0,761,223,13.5,,42,1,MLB,
642,Gregory Soto,RP,BAL/NYM,0.5,761.0,761,346,7.9,,58,1,MLB,
643,Nolan Gorman,"2B,3B",STL,0.4,761.0,761,,,,,1,MLB,
644,Brandon Clarke,SP,BOS,0.4,765.0,765,,,,,1,AA,152
645,Brandyn Garcia,RP,SEA/ARI,0.4,765.0,765,368,7.2,,20,1,MLB,
646,Ethan Pecko,SP,HOU,0.4,765.0,765,,,,,1,MLB,
647,Patrick Forbes,SP,ARI,0.4,765.0,765,,,,,1,A+,153
648,Trevor Story,SS,BOS,0.3,765.0,765,269,11.1,,,1,MLB,
649,Victor Scott,OF,STL,0.3,765.0,765,,,,,1,MLB,
650,Cristian Javier,"SP,RP",HOU,0.3,775.0,775,,,,,1,MLB,
651,Cedric Mullins,OF,BAL/NYM,0.3,776.0,776,379,6.8,,,1,MLB,
652,J.T. Realmuto,C,PHI,0.3,776.0,776,312,9.2,,,1,MLB,
653,Gage Stanifer,SP,TOR,0.3,779.0,779,,,,,1,AAA,154
654,Sammy Stafura,SS,CIN/PIT,0.2,779.0,779,,,,,1,A+,155
655,Carson Kelly,C,CHC,0.2,781.0,781,,,,,1,MLB,
656,Victor Mesa Jr.,OF,MIA,0.2,781.0,781,,,,,1,MLB,
657,David Peterson,SP,NYM,0.2,783.0,783,,,,,1,MLB,
658,Sebastian Dos Santos,2B,STL,0.2,783.0,783,,,,,1,A,156
659,Brett Bateman,OF,CHC,0.1,785.0,785,,,,,1,MLB,
660,Rico Garcia,RP,NYM/NYY/BAL,0.1,785.0,785,378,6.9,,31,1,MLB,
661,Hyeseong Kim,"2B,SS,OF",LAD,0.1,787.0,787,,,,,1,MLB,
662,Carlos Estevez,RP,KC,0.1,788.0,788,,,,,1,MLB,
663,Giancarlo Stanton,"OF,UT",NYY,0.1,788.0,788,,,,,1,MLB,
664,Jeff McNeil,"1B,2B,OF",NYM,0.1,788.0,788,388,6.5,,,1,MLB,
665,Nathaniel Lowe,1B,WSH/BOS,0.0,788.0,788,,,,,1,MLB,
666,Sean Manaea,"SP,RP",NYM,0.0,788.0,788,305,9.5,,,1,MLB,
667,Chris Bassitt,SP,TOR,0.0,794.0,794,,,,,1,MLB,
668,Jake Mangum,OF,TB,0.0,794.0,794,347,7.9,,,1,MLB,
669,Juan Morillo,RP,ARI,0.0,794.0,794,,,,27,1,MLB,
670,Martin Perez,SP,CHW,0.0,794.0,794,,,,,1,MLB,
671,Merrill Kelly,SP,ARI/TEX,0.0,794.0,794,,,,,1,MLB,
672,Enrique Bradfield Jr.,OF,BAL,0.0,800.0,800,,,,,1,AAA,157
673,Ildemaro Vargas,"1B,2B,3B,OF",ARI,0.0,800.0,800,,,,,1,MLB,
674,Reynaldo Lopez,SP,ATL,0.0,800.0,800,,,,,1,MLB,
675,Andrew Morris,"SP,RP",MIN,0.0,803.0,803,,,,,1,MLB,
676,Hunter Gaddis,RP,CLE,0.0,803.0,803,,,,33,1,MLB,
677,Luke Raley,"1B,OF",SEA,0.0,805.0,805,,,,,1,MLB,
678,Marcus Semien,2B,TEX,0.0,805.0,805,373,7.0,,,1,MLB,
679,Walker Buehler,SP,BOS/PHI,0.0,809.0,809,,,,,1,MLB,
680,Brendan Summerhill,OF,TB,0.0,810.0,810,,,,,1,A+,158
681,Edwin Uceta,RP,TB,0.0,810.0,810,,,,,1,AAA,159
682,Joc Pederson,1B,TEX,0.0,812.0,812,385,6.6,,,1,MLB,
683,Thomas Saggese,"2B,3B,SS,OF",STL,0.0,812.0,812,,,,,1,MLB,
684,Tyler Rogers,RP,SF/NYM,0.0,812.0,812,309,9.4,,32,1,MLB,
685,Tyler Wells,SP,BAL,0.0,812.0,812,275,10.8,,,1,MLB,
686,Yusei Kikuchi,SP,LAA,0.0,812.0,812,349,7.8,,,1,MLB,
687,Andrew Benintendi,OF,CHW,0.0,818.0,818,382,6.7,,,1,MLB,
688,Ryan Johnson,"SP,RP",LAA,0.0,818.0,818,,,,,1,MLB,
689,Jeffrey Springs,SP,ATH,0.0,820.0,820,,,,,1,MLB,
690,Paul Blackburn,"SP,RP",NYM/NYY,0.0,821.0,821,,,,72,1,MLB,
691,Colin Rea,SP,CHC,0.0,822.0,822,,,,,1,MLB,
692,Dante Nori,OF,PHI,0.0,822.0,822,,,,,1,AA,160
693,Drew Anderson,"SP,RP",DET,0.0,822.0,822,298,9.8,,,1,MLB,
694,Jorge Polanco,"2B,SS",SEA,0.0,822.0,822,,,,,1,MLB,
695,TJ Friedl,OF,CIN,0.0,822.0,822,,,,,1,MLB,
696,Adolis Garcia,OF,TEX,0.0,827.0,827,,,,,1,MLB,
697,Jake Cronenworth,"1B,2B,SS",SD,0.0,827.0,827,384,6.7,,,1,MLB,
698,Jason Adam,RP,SD,0.0,827.0,827,,,,,1,MLB,
699,Paul Goldschmidt,1B,NYY,0.0,827.0,827,322,8.8,,,1,MLB,
700,Anthony Santander,"OF,UT",TOR,0.0,832.0,832,,,,,1,AAA,161
701,Ramon Laureano,OF,BAL/SD,0.0,832.0,832,,,,,1,MLB,
702,J.P. Crawford,SS,SEA,0.0,834.0,834,351,7.8,,,1,MLB,
703,Brody Brecht,SP,COL,0.0,836.0,836,,,,,1,A+,162
704,Rafael Flores,"C,1B",NYY/PIT,0.0,836.0,836,,,,,1,MLB,
705,Esteban Mejia,SP,BAL,0.0,838.0,838,,,,,1,A,163
706,Jonathan India,"2B,3B,OF",KC,0.0,838.0,838,,,,,1,MLB,
707,Luis Severino,SP,ATH,0.0,838.0,838,,,,,1,MLB,
708,Seranthony Dominguez,RP,BAL/TOR,0.0,838.0,838,,,,,1,MLB,
709,Jameson Taillon,SP,CHC,0.0,842.0,842,,,,,1,MLB,
710,Matt Wallner,OF,MIN,0.0,842.0,842,,,,,1,MLB,
711,Steven Okert,RP,HOU,0.0,842.0,842,,,,,1,MLB,
712,Jonah Cox,"2B,OF",SF,0.0,845.0,845,,,,,1,MLB,
713,Paul Sewald,RP,CLE/DET,0.0,845.0,845,,,,,1,MLB,
714,Jose Berrios,SP,TOR,0.0,847.0,847,,,,,1,AAA,164
715,Robert Garcia,RP,TEX,0.0,848.0,848,,,,89,1,MLB,
716,Dennis Santana,RP,PIT,0.0,849.0,849,,,,,1,MLB,
717,Jorge Soler,"OF,UT",LAA,0.0,849.0,849,,,,,1,MLB,
718,Josh Lowe,OF,TB,0.0,849.0,849,374,7.0,,,1,MLB,
719,Lucas Giolito,SP,BOS,0.0,849.0,849,,,,,1,MLB,
720,Ryan Walker,RP,SF,0.0,849.0,849,,,,,1,MLB,
721,Tomoyuki Sugano,SP,BAL,0.0,849.0,849,,,,,1,MLB,
722,Yairo Padilla,SS,STL,0.0,849.0,849,,,,,1,A+,165
723,Max Scherzer,SP,TOR,0.0,856.0,856,,,,,1,MLB,
724,Jack Perkins,RP,ATH,0.0,857.0,857,,,,,1,MLB,
725,Zach McKinstry,"2B,3B,SS,OF",DET,0.0,857.0,857,,,,,1,MLB,
726,Zach Eflin,SP,BAL,0.0,859.0,859,,,,,1,MLB,
727,Charlee Soto,SP,MIN,0.0,860.0,860,,,,,1,A+,166
728,Kyle Finnegan,RP,WSH/DET,0.0,860.0,860,,,,,1,MLB,
729,Lenyn Sosa,"1B,2B,3B,SS",CHW,0.0,860.0,860,,,,,1,MLB,
730,Yhoiker Fajardo,SP,BOS,0.0,860.0,860,,,,,1,AA,167
731,Christian Oppor,SP,CHW,0.0,864.0,864,,,,,1,AA,168
732,Daniel Eagen,SP,ARI,0.0,866.0,866,,,,,1,AA,169
733,Daniel Lynch,"SP,RP",KC,0.0,866.0,866,,,,,1,MLB,
734,Alejandro Rosario,SP,TEX,0.0,868.0,868,,,,,1,AA,170
735,Brandon Compton,OF,MIA,0.0,869.0,869,,,,,1,AAA,171
736,Sadbiel Delzine,SP,BOS,0.0,870.0,870,,,,,1,A,172
737,Sean Gamble,SS,KC,0.0,870.0,870,,,,,1,A,173
738,Anderson Fermin,OF,BOS,0.0,873.0,873,,,,,1,ROK,174
739,Griffin Burkholder,OF,PHI,0.0,873.0,873,,,,,1,A+,175
740,Jacob Bresnahan,SP,SF,0.0,873.0,873,,,,,1,AA,176
741,Yolfran Castillo,SS,TEX,0.0,873.0,873,,,,,1,A+,177
742,Aaron Civale,SP,MIL/CHW/CHC,0.0,877.0,877,,,,,1,MLB,
743,Aaron Watson,SP,CIN,0.0,877.0,877,,,,,1,A,178
744,Aaron Zavala,OF,TEX,0.0,877.0,877,,,,,1,AAA,179
745,Abraham Toro,"1B,2B,3B",BOS,0.0,877.0,877,,,,,1,AAA,180
746,Adam Frazier,"2B,OF",PIT/KC,0.0,877.0,877,,,,,1,MLB,
747,Adam Mazur,SP,MIA,0.0,877.0,877,,,,,1,AAA,181
748,Adam Serwinowski,SP,CIN/LAD,0.0,877.0,877,,,,,1,AA,182
749,Adolfo Sanchez,OF,CIN,0.0,877.0,877,,,,,1,A,183
750,Adrian Del Castillo,C,ARI,0.0,877.0,877,,,,,1,MLB,
751,Adrian Houser,"SP,RP",TEX/CHW/TB,0.0,877.0,877,,,,,1,MLB,
752,Adrian Santana,SS,TB,0.0,877.0,877,,,,,1,AA,184
753,Aeverson Arteaga,SS,SF,0.0,877.0,877,,,,,1,AAA,185
754,Aidan West,SS,LAD,0.0,877.0,877,,,,,1,A,186
755,A.J. Blubaugh,"SP,RP",HOU,0.0,877.0,877,,,,96,1,MLB,
756,A.J. Minter,RP,NYM,0.0,877.0,877,288,10.2,,56,1,MLB,
757,A.J. Puk,SP,ARI,0.0,877.0,877,,,,,1,AAA,187
758,Alan Roden,OF,TOR/MIN,0.0,877.0,877,,,,,1,MLB,
759,Albert Suarez,RP,BAL,0.0,877.0,877,,,,,1,MLB,
760,Alec Marsh,SP,KC,0.0,877.0,877,,,,,1,MLB,
761,Alejandro Osuna,OF,TEX,0.0,877.0,877,,,,,1,MLB,
762,Alek Thomas,OF,ARI,0.0,877.0,877,,,,,1,MLB,
763,Alex Call,OF,WSH/LAD,0.0,877.0,877,,,,,1,MLB,
764,Alex Freeland,"2B,3B,SS",LAD,0.0,877.0,877,,,,,1,MLB,
765,Alex Lange,RP,DET,0.0,877.0,877,334,8.4,,,1,MLB,
766,Alex McFarlane,"SP,RP",PHI,0.0,877.0,877,,,,63,1,MLB,
767,Alexis Diaz,RP,CIN/LAD/ATL,0.0,877.0,877,,,,,1,AAA,188
768,Alfonsin Rosario,OF,CLE,0.0,877.0,877,,,,,1,AAA,189
769,Amed Rosario,"2B,3B,SS,OF",WSH/NYY,0.0,877.0,877,,,,,1,MLB,
770,Andres Chaparro,1B,WSH,0.0,877.0,877,,,,,1,MLB,
771,Andrew Kittredge,RP,BAL/CHC,0.0,877.0,877,263,11.4,,68,1,MLB,
772,Andrew McCutchen,UT,PIT,0.0,877.0,877,,,,,1,MLB,
773,Andrew Nardi,RP,MIA,0.0,877.0,877,,,,,1,MLB,
774,Andrew Saalfrank,RP,ARI,0.0,877.0,877,,,,,1,ROK,190
775,Andrew Walters,RP,CLE,0.0,877.0,877,,,,,1,AAA,191
776,Andriel Lantigua,C,COL,0.0,877.0,877,,,,,1,A,192
777,Andruw Monasterio,"1B,2B,3B,SS",MIL,0.0,877.0,877,,,,,1,MLB,
778,Andry Lara,SP,WSH,0.0,877.0,877,,,,,1,AAA,193
779,Angel Zerpa,RP,KC,0.0,877.0,877,,,,,1,MLB,
780,Anthony Banda,RP,LAD,0.0,877.0,877,,,,,1,MLB,
781,Anthony Bender,RP,MIA,0.0,877.0,877,,,,,1,MLB,
782,Anthony Molina,"SP,RP",COL,0.0,877.0,877,,,,,1,MLB,
783,Anthony Nunez,"3B,RP",NYM/BAL,0.0,877.0,877,,,,84,1,MLB,
784,Anthony Seigler,"C,2B,3B",MIL,0.0,877.0,877,,,,,1,MLB,
785,Anthony Solometo,SP,PIT,0.0,877.0,877,,,,,1,AA,194
786,Antonio Senzatela,SP,COL,0.0,877.0,877,,,,,1,MLB,
787,Argenis Cayama,SP,SF,0.0,877.0,877,,,,,1,A,195
788,Aron Estrada,"2B,SS",BAL,0.0,877.0,877,,,,,1,AAA,196
789,Asa Lacy,SP,KC,0.0,877.0,877,,,,,1,AA,197
790,Asbel Gonzalez,OF,KC,0.0,877.0,877,,,,,1,A+,198
791,Austin Charles,"3B,SS",KC,0.0,877.0,877,,,,,1,A+,199
792,Austin Gomber,SP,COL/CHC,0.0,877.0,877,,,,,1,AAA,200
793,Austin Hays,OF,CIN,0.0,877.0,877,,,,,1,MLB,
794,Austin Hendrick,OF,CIN,0.0,877.0,877,,,,,1,AAA,201
795,Austin Martin,"2B,SS,OF",MIN,0.0,877.0,877,,,,,1,MLB,
796,Austin Overn,OF,BAL,0.0,877.0,877,,,,,1,AA,202
797,Bailey Falter,SP,PIT/KC,0.0,877.0,877,,,,,1,MLB,
798,Ben Casparius,RP,LAD,0.0,877.0,877,,,,,1,MLB,
799,Ben Lively,SP,CLE,0.0,877.0,877,,,,,1,AAA,203
800,Ben Williamson,3B,SEA,0.0,877.0,877,,,,,1,MLB,
801,Bennett Sousa,RP,HOU,0.0,877.0,877,,,,66,1,MLB,
802,Benny Montgomery,OF,COL,0.0,877.0,877,,,,,1,AA,204
803,Billy Amick,3B,MIN,0.0,877.0,877,,,,,1,AAA,205
804,Billy Cook,OF,PIT,0.0,877.0,877,,,,,1,MLB,
805,Blaine Crim,1B,TEX/COL,0.0,877.0,877,,,,,1,AAA,206
806,Blake Dunn,OF,CIN,0.0,877.0,877,,,,,1,MLB,
807,Blake Perkins,OF,MIL,0.0,877.0,877,,,,,1,MLB,
808,Blake Treinen,RP,LAD,0.0,877.0,877,,,,,1,MLB,
809,Blake Walston,SP,ARI,0.0,877.0,877,,,,,1,MLB,
810,Blake Wolters,SP,KC,0.0,877.0,877,,,,,1,A+,207
811,Bo Naylor,C,CLE,0.0,877.0,877,,,,,1,MLB,
812,Bobby Miller,SP,LAD,0.0,877.0,877,,,,,1,MLB,
813,Boston Bateman,SP,SD/BAL,0.0,877.0,877,,,,,1,A+,208
814,Boston Smith,C,WSH,0.0,877.0,877,,,,,1,AA,209
815,Bowden Francis,SP,TOR,0.0,877.0,877,,,,,1,MLB,
816,Brad Keller,RP,CHC,0.0,877.0,877,,,,,1,MLB,
817,Brad Lord,"SP,RP",WSH,0.0,877.0,877,,,,,1,MLB,
818,Braden Nett,SP,SD/ATH,0.0,877.0,877,,,,,1,MLB,
819,Braden Shewmake,SS,NYY,0.0,877.0,877,,,,,1,MLB,
820,Brady Basso,RP,ATH,0.0,877.0,877,,,,,1,MLB,
821,Brando Mayea,OF,NYY,0.0,877.0,877,,,,,1,A,210
822,Brandon Barriera,SP,TOR,0.0,877.0,877,,,,,1,A+,211
823,Brandon Birdsell,SP,CHC,0.0,877.0,877,,,,,1,ROK,212
824,Brandon Lockridge,OF,SD/MIL,0.0,877.0,877,,,,,1,MLB,
825,Brandon Walter,SP,HOU,0.0,877.0,877,,,,,1,AAA,213
826,Brandon Williamson,SP,CIN,0.0,877.0,877,,,,,1,MLB,
827,Brandon Winokur,"SS,OF",MIN,0.0,877.0,877,,,,,1,AA,214
828,Brant Hurter,"SP,RP",DET,0.0,877.0,877,,,,,1,MLB,
829,Braxton Bragg,SP,BAL,0.0,877.0,877,,,,,1,AA,215
830,Braxton Garrett,SP,MIA,0.0,877.0,877,,,,,1,MLB,
831,Braydon Fisher,RP,TOR,0.0,877.0,877,,,,,1,MLB,
832,Braylin Morel,OF,TEX,0.0,877.0,877,,,,,1,A,216
833,Brenan Hanifee,RP,DET,0.0,877.0,877,,,,,1,MLB,
834,Brendan Rodgers,2B,HOU,0.0,877.0,877,,,,,1,AAA,217
835,Brendon Little,RP,TOR,0.0,877.0,877,,,,,1,MLB,
836,Brennan Bernardino,"SP,RP",BOS,0.0,877.0,877,,,,,1,MLB,
837,Brennen Davis,UT,NYY,0.0,877.0,877,,,,,1,AAA,218
838,Brett Callahan,OF,DET,0.0,877.0,877,,,,,1,MLB,
839,Brett Wichrowski,SP,MIL,0.0,877.0,877,,,,,1,AAA,219
840,Brock Burke,RP,LAA,0.0,877.0,877,,,,52,1,MLB,
841,Brock Selvidge,SP,NYY,0.0,877.0,877,,,,,1,ROK,220
842,Brock Stewart,RP,MIN/LAD,0.0,877.0,877,337,8.3,,64,1,MLB,
843,Brooks Baldwin,"1B,2B,3B,SS,OF",CHW,0.0,877.0,877,,,,,1,AAA,221
844,Brooks Raley,RP,NYM,0.0,877.0,877,372,7.1,,60,1,MLB,
845,Brusdar Graterol,RP,LAD,0.0,877.0,877,,,,,1,AAA,222
846,Bryan Acuna,SS,MIN,0.0,877.0,877,,,,,1,A,223
847,Bryan De La Cruz,OF,ATL/NYY,0.0,877.0,877,,,,,1,MLB,
848,Bryan Hudson,"SP,RP",MIL/CHW,0.0,877.0,877,,,,44,1,MLB,
849,Bryan King,RP,HOU,0.0,877.0,877,,,,,1,MLB,
850,Bryan Ramos,3B,CHW,0.0,877.0,877,,,,,1,AAA,224
851,Bryce Meccage,SP,MIL,0.0,877.0,877,,,,,1,A+,225
852,Brycen Mautz,SP,STL,0.0,877.0,877,,,,,1,MLB,
853,Bryse Wilson,RP,CHW,0.0,877.0,877,,,,,1,MLB,
854,Cade Marlowe,OF,SEA,0.0,877.0,877,,,,,1,AAA,226
855,Cade Obermueller,SP,PHI,0.0,877.0,877,,,,,1,A+,227
856,Cade Povich,SP,BAL,0.0,877.0,877,,,,,1,MLB,
857,Caleb Ferguson,RP,PIT/SEA,0.0,877.0,877,,,,,1,MLB,
858,Caleb Thielbar,RP,CHC,0.0,877.0,877,,,,78,1,MLB,
859,Calvin Faucher,RP,MIA,0.0,877.0,877,,,,70,1,MLB,
860,Calvin Ziegler,SP,NYM,0.0,877.0,877,,,,,1,AA,228
861,Cameron Cauley,"2B,SS",TEX,0.0,877.0,877,,,,,1,MLB,
862,Camilo Doval,RP,SF/NYY,0.0,877.0,877,,,,,1,MLB,
863,Carlos Colmenarez,SS,TB,0.0,877.0,877,,,,,1,AAA,229
864,Carlos Cortes,OF,ATH,0.0,877.0,877,340,8.2,,,1,MLB,
865,Carlos Narvaez,C,BOS,0.0,877.0,877,,,,,1,MLB,
866,Carlos Rodriguez,SP,MIL,0.0,877.0,877,,,,,1,MLB,
867,Carlos Santana,1B,CLE/CHC,0.0,877.0,877,,,,,1,MLB,
868,Carlos Vargas,RP,SEA,0.0,877.0,877,,,,,1,MLB,
869,Carmen Mlodzinski,"SP,RP",PIT,0.0,877.0,877,,,,,1,MLB,
870,Carson DeMartini,3B,PHI,0.0,877.0,877,,,,,1,AA,230
871,Carson Whisenhunt,SP,SF,0.0,877.0,877,,,,,1,MLB,
872,Cayden Wallace,3B,WSH,0.0,877.0,877,,,,,1,AAA,231
873,Cesar Perdomo,SP,SF,0.0,877.0,877,,,,,1,MLB,
874,Cesar Prieto,"2B,3B",STL,0.0,877.0,877,,,,,1,MLB,
875,Charles McAdoo,3B,TOR,0.0,877.0,877,,,,,1,MLB,
876,Chas McCormick,OF,HOU,0.0,877.0,877,,,,,1,AAA,232
877,Chase Davis,OF,STL,0.0,877.0,877,,,,,1,AAA,233
878,Chase Mobley,SP,CLE,0.0,877.0,877,,,,,1,A,234
879,Chase Shores,"1B,3B,RP",LAA,0.0,877.0,877,,,,,1,A+,235
880,Chase Silseth,"SP,RP",LAA,0.0,877.0,877,,,,,1,MLB,
881,Chayce McDermott,RP,BAL,0.0,877.0,877,,,,,1,MLB,
882,Chris Cortez,SP,LAA,0.0,877.0,877,,,,,1,AA,236
883,Chris Martin,RP,TEX,0.0,877.0,877,,,,,1,MLB,
884,Chris Paddack,SP,MIN/DET,0.0,877.0,877,,,,,1,MLB,
885,Chris Suero,"C,1B,OF",NYM,0.0,877.0,877,,,,,1,AA,237
886,Christian Franklin,OF,CHC/WSH,0.0,877.0,877,,,,,1,MLB,
887,Christian Koss,"2B,3B,SS",SF,0.0,877.0,877,,,,,1,MLB,
888,Christian Vazquez,C,MIN,0.0,877.0,877,,,,,1,MLB,
889,Christopher Morel,"2B,3B,OF",TB,0.0,877.0,877,,,,,1,MLB,
890,Cobb Hightower,SS,SD/BAL,0.0,877.0,877,,,,,1,A,238
891,Cody Bolton,SP,SEA/CLE,0.0,877.0,877,,,,,1,MLB,
892,Cody Bradford,SP,TEX,0.0,877.0,877,360,7.5,,,1,MLB,
893,Cody Freeman,"2B,3B",TEX,0.0,877.0,877,,,,,1,MLB,
894,Colby Thomas,OF,ATH,0.0,877.0,877,,,,,1,MLB,
895,Cole Henry,RP,WSH,0.0,877.0,877,,,,,1,MLB,
896,Cole Mathis,1B,CHC,0.0,877.0,877,,,,,1,A+,239
897,Cole Phillips,SP,SEA,0.0,877.0,877,,,,,1,AAA,240
898,Cole Sands,RP,MIN,0.0,877.0,877,,,,,1,MLB,
899,Cole Sulser,RP,TB,0.0,877.0,877,,,,,1,MLB,
900,Cole Wilcox,SP,TB,0.0,877.0,877,,,,,1,MLB,
901,Cole Winn,RP,TEX,0.0,877.0,877,,,,,1,MLB,
902,Coleman Crow,SP,MIL,0.0,877.0,877,,,,,1,MLB,
903,Colin Holderman,RP,PIT,0.0,877.0,877,,,,,1,MLB,
904,Colton Gordon,SP,HOU,0.0,877.0,877,,,,,1,MLB,
905,Connor Phillips,RP,CIN,0.0,877.0,877,,,,,1,MLB,
906,Connor Wong,"C,1B",BOS,0.0,877.0,877,,,,,1,MLB,
907,Conrad Cason,SS,BOS,0.0,877.0,877,,,,,1,ROK,241
908,Cooper Criswell,RP,BOS,0.0,877.0,877,,,,,1,MLB,
909,Cory Lewis,RP,MIN,0.0,877.0,877,,,,,1,AA,242
910,Craig Kimbrel,RP,ATL/TEX/HOU,0.0,877.0,877,,,,,1,MLB,
911,Craig Yoho,SP,MIL,0.0,877.0,877,,,,,1,MLB,
912,Creed Willems,"C,1B",BAL,0.0,877.0,877,,,,,1,AAA,243
913,Cristian Mena,RP,ARI,0.0,877.0,877,,,,,1,AAA,244
914,Daiber De Los Santos,SS,MIN,0.0,877.0,877,,,,,1,ROK,245
915,Dane Dunning,SP,TEX/ATL,0.0,877.0,877,,,,,1,AAA,246
916,Dane Myers,"1B,OF",MIA,0.0,877.0,877,391,6.4,,,1,MLB,
917,Daniel Duarte,RP,MIN,0.0,877.0,877,,,,,1,MLB,
918,Daniel Schneemann,"2B,3B,SS,OF",CLE,0.0,877.0,877,,,,,1,MLB,
919,Daniel Susac,C,ATH,0.0,877.0,877,,,,,1,MLB,
920,Danny Coulombe,RP,MIN/TEX,0.0,877.0,877,,,,,1,MLB,
921,Danny Jansen,C,TB/MIL,0.0,877.0,877,,,,,1,MLB,
922,Darell Hernaiz,"2B,3B,SS",ATH,0.0,877.0,877,,,,,1,MLB,
923,Darell Morel,SS,PIT,0.0,877.0,877,,,,,1,A,247
924,Dauri Fernandez,2B,CLE,0.0,877.0,877,,,,,1,A+,248
925,David Davalillo,SP,TEX,0.0,877.0,877,,,,,1,MLB,
926,David Festa,SP,MIN,0.0,877.0,877,,,,,1,AAA,249
927,David Fry,"C,1B,OF",CLE,0.0,877.0,877,,,,,1,MLB,
928,David Hamilton,"2B,SS",BOS,0.0,877.0,877,,,,,1,MLB,
929,David Morgan,RP,SD,0.0,877.0,877,,,,,1,MLB,
930,David Peralta,OF,(N/A),0.0,877.0,877,,,,,1,AAA,250
931,David Sandlin,RP,BOS,0.0,877.0,877,,,,,1,MLB,
932,Davis Schneider,"2B,3B,OF",TOR,0.0,877.0,877,,,,,1,MLB,
933,Dax Fulton,SP,MIA,0.0,877.0,877,,,,,1,MLB,
934,Dean Curley,SS,CLE,0.0,877.0,877,,,,,1,AA,251
935,Dean Moss,OF,TB,0.0,877.0,877,,,,,1,A,252
936,Dedniel Nunez,RP,NYM,0.0,877.0,877,,,,36,1,MLB,
937,Deniel Ortiz,3B,STL,0.0,877.0,877,,,,,1,AA,253
938,Denzel Clarke,OF,ATH,0.0,877.0,877,,,,,1,MLB,
939,Denzer Guzman,SS,LAA,0.0,877.0,877,,,,,1,MLB,
940,Derek Hill,OF,MIA/CHW,0.0,877.0,877,,,,,1,MLB,
941,Devin Saltiban,2B,PHI,0.0,877.0,877,,,,,1,A+,254
942,Diego Cartaya,C,MIN/SF,0.0,877.0,877,,,,,1,A+,255
943,DL Hall,"SP,RP",MIL,0.0,877.0,877,,,,86,1,MLB,
944,Dominic Smith,1B,NYY/SF,0.0,877.0,877,,,,,1,MLB,
945,Donovan Walton,2B,NYM/PHI,0.0,877.0,877,,,,,1,MLB,
946,Doug Nikhazy,SP,CLE,0.0,877.0,877,,,,,1,MLB,
947,Drew Beam,SP,KC,0.0,877.0,877,,,,,1,AA,256
948,Drew Gilbert,OF,NYM/SF,0.0,877.0,877,,,,,1,MLB,
949,Drew Pomeranz,RP,SEA/CHC,0.0,877.0,877,,,,,1,MLB,
950,Drew Romo,C,COL,0.0,877.0,877,,,,,1,MLB,
951,Drew Sommers,"SP,RP",DET,0.0,877.0,877,365,7.3,,50,1,MLB,
952,Drew Waters,OF,KC,0.0,877.0,877,,,,,1,AAA,257
953,Drey Jameson,RP,ARI,0.0,877.0,877,,,,,1,MLB,
954,Dustin Harris,OF,TEX,0.0,877.0,877,,,,,1,MLB,
955,Dylan Dodd,"SP,RP",ATL,0.0,877.0,877,369,7.2,,51,1,MLB,
956,Dylan Dreiling,OF,TEX,0.0,877.0,877,,,,,1,AA,258
957,Dylan Moore,"1B,2B,3B,SS,OF",SEA/TEX,0.0,877.0,877,,,,,1,MLB,
958,Dylan Smith,RP,DET,0.0,877.0,877,335,8.4,,,1,MLB,
959,Edgar Montero,SS,ATH,0.0,877.0,877,,,,,1,A,259
960,Edmundo Sosa,"2B,3B,SS",PHI,0.0,877.0,877,,,,,1,MLB,
961,Edouard Julien,"1B,2B",MIN,0.0,877.0,877,,,,,1,MLB,
962,Eduard Bazardo,RP,SEA,0.0,877.0,877,,,,,1,MLB,
963,Eduardo Beltre,OF,MIN,0.0,877.0,877,,,,,1,A,260
964,Eli White,OF,ATL,0.0,877.0,877,,,,,1,MLB,
965,Elias Diaz,C,SD,0.0,877.0,877,,,,,1,MLB,
966,Elijah Green,OF,WSH,0.0,877.0,877,,,,,1,AA,261
967,Elvis Alvarado,RP,ATH,0.0,877.0,877,,,,65,1,MLB,
968,Emilien Pitre,2B,TB,0.0,877.0,877,,,,,1,AAA,262
969,Emmanuel Clase,RP,CLE,0.0,877.0,877,,,,,1,MLB,
970,Enmanuel Bonilla,OF,TOR,0.0,877.0,877,,,,,1,A,263
971,Enrique Hernandez,"1B,2B,3B,SS,OF,P",LAD,0.0,877.0,877,,,,,1,MLB,
972,Enyel De Los Santos,RP,ATL/HOU,0.0,877.0,877,,,,,1,MLB,
973,Eric Bitonti,3B,MIL,0.0,877.0,877,,,,,1,AA,264
974,Eric Lauer,SP,TOR,0.0,877.0,877,,,,,1,MLB,
975,Eric Orze,RP,TB,0.0,877.0,877,,,,,1,MLB,
976,Eric Wagaman,"1B,3B,OF",MIA,0.0,877.0,877,,,,,1,MLB,
977,Erick Fedde,"SP,RP",STL/ATL/MIL,0.0,877.0,877,,,,,1,MLB,
978,Erik Miller,RP,SF,0.0,877.0,877,258,11.6,,54,1,MLB,
979,Erik Swanson,RP,TOR,0.0,877.0,877,,,,,1,ROK,265
980,Esteury Ruiz,OF,ATH/LAD,0.0,877.0,877,396,6.3,,,1,MLB,
981,Ethan Anderson,C,BAL,0.0,877.0,877,,,,,1,AAA,266
982,Ethan Dorchies,SP,MIL,0.0,877.0,877,,,,,1,A+,267
983,Ethan Petry,3B,WSH,0.0,877.0,877,,,,,1,AA,268
984,Evan Phillips,RP,LAD,0.0,877.0,877,199,15.0,,18,1,MLB,
985,Everson Pereira,OF,NYY/TB,0.0,877.0,877,,,,,1,MLB,
986,Felipe De La Cruz,RP,NYM,0.0,877.0,877,,,,,1,AAA,269
987,Fernando Cruz,SS,CHC,0.0,877.0,877,,,,,1,A,270
988,Fernando Cruz,RP,NYY,0.0,877.0,877,,,,,1,MLB,
989,Forrest Whitley,RP,HOU/TB,0.0,877.0,877,,,,,1,AAA,271
990,Franco Aleman,RP,CLE,0.0,877.0,877,,,,,1,MLB,
991,Frank Mozzicato,RP,KC,0.0,877.0,877,,,,,1,AA,272
992,Franyerson Reyes,SP,DET,0.0,877.0,877,,,,,1,MLB,
993,Freddy Fermin,C,KC/SD,0.0,877.0,877,,,,,1,MLB,
994,Gabe Speier,RP,SEA,0.0,877.0,877,361,7.4,,57,1,MLB,
995,Gabriel Arias,"2B,3B,SS",CLE,0.0,877.0,877,,,,,1,MLB,
996,Gabriel Davalillo,C,LAA,0.0,877.0,877,,,,,1,A,273
997,Gage Workman,"3B,SS",CHC/CHW/DET,0.0,877.0,877,,,,,1,MLB,
998,Garrett Baumann,SP,ATL,0.0,877.0,877,,,,,1,AAA,274
999,Garrett Cleavinger,RP,TB,0.0,877.0,877,242,12.5,,,1,MLB,
1000,Gary Gill Hill,SP,TB,0.0,877.0,877,,,,,1,AAA,275
1001,Gary Sanchez,"C,1B",BAL,0.0,877.0,877,,,,,1,MLB,
1002,Gavin Cross,OF,KC,0.0,877.0,877,,,,,1,AAA,276
1003,Gavin Lux,"2B,OF",CIN,0.0,877.0,877,,,,,1,AAA,277
1004,Gavin Stone,SP,LAD,0.0,877.0,877,,,,,1,AAA,278
1005,George Soriano,RP,MIA,0.0,877.0,877,,,,,1,MLB,
1006,George Valera,OF,CLE,0.0,877.0,877,,,,,1,MLB,
1007,George Wolkow,OF,CHW,0.0,877.0,877,,,,,1,A+,279
1008,German Marquez,SP,COL,0.0,877.0,877,,,,,1,MLB,
1009,Gordon Graceffo,RP,STL,0.0,877.0,877,,,,,1,MLB,
1010,Graham Ashcraft,RP,CIN,0.0,877.0,877,,,,,1,MLB,
1011,Graham Pauley,3B,MIA,0.0,877.0,877,,,,,1,MLB,
1012,Grant Anderson,RP,MIL,0.0,877.0,877,,,,,1,MLB,
1013,Grant McCray,OF,SF,0.0,877.0,877,,,,,1,MLB,
1014,Grant Wolfram,RP,MIL/BAL,0.0,877.0,877,,,,,1,MLB,
1015,Greg Weissert,RP,BOS,0.0,877.0,877,,,,,1,MLB,
1016,Griff McGarry,SP,PHI,0.0,877.0,877,,,,,1,AAA,280
1017,Griff O'Ferrall,SS,BAL,0.0,877.0,877,,,,,1,AA,281
1018,Griffin Canning,SP,NYM,0.0,877.0,877,,,,,1,MLB,
1019,Gunnar Hoglund,SP,ATH,0.0,877.0,877,,,,,1,AAA,282
1020,Ha-seong Kim,SS,TB/ATL,0.0,877.0,877,,,,,1,MLB,
1021,Harrison Bader,OF,MIN/PHI,0.0,877.0,877,,,,,1,MLB,
1022,Hayden Birdsong,SP,SF,0.0,877.0,877,,,,,1,AAA,283
1023,Hedbert Perez,OF,MIL,0.0,877.0,877,,,,,1,AA,284
1024,Henry Baez,SP,SD/ATH,0.0,877.0,877,,,,,1,MLB,
1025,Henry Davis,C,PIT,0.0,877.0,877,,,,,1,MLB,
1026,Henry Godbout,SS,BOS,0.0,877.0,877,,,,,1,AA,285
1027,Heston Kjerstad,OF,BAL,0.0,877.0,877,,,,,1,MLB,
1028,Hoby Milner,RP,TEX,0.0,877.0,877,,,,,1,MLB,
1029,Homer Bush Jr.,OF,TB,0.0,877.0,877,,,,,1,AAA,286
1030,Huascar Brazoban,RP,NYM,0.0,877.0,877,,,,,1,MLB,
1031,Humberto Cruz,SP,SD,0.0,877.0,877,,,,,1,ROK,287
1032,Hunter Bigge,RP,TB,0.0,877.0,877,,,,,1,MLB,
1033,Hunter Dobbins,SP,BOS,0.0,877.0,877,,,,,1,MLB,
1034,Hunter Harvey,RP,KC,0.0,877.0,877,,,,,1,MLB,
1035,Isaac Collins,"2B,OF",MIL,0.0,877.0,877,393,6.4,,,1,MLB,
1036,Isaac Mattson,RP,PIT,0.0,877.0,877,,,,,1,MLB,
1037,Isiah Kiner-Falefa,"2B,3B,SS,OF",PIT/TOR,0.0,877.0,877,,,,,1,MLB,
1038,Ivan Melendez,"1B,3B",ARI,0.0,877.0,877,,,,,1,AAA,288
1039,Jace Jung,"2B,3B",DET,0.0,877.0,877,,,,,1,MLB,
1040,Jack Dreyer,"SP,RP",LAD,0.0,877.0,877,,,,87,1,MLB,
1041,Jack Kochanowicz,SP,LAA,0.0,877.0,877,,,,,1,MLB,
1042,Jack Suwinski,OF,PIT,0.0,877.0,877,,,,,1,AAA,289
1043,Jackson Baumeister,SP,TB,0.0,877.0,877,,,,,1,AA,290
1044,Jackson Rutledge,RP,WSH,0.0,877.0,877,,,,,1,MLB,
1045,Jacob Berry,"3B,OF",MIA,0.0,877.0,877,,,,,1,AAA,291
1046,Jacob Stallings,C,COL/BAL,0.0,877.0,877,,,,,1,AAA,292
1047,Jaden Fauske,OF,CHW,0.0,877.0,877,,,,,1,A,293
1048,Jaden Hill,RP,COL,0.0,877.0,877,,,,,1,MLB,
1049,Jadher Areinamo,"2B,SS",MIL/TB,0.0,877.0,877,,,,,1,AAA,294
1050,Jahmai Jones,"2B,OF",DET,0.0,877.0,877,,,,,1,MLB,
1051,Jake Bird,RP,COL/NYY,0.0,877.0,877,,,,,1,MLB,
1052,Jake Bloss,SP,TOR,0.0,877.0,877,,,,,1,AAA,295
1053,Jake Eder,SP,CHW/LAA/WSH,0.0,877.0,877,,,,,1,MLB,
1054,Jake Fraley,OF,CIN/ATL,0.0,877.0,877,,,,,1,MLB,
1055,Jake Gelof,3B,LAD,0.0,877.0,877,,,,,1,AA,296
1056,Jake Irvin,SP,WSH,0.0,877.0,877,,,,,1,MLB,
1057,Jake Meyers,OF,HOU,0.0,877.0,877,,,,,1,MLB,
1058,Jake Rogers,C,DET,0.0,877.0,877,,,,,1,MLB,
1059,Jakob Junis,RP,CLE,0.0,877.0,877,,,,,1,MLB,
1060,Jalen Beeks,RP,HOU/ARI,0.0,877.0,877,,,,,1,MLB,
1061,James McArthur,RP,KC,0.0,877.0,877,,,,,1,MLB,
1062,James Outman,OF,LAD/MIN,0.0,877.0,877,,,,,1,MLB,
1063,Janson Junk,"SP,RP",MIA,0.0,877.0,877,,,,,1,MLB,
1064,Jared Koenig,RP,MIL,0.0,877.0,877,,,,,1,MLB,
1065,Jared Serna,SS,MIA,0.0,877.0,877,,,,,1,MLB,
1066,Jared Triolo,"1B,2B,3B,SS",PIT,0.0,877.0,877,,,,,1,MLB,
1067,Jared Young,"3B,OF",NYM,0.0,877.0,877,383,6.7,,,1,MLB,
1068,Jarred Kelenic,OF,ATL,0.0,877.0,877,,,,,1,MLB,
1069,Jason Alexander,SP,ATH/HOU,0.0,877.0,877,,,,,1,MLB,
1070,Jason Foley,RP,DET,0.0,877.0,877,,,,,1,MLB,
1071,Jason Heyward,OF,SD,0.0,877.0,877,,,,,1,AAA,297
1072,Javier Assad,SP,CHC,0.0,877.0,877,,,,,1,MLB,
1073,Javier Baez,"2B,3B,SS,OF",DET,0.0,877.0,877,,,,,1,MLB,
1074,Jay Allen,OF,CIN,0.0,877.0,877,,,,,1,AAA,298
1075,JB Middleton,SP,COL,0.0,877.0,877,,,,,1,A,299
1076,J.D. Martinez,UT,(N/A),0.0,877.0,877,,,,,1,A,300
1077,Jedixson Paez,SP,BOS,0.0,877.0,877,,,,,1,MLB,
1078,Jeimer Candelario,"1B,3B",CIN/NYY,0.0,877.0,877,,,,,1,MLB,
1079,Jeral Perez,"2B,SS",CHW,0.0,877.0,877,,,,,1,AA,301
1080,Jerar Encarnacion,OF,SF,0.0,877.0,877,,,,,1,MLB,
1081,Jeremiah Jackson,"3B,SS,OF",BAL,0.0,877.0,877,,,,,1,MLB,
1082,Jesse Scholtens,RP,CHW/TB,0.0,877.0,877,,,,,1,MLB,
1083,Jesus Rodriguez,OF,CHC,0.0,877.0,877,,,,,1,MLB,
1084,Jeter Martinez,SP,SEA/PIT,0.0,877.0,877,,,,,1,A,302
1085,Jhonkensy Noel,"3B,OF",CLE,0.0,877.0,877,,,,,1,AAA,303
1086,Jhonny Severino,"3B,SS",PIT,0.0,877.0,877,,,,,1,A+,304
1087,Jhony Brito,RP,SD,0.0,877.0,877,,,,,1,MLB,
1088,Jimmy Crooks,C,STL,0.0,877.0,877,,,,,1,MLB,
1089,Joe Boyle,SP,TB,0.0,877.0,877,,,,,1,MLB,
1090,Joe Kelly,RP,(N/A),0.0,877.0,877,,,,,1,A,305
1091,Joe Rock,SP,TB,0.0,877.0,877,,,,,1,MLB,
1092,Joe Whitman,SP,SF,0.0,877.0,877,,,,,1,AAA,306
1093,Joey Bart,C,PIT,0.0,877.0,877,,,,,1,MLB,
1094,Joey Estes,SP,ATH,0.0,877.0,877,,,,,1,MLB,
1095,Joey Loperfido,OF,TOR,0.0,877.0,877,,,,,1,MLB,
1096,Joey Oakie,SP,CLE,0.0,877.0,877,,,,,1,A+,307
1097,Joey Wentz,RP,PIT/MIN/ATL,0.0,877.0,877,,,,,1,MLB,
1098,Joey Wiemer,OF,KC/MIA,0.0,877.0,877,,,,,1,MLB,
1099,Johan Oviedo,SP,PIT,0.0,877.0,877,,,,,1,MLB,
1100,Johan Rojas,OF,PHI,0.0,877.0,877,,,,,1,AAA,308
1101,John Cruz,OF,MIA,0.0,877.0,877,,,,,1,ROK,309
1102,John King,RP,STL,0.0,877.0,877,,,,,1,MLB,
1103,John Means,SP,CLE,0.0,877.0,877,,,,,1,AAA,310
1104,John Schreiber,RP,KC,0.0,877.0,877,,,,,1,MLB,
1105,Johnathan Rodriguez,OF,CLE,0.0,877.0,877,,,,,1,MLB,
1106,Johnny Slawinski,SP,LAA,0.0,877.0,877,,,,,1,ROK,311
1107,Jonah Heim,C,TEX,0.0,877.0,877,,,,,1,MLB,
1108,Jonatan Clase,OF,TOR,0.0,877.0,877,,,,,1,MLB,
1109,Jonathan Bowlan,RP,KC,0.0,877.0,877,,,,45,1,MLB,
1110,Jonathan Cannon,SP,CHW,0.0,877.0,877,,,,,1,MLB,
1111,Jonathan Loaisiga,RP,NYY,0.0,877.0,877,,,,67,1,MLB,
1112,Jonny DeLuca,OF,TB,0.0,877.0,877,,,,,1,MLB,
1113,Jorbit Vivas,"2B,3B",NYY,0.0,877.0,877,,,,,1,MLB,
1114,Jordan Hicks,RP,SF/BOS,0.0,877.0,877,,,,83,1,MLB,
1115,Jordan Leasure,RP,CHW,0.0,877.0,877,,,,,1,MLB,
1116,Jordan Montgomery,SP,ARI/MIL,0.0,877.0,877,,,,,1,MLB,
1117,Jordan Romano,RP,PHI,0.0,877.0,877,,,,,1,MLB,
1118,Jordan Wicks,RP,CHC,0.0,877.0,877,,,,,1,MLB,
1119,Jordan Yost,SS,DET,0.0,877.0,877,,,,,1,A,312
1120,Jorge Barrosa,OF,ARI,0.0,877.0,877,,,,,1,MLB,
1121,Jorge Mateo,"2B,SS,OF",BAL,0.0,877.0,877,,,,,1,MLB,
1122,Jose Alvarado,RP,PHI,0.0,877.0,877,267,11.2,,95,1,MLB,
1123,Jose Anderson,OF,MIL,0.0,877.0,877,,,,,1,A,313
1124,Jose Butto,RP,NYM/SF,0.0,877.0,877,,,,,1,MLB,
1125,Jose Cabrera,SP,ARI,0.0,877.0,877,,,,,1,MLB,
1126,Jose Corniell,RP,TEX,0.0,877.0,877,,,,,1,MLB,
1127,Jose Ferrer,RP,WSH,0.0,877.0,877,,,,,1,MLB,
1128,Jose Miranda,"1B,3B",MIN,0.0,877.0,877,,,,,1,AAA,314
1129,Jose Perdomo,SS,ATL,0.0,877.0,877,,,,,1,A,315
1130,Jose Quintana,SP,MIL,0.0,877.0,877,,,,,1,A,316
1131,Jose Siri,OF,NYM,0.0,877.0,877,,,,,1,MLB,
1132,Jose Suarez,RP,LAA/ATL,0.0,877.0,877,,,,,1,MLB,
1133,Jose Tena,"3B,SS",WSH,0.0,877.0,877,,,,,1,MLB,
1134,Jose Trevino,C,CIN,0.0,877.0,877,,,,,1,MLB,
1135,Jose Urquidy,SP,DET,0.0,877.0,877,,,,,1,MLB,
1136,Joseph Sullivan,OF,HOU,0.0,877.0,877,,,,,1,AA,317
1137,Josh Owens,SS,TEX,0.0,877.0,877,,,,,1,A,318
1138,Josh Rojas,"2B,3B",CHW,0.0,877.0,877,,,,,1,MLB,
1139,Josh Smith,"1B,3B,SS,OF",TEX,0.0,877.0,877,,,,,1,MLB,
1140,Josh White,RP,MIA,0.0,877.0,877,,,,,1,MLB,
1141,Josiah Gray,SP,WSH,0.0,877.0,877,,,,,1,MLB,
1142,J.P. France,RP,HOU,0.0,877.0,877,,,,,1,MLB,
1143,J.P. Sears,SP,ATH/SD,0.0,877.0,877,,,,,1,MLB,
1144,JT Brubaker,RP,NYY/SF,0.0,877.0,877,,,,,1,MLB,
1145,Juan Brito,"1B,2B,3B",CLE,0.0,877.0,877,,,,,1,MLB,
1146,Juan Cabada,SS,CHC,0.0,877.0,877,,,,,1,A,319
1147,Juaron Watts-Brown,SP,TOR/BAL,0.0,877.0,877,,,,,1,AAA,320
1148,Jud Fabian,OF,BAL,0.0,877.0,877,,,,,1,AAA,321
1149,Julian Aguiar,SP,CIN,0.0,877.0,877,,,,,1,MLB,
1150,Junior Perez,OF,ATH,0.0,877.0,877,,,,,1,MLB,
1151,Jurickson Profar,OF,ATL,0.0,877.0,877,,,,,1,AAA,322
1152,Justice Bigbie,OF,DET,0.0,877.0,877,,,,,1,AAA,323
1153,Justin Campbell,SP,CLE,0.0,877.0,877,,,,,1,AAA,324
1154,Justin Foscue,2B,TEX,0.0,877.0,877,,,,,1,MLB,
1155,Justin Jarvis,SP,LAD,0.0,877.0,877,,,,,1,MLB,
1156,Justin Lawrence,RP,PIT,0.0,877.0,877,,,,,1,MLB,
1157,Justin Slaten,RP,BOS,0.0,877.0,877,,,,,1,MLB,
1158,Justin Sterner,RP,ATH,0.0,877.0,877,,,,,1,MLB,
1159,Justin Topa,RP,MIN,0.0,877.0,877,,,,,1,MLB,
1160,Justin Verlander,SP,SF,0.0,877.0,877,,,,,1,MLB,
1161,Justyn-Henry Malloy,OF,DET,0.0,877.0,877,,,,,1,AAA,325
1162,Kade Strowd,RP,BAL,0.0,877.0,877,,,,,1,MLB,
1163,Kai-Wei Teng,SP,SF,0.0,877.0,877,,,,,1,MLB,
1164,Kala'i Rosario,OF,MIN,0.0,877.0,877,,,,,1,AAA,326
1165,Kale Fountain,3B,SD,0.0,877.0,877,,,,,1,A,327
1166,Kameron Misner,OF,TB,0.0,877.0,877,,,,,1,MLB,
1167,Keaton Winn,RP,SF,0.0,877.0,877,,,,,1,MLB,
1168,Ke'Bryan Hayes,3B,PIT/CIN,0.0,877.0,877,,,,,1,MLB,
1169,Keegan Akin,RP,BAL,0.0,877.0,877,,,,,1,MLB,
1170,Keiner Delgado,"2B,SS",PIT,0.0,877.0,877,,,,,1,AAA,328
1171,Kelvis Salcedo,SP,DET,0.0,877.0,877,,,,,1,A,329
1172,Kemp Alderman,OF,MIA,0.0,877.0,877,,,,,1,AAA,330
1173,Kenta Maeda,SP,DET/CHC/NYY,0.0,877.0,877,,,,,1,AAA,331
1174,Kevin Ginkel,RP,ARI,0.0,877.0,877,,,,,1,MLB,
1175,Kevin Parada,C,NYM,0.0,877.0,877,,,,,1,AAA,332
1176,Khristian Curtis,SP,PIT,0.0,877.0,877,,,,,1,MLB,
1177,Kirby Yates,RP,LAD,0.0,877.0,877,,,,,1,MLB,
1178,Kohl Drake,SP,TEX/ARI,0.0,877.0,877,,,,,1,MLB,
1179,Korbyn Dickerson,OF,SEA,0.0,877.0,877,,,,,1,A+,333
1180,Korey Lee,C,CHW,0.0,877.0,877,,,,,1,AAA,334
1181,Kris Bryant,"1B,OF",COL,0.0,877.0,877,,,,,1,MLB,
1182,Kutter Crawford,SP,BOS,0.0,877.0,877,,,,,1,AAA,335
1183,Ky Bush,SP,CHW,0.0,877.0,877,,,,,1,MLB,
1184,Kyle DeBarge,2B,MIN,0.0,877.0,877,,,,,1,AA,336
1185,Kyle Farmer,"1B,2B,3B,SS",COL,0.0,877.0,877,,,,,1,MLB,
1186,Kyle Freeland,SP,COL,0.0,877.0,877,,,,,1,MLB,
1187,Kyle Hart,RP,SD,0.0,877.0,877,,,,,1,MLB,
1188,Kyle Higashioka,C,TEX,0.0,877.0,877,,,,,1,MLB,
1189,Kyle Isbel,OF,KC,0.0,877.0,877,,,,,1,MLB,
1190,Kyle Robinson,SP,ATH,0.0,877.0,877,,,,,1,AAA,337
1191,Kyle Wright,SP,KC,0.0,877.0,877,,,,,1,AA,338
1192,Kyler Fedko,OF,MIN,0.0,877.0,877,,,,,1,MLB,
1193,Kyren Paris,"2B,SS,OF",LAA,0.0,877.0,877,,,,,1,MLB,
1194,LaMonte Wade Jr.,"1B,OF",SF/LAA,0.0,877.0,877,,,,,1,MLB,
1195,Lance McCullers Jr.,SP,HOU,0.0,877.0,877,,,,,1,MLB,
1196,Landen Maroudis,SP,TOR,0.0,877.0,877,,,,,1,A+,339
1197,Landon Knack,SP,LAD,0.0,877.0,877,,,,,1,MLB,
1198,Landon Sims,RP,ARI,0.0,877.0,877,,,,,1,AAA,340
1199,Lane Thomas,OF,CLE,0.0,877.0,877,,,,,1,MLB,
1200,Leo Balcazar,SS,CIN,0.0,877.0,877,,,,,1,MLB,
1201,Leo Jimenez,"2B,SS",TOR,0.0,877.0,877,,,,,1,MLB,
1202,Leo Rivas,"2B,SS",SEA,0.0,877.0,877,,,,,1,MLB,
1203,Leody Taveras,OF,TEX/SEA,0.0,877.0,877,,,,,1,MLB,
1204,Levi Sterling,SP,PIT,0.0,877.0,877,,,,,1,A+,341
1205,Liover Peguero,SS,PIT,0.0,877.0,877,,,,,1,AAA,342
1206,Logan Allen,SP,CLE,0.0,877.0,877,,,,,1,MLB,
1207,Logan Evans,SP,SEA,0.0,877.0,877,,,,,1,AAA,343
1208,Lonnie White,OF,PIT,0.0,877.0,877,,,,,1,AA,344
1209,Lourdes Gurriel Jr.,OF,ARI,0.0,877.0,877,,,,,1,MLB,
1210,Lucas Braun,SP,ATL,0.0,877.0,877,,,,,1,AAA,345
1211,Lucas Erceg,RP,KC,0.0,877.0,877,,,,,1,MLB,
1212,Luinder Avila,"SP,RP",KC,0.0,877.0,877,,,,,1,MLB,
1213,Luis Baez,OF,HOU,0.0,877.0,877,,,,,1,AA,346
1214,Luis Campusano,C,SD,0.0,877.0,877,,,,,1,MLB,
1215,Luis Cova,OF,MIA,0.0,877.0,877,,,,,1,A,347
1216,Luis Garcia,SP,HOU,0.0,877.0,877,,,,,1,ROK,348
1217,Luis Matos,OF,SF,0.0,877.0,877,,,,,1,MLB,
1218,Luis Medina,"SP,RP",ATH,0.0,877.0,877,,,,69,1,MLB,
1219,Luis Merejo,1B,CLE,0.0,877.0,877,,,,,1,A,349
1220,Luis Mey,RP,CIN,0.0,877.0,877,,,,,1,MLB,
1221,Luis Rengifo,"2B,3B,OF",LAA,0.0,877.0,877,,,,,1,MLB,
1222,Luis Torrens,C,NYM,0.0,877.0,877,,,,,1,MLB,
1223,Luis Urias,"2B,3B",ATH/MIL,0.0,877.0,877,,,,,1,MLB,
1224,Luke Dickerson,SS,WSH,0.0,877.0,877,,,,,1,A+,350
1225,Luke Little,RP,CHC,0.0,877.0,877,,,,,1,MLB,
1226,Luke Sinnard,SP,ATL,0.0,877.0,877,,,,,1,AA,351
1227,Luke Stevenson,C,SEA,0.0,877.0,877,,,,,1,A+,352
1228,Maddux Bruns,SP,LAD,0.0,877.0,877,,,,,1,AA,353
1229,Malachi Witherspoon,SP,DET,0.0,877.0,877,,,,,1,A,354
1230,Malcolm Moore,C,TEX,0.0,877.0,877,,,,,1,AA,355
1231,Manuel Beltre,"2B,3B,SS",TOR,0.0,877.0,877,,,,,1,A+,356
1232,Manuel Rodriguez,RP,TB,0.0,877.0,877,,,,,1,MLB,
1233,Marc Church,SP,TEX,0.0,877.0,877,,,,,1,AAA,357
1234,Marcell Ozuna,UT,ATL,0.0,877.0,877,,,,,1,MLB,
1235,Marco Dinges,UT,MIL,0.0,877.0,877,,,,,1,AA,358
1236,Marconi German,SS,WSH,0.0,877.0,877,,,,,1,ROK,359
1237,Marcus Phillips,SP,BOS,0.0,877.0,877,,,,,1,A+,360
1238,Mark Leiter Jr.,RP,NYY,0.0,877.0,877,,,,,1,MLB,
1239,Masataka Yoshida,UT,BOS,0.0,877.0,877,,,,,1,MLB,
1240,Mason Adams,SP,CHW,0.0,877.0,877,,,,,1,MLB,
1241,Mason Barnett,SP,ATH,0.0,877.0,877,,,,,1,MLB,
1242,Mason Black,SP,SF,0.0,877.0,877,,,,,1,MLB,
1243,Mason Fluharty,RP,TOR,0.0,877.0,877,362,7.4,,62,1,MLB,
1244,Mason Neville,OF,CIN,0.0,877.0,877,,,,,1,A+,361
1245,Matt Allan,SP,NYM,0.0,877.0,877,,,,,1,A+,362
1246,Matt Strahm,RP,PHI,0.0,877.0,877,,,,,1,MLB,
1247,Matt Svanson,RP,STL,0.0,877.0,877,,,,,1,MLB,
1248,Matt Vierling,"3B,OF",DET,0.0,877.0,877,,,,,1,MLB,
1249,Matt Waldron,SP,SD,0.0,877.0,877,,,,,1,MLB,
1250,Matthew Fisher,SP,PHI,0.0,877.0,877,,,,,1,A,363
1251,Matthew Lugo,OF,LAA,0.0,877.0,877,,,,,1,MLB,
1252,Mavis Graves,SP,PHI,0.0,877.0,877,,,,,1,AA,364
1253,Max Belyeu,OF,COL,0.0,877.0,877,,,,,1,A+,365
1254,Max Kepler,OF,PHI,0.0,877.0,877,,,,,1,MLB,
1255,Max Schuemann,"2B,3B,SS,OF",ATH,0.0,877.0,877,,,,,1,MLB,
1256,Maximo Acosta,"2B,3B,SS",MIA,0.0,877.0,877,,,,,1,MLB,
1257,Maykel Coret,OF,TB,0.0,877.0,877,,,,,1,ROK,366
1258,McCade Brown,SP,COL,0.0,877.0,877,,,,,1,AA,367
1259,Michael A. Taylor,OF,CHW,0.0,877.0,877,,,,,1,MLB,
1260,Michael Conforto,OF,LAD,0.0,877.0,877,,,,,1,MLB,
1261,Michael Kennedy,SP,CLE,0.0,877.0,877,,,,,1,AA,368
1262,Michael Kopech,RP,LAD,0.0,877.0,877,,,,,1,AAA,369
1263,Michael Lorenzen,SP,KC,0.0,877.0,877,,,,,1,MLB,
1264,Michael Massey,"2B,OF",KC,0.0,877.0,877,366,7.3,,,1,MLB,
1265,Michael Morales,SP,SEA,0.0,877.0,877,,,,,1,AA,370
1266,Michael Oliveto,C,DET,0.0,877.0,877,,,,,1,A,371
1267,Michael Petersen,RP,LAA/ATL/MIA,0.0,877.0,877,,,,30,1,MLB,
1268,Michael Toglia,"1B,OF",COL,0.0,877.0,877,,,,,1,MLB,
1269,Mickey Gasper,"C,1B,2B",MIN,0.0,877.0,877,,,,,1,MLB,
1270,Miguel Amaya,C,CHC,0.0,877.0,877,,,,,1,MLB,
1271,Miguel Andujar,"3B,OF",ATH/CIN,0.0,877.0,877,,,,,1,MLB,
1272,Miguel Bleis,OF,BOS,0.0,877.0,877,,,,,1,AA,372
1273,Miguel Mendez,RP,SD,0.0,877.0,877,,,,,1,MLB,
1274,Miguel Rojas,"2B,3B,SS",LAD,0.0,877.0,877,,,,,1,MLB,
1275,Mike Boeve,"1B,3B",MIL,0.0,877.0,877,,,,,1,AA,373
1276,Mike Tauchman,OF,CHW,0.0,877.0,877,,,,,1,AAA,374
1277,Mike Vasil,RP,TB/CHW,0.0,877.0,877,,,,,1,MLB,
1278,Mike Yastrzemski,OF,SF/KC,0.0,877.0,877,,,,,1,MLB,
1279,Mikey Romero,SS,BOS,0.0,877.0,877,,,,,1,AAA,375
1280,Miles Mikolas,SP,STL,0.0,877.0,877,,,,,1,MLB,
1281,Mitch Farris,SP,LAA,0.0,877.0,877,,,,,1,MLB,
1282,Mitch Garver,C,SEA,0.0,877.0,877,,,,,1,MLB,
1283,Mitch Jebb,"2B,SS",PIT,0.0,877.0,877,,,,,1,AAA,376
1284,Mitch Spence,RP,ATH,0.0,877.0,877,,,,,1,MLB,
1285,Mitchell Parker,SP,WSH,0.0,877.0,877,,,,,1,MLB,
1286,MJ Melendez,"C,OF",KC,0.0,877.0,877,,,,,1,MLB,
1287,Moises Chace,SP,PHI,0.0,877.0,877,,,,,1,AA,377
1288,Myles Naylor,SS,ATH,0.0,877.0,877,,,,,1,A+,378
1289,Myles Straw,OF,TOR,0.0,877.0,877,,,,,1,MLB,
1290,Nacho Alvarez,3B,ATL,0.0,877.0,877,,,,,1,MLB,
1291,Nate Pearson,"SP,RP",CHC,0.0,877.0,877,,,,94,1,MLB,
1292,Nathan Church,OF,STL,0.0,877.0,877,,,,,1,MLB,
1293,Nathan Lukes,OF,TOR,0.0,877.0,877,375,7.0,,,1,MLB,
1294,Nazzan Zanetello,SS,BOS,0.0,877.0,877,,,,,1,A+,379
1295,Nestor Cortes Jr.,SP,MIL/SD,0.0,877.0,877,,,,,1,AAA,380
1296,Nestor German,SP,BAL,0.0,877.0,877,,,,,1,AAA,381
1297,Nick Becker,SS,SEA,0.0,877.0,877,,,,,1,A,382
1298,Nick Castellanos,OF,PHI,0.0,877.0,877,,,,,1,MLB,
1299,Nick Fortes,C,MIA/TB,0.0,877.0,877,,,,,1,MLB,
1300,Nick Frasso,RP,LAD,0.0,877.0,877,,,,,1,MLB,
1301,Nick Loftin,"2B,3B,OF",KC,0.0,877.0,877,,,,,1,MLB,
1302,Nick Mears,RP,MIL,0.0,877.0,877,,,,,1,MLB,
1303,Nick Morabito,OF,NYM,0.0,877.0,877,,,,,1,MLB,
1304,Nick Sogard,"1B,2B,SS",BOS,0.0,877.0,877,,,,,1,MLB,
1305,Nick Yorke,2B,PIT,0.0,877.0,877,,,,,1,MLB,
1306,Nolan Jones,OF,COL/CLE,0.0,877.0,877,,,,,1,AAA,383
1307,Nolan Schubart,"1B,OF",CLE,0.0,877.0,877,,,,,1,AA,384
1308,Orelvis Martinez,SS,TOR/WSH,0.0,877.0,877,,,,,1,AAA,385
1309,Orlando Arcia,"1B,2B,3B,SS",ATL/COL,0.0,877.0,877,,,,,1,MLB,
1310,Osleivis Basabe,"2B,3B,SS",SF,0.0,877.0,877,,,,,1,MLB,
1311,Osvaldo Bido,RP,ATH,0.0,877.0,877,,,,,1,MLB,
1312,Oswald Peraza,"1B,2B,3B,SS",NYY/LAA,0.0,877.0,877,,,,,1,MLB,
1313,Oswaldo Cabrera,"1B,2B,3B,OF",NYY,0.0,877.0,877,,,,,1,MLB,
1314,Otto Kemp,"1B,2B,3B,OF",PHI,0.0,877.0,877,,,,,1,MLB,
1315,Owen Ayers,C,CHC,0.0,877.0,877,,,,,1,AAA,386
1316,Patrick Bailey,C,SF,0.0,877.0,877,,,,,1,MLB,
1317,Patrick Corbin,SP,TEX,0.0,877.0,877,,,,,1,MLB,
1318,Patrick Sandoval,SP,BOS,0.0,877.0,877,,,,,1,MLB,
1319,Paulino Santana,OF,TEX,0.0,877.0,877,,,,,1,A,387
1320,Pavin Smith,"1B,OF",ARI,0.0,877.0,877,,,,,1,MLB,
1321,Payton Eeles,"2B,SS",MIN,0.0,877.0,877,,,,,1,AAA,388
1322,Payton Martin,SP,LAD,0.0,877.0,877,,,,,1,AA,389
1323,Pedro Pages,C,STL,0.0,877.0,877,,,,,1,MLB,
1324,Peyton Pallette,RP,CHW,0.0,877.0,877,,,,,1,MLB,
1325,Phil Maton,RP,STL/TEX,0.0,877.0,877,,,,,1,MLB,
1326,Pierce Johnson,RP,ATL,0.0,877.0,877,,,,,1,MLB,
1327,PJ Morlando,OF,MIA,0.0,877.0,877,,,,,1,A,390
1328,Porter Hodge,RP,CHC,0.0,877.0,877,,,,,1,AAA,391
1329,Prelander Berroa,RP,CHW,0.0,877.0,877,,,,,1,ROK,392
1330,Quentin Young,SS,MIN,0.0,877.0,877,,,,,1,A,393
1331,Rafael Marchan,C,PHI,0.0,877.0,877,,,,,1,MLB,
1332,Ramon Urias,"2B,3B",BAL/HOU,0.0,877.0,877,,,,,1,MLB,
1333,Randal Grichuk,OF,ARI/KC,0.0,877.0,877,,,,,1,MLB,
1334,Randy Dobnak,SP,MIN/DET,0.0,877.0,877,,,,,1,MLB,
1335,Randy Rodriguez,RP,SF,0.0,877.0,877,,,,,1,MLB,
1336,Raudi Rodriguez,OF,LAA,0.0,877.0,877,,,,,1,AAA,394
1337,Rayner Arias,OF,SF,0.0,877.0,877,,,,,1,ROK,395
1338,Rece Hinds,"3B,OF",CIN,0.0,877.0,877,,,,,1,MLB,
1339,Reed Garrett,RP,NYM,0.0,877.0,877,,,,,1,AA,396
1340,Reggie Crawford,RP,SF,0.0,877.0,877,,,,,1,ROK,397
1341,Rhys Hoskins,1B,MIL,0.0,877.0,877,,,,,1,MLB,
1342,Richard Fitts,SP,BOS,0.0,877.0,877,,,,,1,MLB,
1343,Richie Palacios,"2B,OF",TB,0.0,877.0,877,,,,,1,MLB,
1344,Riley Cornelio,SP,WSH,0.0,877.0,877,,,,,1,MLB,
1345,RJ Schreck,OF,TOR,0.0,877.0,877,,,,,1,AAA,398
1346,Rob Refsnyder,OF,BOS,0.0,877.0,877,,,,,1,MLB,
1347,Robert Arias,OF,CLE,0.0,877.0,877,,,,,1,A,399
1348,Robert Hassell,OF,WSH,0.0,877.0,877,,,,,1,AAA,400
1349,Robert Stephenson,RP,LAA,0.0,877.0,877,,,,,1,A,401
1350,Roberto Campos,OF,DET,0.0,877.0,877,,,,,1,AA,402
1351,Roderick Arias,"2B,SS",NYY,0.0,877.0,877,,,,,1,AA,403
1352,Romy Gonzalez,"1B,2B,3B,SS",BOS,0.0,877.0,877,,,,,1,MLB,
1353,Ronan Kopp,RP,LAD,0.0,877.0,877,,,,,1,AAA,404
1354,Ronel Blanco,SP,HOU,0.0,877.0,877,,,,,1,MLB,
1355,Ronny Henriquez,RP,MIA,0.0,877.0,877,,,,,1,MLB,
1356,Ronny Mauricio,"2B,3B",NYM,0.0,877.0,877,,,,,1,MLB,
1357,Rowdy Tellez,1B,SEA/TEX,0.0,877.0,877,,,,,1,MLB,
1358,Ryan Bergert,SP,SD/KC,0.0,877.0,877,,,,,1,MLB,
1359,Ryan Bliss,2B,SEA,0.0,877.0,877,,,,,1,MLB,
1360,Ryan Feltner,SP,COL,0.0,877.0,877,,,,,1,MLB,
1361,Ryan Fernandez,RP,STL,0.0,877.0,877,,,,,1,MLB,
1362,Ryan Forcucci,SP,HOU,0.0,877.0,877,,,,,1,A,405
1363,Ryan Gusto,"SP,RP",HOU/MIA,0.0,877.0,877,,,,,1,MLB,
1364,Ryan Kreidler,"3B,SS,OF",DET/PIT,0.0,877.0,877,,,,,1,MLB,
1365,Ryan McMahon,3B,COL/NYY,0.0,877.0,877,,,,,1,MLB,
1366,Ryan Mitchell,SS,STL,0.0,877.0,877,,,,,1,A,406
1367,Ryan Mountcastle,1B,BAL,0.0,877.0,877,,,,,1,MLB,
1368,Ryan Pressly,RP,CHC,0.0,877.0,877,,,,,1,MLB,
1369,Ryan Ritter,"2B,SS",COL,0.0,877.0,877,,,,,1,MLB,
1370,Ryan Thompson,RP,ARI,0.0,877.0,877,,,,,1,MLB,
1371,Ryan Vilade,OF,STL/CIN,0.0,877.0,877,,,,,1,MLB,
1372,Ryan Ward,"1B,OF",LAD,0.0,877.0,877,,,,,1,MLB,
1373,Ryan Wideman,OF,SD,0.0,877.0,877,,,,,1,A+,407
1374,Ryan Yarbrough,RP,TOR/NYY,0.0,877.0,877,,,,,1,MLB,
1375,Ryan Zeferjahn,RP,LAA,0.0,877.0,877,,,,26,1,MLB,
1376,Ryne Stanek,RP,NYM,0.0,877.0,877,,,,91,1,MLB,
1377,Sam Bachman,RP,LAA,0.0,877.0,877,,,,82,1,MLB,
1378,Samad Taylor,2B,SEA,0.0,877.0,877,,,,,1,MLB,
1379,Samuel Aldegheri,SP,LAA,0.0,877.0,877,,,,,1,MLB,
1380,Samuel Munoz,"3B,OF",LAD,0.0,877.0,877,,,,,1,A+,408
1381,Samuel Zavala,OF,SD,0.0,877.0,877,,,,,1,AA,409
1382,Samy Natera Jr.,RP,LAA,0.0,877.0,877,,,,,1,MLB,
1383,Santiago Espinal,"2B,3B,OF",CIN,0.0,877.0,877,,,,,1,MLB,
1384,Sawyer Gipson-Long,RP,DET,0.0,877.0,877,,,,,1,MLB,
1385,Scott Barlow,RP,CIN,0.0,877.0,877,,,,,1,MLB,
1386,Sean Murphy,C,ATL,0.0,877.0,877,,,,,1,MLB,
1387,Sean Newcomb,RP,BOS/ATH,0.0,877.0,877,,,,,1,MLB,
1388,Sean Sullivan,SP,COL,0.0,877.0,877,,,,,1,MLB,
1389,Seth Halvorsen,RP,COL,0.0,877.0,877,,,,,1,MLB,
1390,Seth Johnson,RP,PHI,0.0,877.0,877,,,,,1,MLB,
1391,Shawn Armstrong,RP,TEX,0.0,877.0,877,,,,,1,MLB,
1392,Shay Whitcomb,"3B,SS",HOU,0.0,877.0,877,,,,,1,MLB,
1393,Shelby Miller,RP,ARI/MIL,0.0,877.0,877,,,,,1,AAA,410
1394,Shinnosuke Ogasawara,RP,WSH,0.0,877.0,877,,,,,1,AAA,411
1395,Simeon Woods-Richardson,SP,MIN,0.0,877.0,877,,,,,1,MLB,
1396,Starling Marte,OF,NYM,0.0,877.0,877,,,,,1,MLB,
1397,Stephen Kolek,SP,SD/KC,0.0,877.0,877,,,,,1,MLB,
1398,Steven Cruz,RP,KC,0.0,877.0,877,343,8.1,,55,1,MLB,
1399,Steven Matz,RP,STL/BOS,0.0,877.0,877,,,,,1,MLB,
1400,Steven Zobac,SP,KC,0.0,877.0,877,,,,,1,MLB,
1401,Stiven Martinez,OF,BAL,0.0,877.0,877,,,,,1,A,412
1402,Sung Mun Song,3B,SD,0.0,877.0,877,,,,,1,MLB,
1403,Taijuan Walker,SP,PHI,0.0,877.0,877,,,,,1,MLB,
1404,Tanner Burns,RP,CLE,0.0,877.0,877,,,,,1,AAA,413
1405,Tanner Gordon,SP,COL,0.0,877.0,877,,,,,1,MLB,
1406,Tanner Houck,SP,BOS,0.0,877.0,877,,,,,1,MLB,
1407,Taylor Clarke,RP,KC,0.0,877.0,877,,,,,1,MLB,
1408,Taylor Rogers,RP,CIN/PIT/CHC,0.0,877.0,877,,,,,1,MLB,
1409,Taylor Walls,"2B,SS",TB,0.0,877.0,877,,,,,1,MLB,
1410,Thairo Estrada,2B,COL,0.0,877.0,877,,,,,1,AAA,414
1411,Thomas Harrington,RP,PIT,0.0,877.0,877,,,,,1,MLB,
1412,Tim Elko,1B,CHW,0.0,877.0,877,,,,,1,AAA,415
1413,Tim Herrin,RP,CLE,0.0,877.0,877,,,,,1,MLB,
1414,Tim Hill,RP,NYY,0.0,877.0,877,,,,,1,MLB,
1415,Tim Piasentin,3B,TOR,0.0,877.0,877,,,,,1,ROK,416
1416,Tim Tawa,"1B,2B,OF",ARI,0.0,877.0,877,397,6.3,,,1,MLB,
1417,Tirso Ornelas,OF,SD,0.0,877.0,877,,,,,1,AA,417
1418,T.J. Nichols,SP,TB,0.0,877.0,877,,,,,1,AA,418
1419,Tobias Myers,RP,MIL,0.0,877.0,877,,,,,1,MLB,
1420,Tommy Kahnle,RP,DET,0.0,877.0,877,,,,,1,MLB,
1421,Tommy Pham,OF,PIT,0.0,877.0,877,,,,,1,MLB,
1422,Tony Blanco Jr.,UT,PIT,0.0,877.0,877,,,,,1,A+,419
1423,Tony Gonsolin,SP,LAD,0.0,877.0,877,,,,,1,MLB,
1424,Tony Santillan,RP,CIN,0.0,877.0,877,,,,,1,MLB,
1425,Travis d'Arnaud,C,LAA,0.0,877.0,877,,,,,1,MLB,
1426,Trevor McDonald,SP,SF,0.0,877.0,877,,,,,1,MLB,
1427,Trevor Williams,SP,WSH,0.0,877.0,877,,,,,1,MLB,
1428,Trey Harris,OF,WSH,0.0,877.0,877,341,8.1,,53,1,MLB,
1429,Trey Lipscomb,3B,WSH,0.0,877.0,877,,,,,1,AAA,420
1430,Trey Sweeney,SS,DET,0.0,877.0,877,,,,,1,AAA,421
1431,Tristan Gray,"2B,3B",CHW/TB,0.0,877.0,877,,,,,1,MLB,
1432,Triston McKenzie,SP,CLE,0.0,877.0,877,,,,,1,AAA,422
1433,Troy Taylor,RP,SEA,0.0,877.0,877,,,,,1,MLB,
1434,Tsung-Che Cheng,"2B,SS",PIT,0.0,877.0,877,,,,,1,MLB,
1435,Ty Floyd,SP,CIN,0.0,877.0,877,,,,,1,A+,423
1436,Tyler Alexander,RP,MIL/CHW,0.0,877.0,877,358,7.5,,,1,MLB,
1437,Tyler Black,1B,MIL,0.0,877.0,877,,,,,1,MLB,
1438,Tyler Callihan,2B,CIN,0.0,877.0,877,,,,,1,MLB,
1439,Tyler Fitzgerald,"2B,SS,OF",SF,0.0,877.0,877,,,,,1,AAA,424
1440,Tyler Freeman,"2B,SS,OF",CLE/COL,0.0,877.0,877,,,,,1,MLB,
1441,Tyler Holton,"SP,RP",DET,0.0,877.0,877,345,8.0,,,1,MLB,
1442,Tyler Kinley,RP,COL/ATL,0.0,877.0,877,,,,,1,MLB,
1443,Tyler Locklear,1B,SEA/ARI,0.0,877.0,877,,,,,1,MLB,
1444,Tyler O'Neill,OF,BAL,0.0,877.0,877,,,,,1,MLB,
1445,Tyler Phillips,RP,PHI/MIA,0.0,877.0,877,,,,,1,MLB,
1446,Tyler Tolbert,"2B,SS,OF,RP",KC,0.0,877.0,877,,,,,1,MLB,
1447,Tylor Megill,SP,NYM,0.0,877.0,877,,,,,1,AA,425
1448,Tyrone Taylor,OF,NYM,0.0,877.0,877,,,,,1,MLB,
1449,Tyson Guerrero,SP,KC,0.0,877.0,877,,,,37,1,MLB,
1450,Tyson Neighbors,RP,SD/BAL,0.0,877.0,877,,,,,1,AA,426
1451,Valente Bellozo,SP,MIA,0.0,877.0,877,,,,,1,MLB,
1452,Victor Acosta,"2B,SS",CIN,0.0,877.0,877,,,,,1,A+,427
1453,Victor Bericoto,"1B,OF",SF,0.0,877.0,877,,,,,1,MLB,
1454,Victor Caratini,"C,1B",HOU,0.0,877.0,877,,,,,1,MLB,
1455,Victor Figueroa,1B,SD/BAL,0.0,877.0,877,,,,,1,AA,428
1456,Victor Robles,OF,SEA,0.0,877.0,877,,,,,1,MLB,
1457,Victor Vodnik,RP,COL,0.0,877.0,877,,,,,1,MLB,
1458,Vidal Brujan,"2B,3B,SS,OF",CHC/BAL/ATL,0.0,877.0,877,,,,,1,MLB,
1459,Wade Meckler,OF,SF,0.0,877.0,877,392,6.4,,,1,MLB,
1460,Walker Martin,SS,SF,0.0,877.0,877,,,,,1,A+,429
1461,Walter Ford,SP,SEA,0.0,877.0,877,,,,,1,A+,430
1462,Wander Franco,SS,TB,0.0,877.0,877,,,,,1,,
1463,Wandy Peralta,RP,SD,0.0,877.0,877,,,,,1,MLB,
1464,Warming Bernabel,"1B,3B",COL,0.0,877.0,877,,,,,1,AAA,431
1465,Welbyn Francisca,"2B,SS",CLE,0.0,877.0,877,,,,,1,AA,432
1466,Wenceel Perez,"SS,OF",DET,0.0,877.0,877,,,,,1,MLB,
1467,Wikelman Gonzalez,RP,CHW,0.0,877.0,877,,,,,1,MLB,
1468,Wilber Dotel,SP,PIT,0.0,877.0,877,,,,,1,MLB,
1469,Wilberson De Pena,OF,NYY,0.0,877.0,877,,,,,1,A,433
1470,Will Bednar,RP,SF,0.0,877.0,877,,,,,1,AAA,434
1471,Will Benson,OF,CIN,0.0,877.0,877,,,,,1,MLB,
1472,Will Brennan,OF,CLE,0.0,877.0,877,,,,,1,MLB,
1473,Will Dion,RP,CLE,0.0,877.0,877,,,,97,1,MLB,
1474,Will Klein,RP,SEA/LAD,0.0,877.0,877,,,,,1,MLB,
1475,Will Vest,RP,DET,0.0,877.0,877,,,,,1,MLB,
1476,Will Wagner,"1B,2B,3B",TOR/SF/SD,0.0,877.0,877,,,,,1,MLB,
1477,Will Watson,SP,NYM,0.0,877.0,877,,,,,1,AA,435
1478,William Bergolla,"2B,SS",CHW,0.0,877.0,877,,,,,1,AAA,436
1479,Wilmer Flores,RP,DET,0.0,877.0,877,,,,,1,A,437
1480,Wilmer Flores,"1B,2B",SF,0.0,877.0,877,,,,,1,MLB,
1481,Winston Santos,SP,TEX,0.0,877.0,877,,,,,1,MLB,
1482,Won-Bin Cho,OF,STL,0.0,877.0,877,,,,,1,AA,438
1483,Yanquiel Fernandez,OF,COL,0.0,877.0,877,,,,,1,AAA,439
1484,Yariel Rodriguez,RP,TOR,0.0,877.0,877,,,,,1,MLB,
1485,Yasser Mercedes,OF,MIN,0.0,877.0,877,,,,,1,A+,440
1486,Yennier Cano,RP,BAL,0.0,877.0,877,256,11.7,,73,1,MLB,
1487,Yilber Diaz,SP,ARI,0.0,877.0,877,,,,,1,MLB,
1488,Yimi Garcia,RP,TOR,0.0,877.0,877,,,,,1,AAA,441
1489,Yoan Moncada,3B,LAA,0.0,877.0,877,,,,,1,MLB,
1490,Yohan Ramirez,RP,PIT,0.0,877.0,877,,,,85,1,MLB,
1491,Yohendrick Pinango,OF,TOR,0.0,877.0,877,,,,,1,MLB,
1492,Yoniel Curet,SP,TB,0.0,877.0,877,,,,,1,AAA,442
1493,Yophery Rodriguez,OF,MIL/BOS,0.0,877.0,877,,,,,1,A+,443
1494,Yordanny Monegro,SP,BOS,0.0,877.0,877,,,,,1,AA,444
1495,Yovanny Cruz,RP,BOS,0.0,877.0,877,,,,,1,MLB,
1496,Yovanny Rodriguez,C,NYM,0.0,877.0,877,,,,,1,A,445
1497,Yu Darvish,SP,SD,0.0,877.0,877,,,,,1,AAA,446
1498,Yuki Matsui,RP,SD,0.0,877.0,877,,,,77,1,MLB,
1499,Zach Agnos,RP,COL,0.0,877.0,877,,,,,1,MLB,
1500,Zach Cole Jr.,"OF,UT",HOU,0.0,877.0,877,,,,,1,MLB,
1501,Zach Dezenzo,"1B,3B,OF",HOU,0.0,877.0,877,,,,,1,MLB,
1502,Zach Maxwell,RP,CIN,0.0,877.0,877,,,,,1,MLB,
1503,Zack Littell,SP,TB/CIN,0.0,877.0,877,,,,,1,MLB,
1504,Zander Mueth,SP,PIT,0.0,877.0,877,,,,,1,A,447
1505,Alimber Santa,RP,HOU,,,,,,,,0,,
1506,Angeibel Gomez,,,,,,,,,,0,ROK,
1507,Ben Hess,,,,,,,,,,0,AA,
1508,Blaze Jordan,,,,,,,,,,0,MLB,
1509,Bryce Rainer,,,,,,,,,,0,A+,
1510,Cam Booser,RP,CHW,,,,,,,,0,,
1511,Carlos Lagrange,,,,,,,,,,0,AAA,
1512,Cody Ponce,,,,,,,,,,0,MLB,
1513,Connor Prielipp,,,,,,,,,,0,MLB,
1514,Cooper Hjerpe,,,,,,,,,,0,MLB,
1515,Cooper Pratt,,,,,,,,,,0,MLB,
1516,Cris Rodriguez,,,,,,,,,,0,A,
1517,DJ Herz,,,,,,,,,,0,MLB,
1518,Dax Kilby,,,,,,,,,,0,A,
1519,Drew Thorpe,,,,,,,,,,0,AAA,
1520,Eduardo Quintero,,,,,,,,,,0,AA,
1521,Eduardo Valencia,,,,,,,,,,0,MLB,
1522,Elmer Rodriguez,,,,,,,,,,0,,
1523,Emmanuel Rodriguez,,,,,,,,,,0,MLB,
1524,Eric Hartman,,,,,,,,,,0,AA,
1525,Ethan Holliday,,,,,,,,,,0,A,
1526,Foster Griffin,,,,,,,,,,0,MLB,
1527,Francisco Renteria,,,,,,,,,,0,ROK,
1528,Gage Jump,,,,,,,,,,0,MLB,
1529,George Klassen,,,,,,,,,,0,MLB,
1530,George Lombard Jr.,,,,,,,,,,0,MLB,
1531,Grayson Rodriguez,,,,,,,,,,0,MLB,
1532,Hao-Yu Lee,,,,,,,,,,0,MLB,
1533,Hector Rodriguez,,,,,,,,,,0,MLB,
1534,Henry Lalane,,,,,,,,,,0,AA,
1535,Ike Irish,,,,,,,,,,0,A+,
1536,J.R. Ritchie,,,,,,,,,,0,MLB,
1537,James Tibbs III,,,,,,,,,,0,AAA,
1538,James Triantos,,,,,,,,,,0,MLB,
1539,Jared Jones,,,,,,,,,,0,MLB,
1540,Jesus Made,,,,,,,,,,0,AA,
1541,Jhonny Level,,,,,,,,,,0,A+,
1542,Joe Mack,,,,,,,,,,0,MLB,
1543,Johnny King,,,,,,,,,,0,AA,
1544,Jonathon Long,,,,,,,,,,0,AAA,
1545,Josh Hammond,,,,,,,,,,0,A,
1546,Josiah Hartshorn,,,,,,,,,,0,AA,
1547,Konnor Griffin,,,,,,,,,,0,MLB,
1548,Luis Gastelum,RP,STL,,,,,,,,0,,
1549,Luis Lara,,,,,,,,,,0,MLB,
1550,Nate Lavender,,,,,,,,,,0,MLB,
1551,Pedro Ramirez,,,,,,,,,,0,MLB,
1552,Peter Lambert,,,,,,,,,,0,MLB,
1553,Ralphy Velazquez,,,,,,,,,,0,AAA,
1554,Rhett Lowder,,,,,,,,,,0,MLB,
1555,Ricky Tiedemann,,,,,,,,,,0,MLB,
1556,Ryan Watson,RP,SF,,,,,,,,0,,
1557,Sebastian Walcott,,,,,,,,,,0,AAA,
1558,Spencer Jones,,,,,,,,,,0,MLB,
1559,Steele Hall,,,,,,,,,,0,A,
1560,Tatsuya Imai,,,,,,,,,,0,MLB,
1561,Tommy Troy,,,,,,,,,,0,MLB,
1562,Walbert Urena,,,,,,,,,,0,MLB,
1563,Walker Jenkins,,,,,,,,,,0,MLB,
1564,Xavier Isaac,,,,,,,,,,0,AAA,
1565,Zac Thornton,,,,,,,,,,0,,
1566,Zyhir Hope,,,,,,,,,,0,AA,
