reason,player,dynasty_rank,keeper_rank,best_rank
"ranked, no name match (add to aliases)",kobi simmons,,217,217
"ranked, no name match (add to aliases)",tristan thompson,,218,218
"ranked, no name match (add to aliases)",isaiah roby,,222,222
"ranked, no name match (add to aliases)",robin lopez,,233,233
"ranked, no name match (add to aliases)",victor oladipo,,237,237
"ranked, no name match (add to aliases)",bruno fernando,,238,238
"ranked, no name match (add to aliases)",alex ducas,,247,247
"ranked, no name match (add to aliases)",rj hampton,,249,249
"ranked, no name match (add to aliases)",dj steward,,255,255
"ranked, no name match (add to aliases)",jordan nwora,,256,256
"ranked, no name match (add to aliases)",justin minaya,,258,258
"ranked, no name match (add to aliases)",jeff dowtin,,261,261
"ranked, no name match (add to aliases)",otto porter,,265,265
"ranked, no name match (add to aliases)",braxton key,,278,278
"ranked, no name match (add to aliases)",jaylin galloway,,287,287
"ranked, no name match (add to aliases)",reece beekman,,290,290
"ranked, no name match (add to aliases)",ulrich chomche,,291,291
"ranked, no name match (add to aliases)",josh christopher,,298,298
"ranked, no name match (add to aliases)",montrezl harrell,,302,302
"ranked, no name match (add to aliases)",nate hinton,,303,303
"ranked, no name match (add to aliases)",isaiah todd,,304,304
"ranked, no name match (add to aliases)",max fiedler,,312,312
"ranked, no name match (add to aliases)",david duke,,313,313
"ranked, no name match (add to aliases)",darius bazley,,318,318
"ranked, no name match (add to aliases)",khem birch,,320,320
"ranked, no name match (add to aliases)",juan toscano anderson,,324,324
"ranked, no name match (add to aliases)",alex oconnell,,330,330
"ranked, no name match (add to aliases)",dj carton,,331,331
"ranked, no name match (add to aliases)",anton watson,,332,332
"ranked, no name match (add to aliases)",gabe mcglothan,,333,333
"ranked, no name match (add to aliases)",jaylen martin,,334,334
"ranked, no name match (add to aliases)",jalen bridges,,335,335
"ranked, no name match (add to aliases)",jae crowder,,338,338
"ranked, no name match (add to aliases)",tyler wahl,,344,344
"ranked, no name match (add to aliases)",jazian gortman,,346,346
"ranked, no name match (add to aliases)",joe harris,,347,347
"ranked, no name match (add to aliases)",xavier johnson,,353,353
"ranked, no name match (add to aliases)",boo buie,,355,355
"ranked, no name match (add to aliases)",saben lee,,359,359
"ranked, no name match (add to aliases)",furkan korkmaz,,360,360
"ranked, no name match (add to aliases)",malcolm hill,,362,362
"ranked, no name match (add to aliases)",hamidou diallo,,366,366
"ranked, no name match (add to aliases)",kevon harris,,369,369
"ranked, no name match (add to aliases)",mason jones,,373,373
"ranked, no name match (add to aliases)",aaron nkrumah,,375,375
"ranked, no name match (add to aliases)",theo maledon,,376,376
"ranked, no name match (add to aliases)",oshae brissett,,388,388
"ranked, no name match (add to aliases)",chimezie metu,,389,389
"ranked, no name match (add to aliases)",mark mitchell,,392,392
"ranked, no name match (add to aliases)",nikola djurisic,,395,395
"ranked, no name match (add to aliases)",alex fudge,,397,397
"ranked, no name match (add to aliases)",joshua primo,,404,404
"ranked, no name match (add to aliases)",malachi flynn,,411,411
"ranked, no name match (add to aliases)",mark armstrong,,413,413
"ranked, no name match (add to aliases)",ricky council,,416,416
"ranked, no name match (add to aliases)",dylan windler,,421,421
"ranked, no name match (add to aliases)",melvin ajinca,,422,422
"ranked, no name match (add to aliases)",eugene omoruyi,,423,423
"ranked, no name match (add to aliases)",evan fournier,,427,427
"ranked, no name match (add to aliases)",marcus domask,,434,434
"ranked, no name match (add to aliases)",samkelo cele,,435,435
"ranked, no name match (add to aliases)",trevelin queen,,436,436
"ranked, no name match (add to aliases)",mamadi diakite,,437,437
"ranked, no name match (add to aliases)",armando bacot,,439,439
"ranked, no name match (add to aliases)",quincy guerrier,,440,440
"ranked, no name match (add to aliases)",max abmas,,441,441
"ranked, no name match (add to aliases)",trevon scott,,443,443
"ranked, no name match (add to aliases)",cole swider,,455,455
"ranked, no name match (add to aliases)",usman garuba,,457,457
"ranked, no name match (add to aliases)",tyrese samuel,,459,459
"ranked, no name match (add to aliases)",duane washington,,462,462
"ranked, no name match (add to aliases)",aaron estrada,,463,463
"ranked, no name match (add to aliases)",damian jones,,465,465
"ranked, no name match (add to aliases)",james nnaji,,467,467
"ranked, no name match (add to aliases)",nerlens noel,,469,469
"ranked, no name match (add to aliases)",danuel house,,470,470
"ranked, no name match (add to aliases)",danilo gallinari,,471,471
"ranked, no name match (add to aliases)",reggie bullock,,476,476
"ranked, no name match (add to aliases)",terry rozier,,477,477
"ranked, no name match (add to aliases)",jermaine samuels,,482,482
"ranked, no name match (add to aliases)",james bouknight,,487,487
"ranked, no name match (add to aliases)",armel traore,,489,489
"ranked, no name match (add to aliases)",keisei tominaga,,490,490
"ranked, no name match (add to aliases)",javale mcgee,,493,493
"ranked, no name match (add to aliases)",davis bertans,,496,496
"ranked, no name match (add to aliases)",nick boyd,,502,502
"ranked, no name match (add to aliases)",keon johnson,,508,508
"ranked, no name match (add to aliases)",jared butler,,509,509
"ranked, no name match (add to aliases)",udoka azubuike,,511,511
"ranked, no name match (add to aliases)",frank ntilikina,,516,516
"ranked, no name match (add to aliases)",jason preston,,518,518
"ranked, no name match (add to aliases)",jack mcveigh,,521,521
"ranked, no name match (add to aliases)",daishen nix,,527,527
"ranked, no name match (add to aliases)",jacky cui,,530,530
"ranked, no name match (add to aliases)",cody zeller,,532,532
"ranked, no name match (add to aliases)",josiah jordan james,,537,537
"ranked, no name match (add to aliases)",devonte graham,,540,540
"ranked, no name match (add to aliases)",adama sanogo,,543,543
"ranked, no name match (add to aliases)",pj dozier,,545,545
"ranked, no name match (add to aliases)",matt ryan,,552,552
"ranked, no name match (add to aliases)",david jones,,555,555
"ranked, no name match (add to aliases)",vlatko cancar,,564,564
"ranked, no name match (add to aliases)",alex len,,579,579
"ranked, no name match (add to aliases)",juan nunez,,591,591
"ranked, no name match (add to aliases)",chuma okeke,,593,593
"ranked, no name match (add to aliases)",derrick rose,,597,597
"ranked, no name match (add to aliases)",cory joseph,,598,598
"ranked, no name match (add to aliases)",aj griffin,,604,604
"ranked, no name match (add to aliases)",pj tucker,,607,607
"ranked, no name match (add to aliases)",reggie jackson,,610,610
"ranked, no name match (add to aliases)",torrey craig,,611,611
"ranked, no name match (add to aliases)",damion lee,,624,624
"ranked, no name match (add to aliases)",boogie ellis,,627,627
"ranked, no name match (add to aliases)",daniel theis,,636,636
"ranked, no name match (add to aliases)",brandon clarke,,639,639
"ranked, no name match (add to aliases)",malcolm brogdon,,658,658
"ranked, no name match (add to aliases)",malik beasley,,662,662
"ranked, no name match (add to aliases)",jaden springer,,663,663
"ranked, no name match (add to aliases)",chris paul,,664,664
"ranked, no name match (add to aliases)",talen horton tucker,,669,669
"ranked, no name match (add to aliases)",vasilije micic,,673,673
"ranked, no name match (add to aliases)",mike muscala,,677,677
"ranked, no name match (add to aliases)",cam reddish,,680,680
"ranked, no name match (add to aliases)",johnny davis,,688,688
"ranked, no name match (add to aliases)",keita bates diop,,690,690
"ranked, no name match (add to aliases)",dennis smith,,691,691
"ranked, no name match (add to aliases)",spencer dinwiddie,,694,694
"ranked, no name match (add to aliases)",wesley matthews,,697,697
"ranked, no name match (add to aliases)",yuta watanabe,,698,698
"ranked, no name match (add to aliases)",jt thor,,702,702
"ranked, no name match (add to aliases)",kyle lowry,,703,703
"ranked, no name match (add to aliases)",christian wood,,704,704
"ranked, no name match (add to aliases)",kenneth lofton,,711,711
"ranked, no name match (add to aliases)",admiral schofield,,713,713
"ranked, no name match (add to aliases)",dante exum,,717,717
"ranked, no name match (add to aliases)",isaiah mobley,,719,719
"ranked, no name match (add to aliases)",delon wright,,723,723
"ranked, no name match (add to aliases)",ishmail wainright,,724,724
"ranked, no name match (add to aliases)",jalen hood schifino,,725,725
"ranked, no name match (add to aliases)",gordon hayward,,729,729
"ranked, no name match (add to aliases)",chris duarte,,732,732
"ranked, no name match (add to aliases)",richaun holmes,,734,734
"ranked, no name match (add to aliases)",emoni bates,,736,736
"ranked, no name match (add to aliases)",kira lewis,,737,737
"ranked, no name match (add to aliases)",bol bol,,741,741
"ranked, no name match (add to aliases)",aleksandar vezenkov,,745,745
"ranked, no name match (add to aliases)",nassir little,,749,749
"ranked, no name match (add to aliases)",cedi osman,,753,753
"ranked, no name match (add to aliases)",aleksej pokusevski,,755,755
"ranked, no name match (add to aliases)",shake milton,,758,758
"ranked, no name match (add to aliases)",alec burks,,759,759
"ranked, no name match (add to aliases)",kessler edwards,,761,761
"on authority, unranked by all sources",Micah Potter,,,
"on authority, unranked by all sources",Quenton Jackson,,,
"on authority, unranked by all sources",Jaylen Clark,,,
"on authority, unranked by all sources",Bez Mbeng,,,
"on authority, unranked by all sources",Ethan Thompson,,,
"on authority, unranked by all sources",Chaney Johnson,,,
"on authority, unranked by all sources",Jahmai Mashack,,,
"on authority, unranked by all sources",Malachi Smith,,,
"on authority, unranked by all sources",Tony Bradley,,,
"on authority, unranked by all sources",Cormac Ryan,,,
"on authority, unranked by all sources",Tyson Etienne,,,
"on authority, unranked by all sources",Julian Reese,,,
"on authority, unranked by all sources",John Poulakidas,,,
"on authority, unranked by all sources",DaQuan Jeffries,,,
"on authority, unranked by all sources",Tyler Burton,,,
"on authority, unranked by all sources",Adama Bal,,,
"on authority, unranked by all sources",LJ Cryer,,,
"on authority, unranked by all sources",Yuki Kawamura,,,
"on authority, unranked by all sources",Kennedy Chandler,,,
"on authority, unranked by all sources",Drew Timme,,,
"on authority, unranked by all sources",Lucas Williamson,,,
"on authority, unranked by all sources",DeJon Jarreau,,,
"on authority, unranked by all sources",Andersson Garcia,,,
"on authority, unranked by all sources",Kadary Richmond,,,
"on authority, unranked by all sources",Lachlan Olbrich,,,
"on authority, unranked by all sources",David Jones Garcia,,,
"on authority, unranked by all sources",Riley Minix,,,
"on authority, unranked by all sources",Elfrid Payton,,,
"on authority, unranked by all sources",Rocco Zikarsky,,,
"on authority, unranked by all sources",Nigel Hayes-Davis,,,
"on authority, unranked by all sources",Curtis Jones,,,
"on authority, unranked by all sources",Enrique Freeman,,,
"on authority, unranked by all sources",Keshon Gilbert,,,
"on authority, unranked by all sources",Isaac Jones,,,
"on authority, unranked by all sources",Skal Labissière,,,
"on authority, unranked by all sources",Zyon Pullin,,,
"on authority, unranked by all sources",Norchad Omier,,,
"on authority, unranked by all sources",Olivier Sarr,,,
"on authority, unranked by all sources",Payton Sandfort,,,
"on authority, unranked by all sources",John Tonje,,,
"on authority, unranked by all sources",Mouhamadou Gueye,,,
"on authority, unranked by all sources",Grant Nelson,,,
"on authority, unranked by all sources",Vladislav Goldin,,,
"on authority, unranked by all sources",Jayson Kent,,,
"on authority, unranked by all sources",Lawson Lovering,,,
"on authority, unranked by all sources",Harrison Ingram,,,
"on authority, unranked by all sources",CJ Huntley,,,
"on authority, unranked by all sources",Lester Quiñones,,,
"on authority, unranked by all sources",Hayden Gray,,,
"on authority, unranked by all sources",Javonte Cooke,,,
"on authority, unranked by all sources",Toby Okani,,,
"on authority, unranked by all sources",Sean Pedulla,,,
"on authority, unranked by all sources",Alex Antetokounmpo,,,
"on authority, unranked by all sources",Max Shulga,,,
"on authority, unranked by all sources",Trevor Keels,,,
"on authority, unranked by all sources",Alex Morales,,,
"on authority, unranked by all sources",Phillip Wheeler,,,
"on authority, unranked by all sources",R.J. Davis,,,
"on authority, unranked by all sources",Fletcher Loyer,,,
"on authority, unranked by all sources",Quadir Copeland,,,
"on authority, unranked by all sources",Lajae Jones,,,
"on authority, unranked by all sources",Jaylin Sellers,,,
"on authority, unranked by all sources",Jonas Aidoo,,,
"on authority, unranked by all sources",Tamar Bates,,,
"on authority, unranked by all sources",Chance McMillian,,,
"on authority, unranked by all sources",Kylan Boswell,,,
"on authority, unranked by all sources",AK Okereke,,,
"on authority, unranked by all sources",Josh Dix,,,
"on authority, unranked by all sources",Tobe Awaka,,,
"on authority, unranked by all sources",Zack Austin,,,
"on authority, unranked by all sources",Sean McNeil,,,
"on authority, unranked by all sources",Boopie Miller,,,
"on authority, unranked by all sources",Jaden Bradley,,,
"on authority, unranked by all sources",Terrell Brown Jr.,,,
"on authority, unranked by all sources",Deivon Smith,,,
"on authority, unranked by all sources",Jake Stephens,,,
"on authority, unranked by all sources",Malik Dia,,,
"on authority, unranked by all sources",Igor Milicic Jr.,,,
"on authority, unranked by all sources",Nick Martinelli,,,
"on authority, unranked by all sources",Justin Harmon,,,
"on authority, unranked by all sources",Dane Goodwin,,,
"on authority, unranked by all sources",Mario Hezonja,,,
"on authority, unranked by all sources",Jaden Akins,,,
"on authority, unranked by all sources",Carson Cooper,,,
"on authority, unranked by all sources",Ibrahima Diallo,,,
"on authority, unranked by all sources",Tarik Biberovic,,,
"on authority, unranked by all sources",Rafael Castro,,,
"on authority, unranked by all sources",Alex Toohey,,,
"on authority, unranked by all sources",Jarkel Joiner,,,
"on authority, unranked by all sources",Kobe Stewart,,,
"on authority, unranked by all sources",Tyrone Marshall Jr.,,,
"on authority, unranked by all sources",Rashaun Agee,,,
"on authority, unranked by all sources",Tyreke Key,,,
"on authority, unranked by all sources",Jayden Nunn,,,
"on authority, unranked by all sources",Jaelen House,,,
"on authority, unranked by all sources",Trey Kaufman-Renn,,,
"on authority, unranked by all sources",John Butler Jr.,,,
"on authority, unranked by all sources",Dain Dainja,,,
"on authority, unranked by all sources",Ugonna Onyenso,,,
"on authority, unranked by all sources",Trey Townsend,,,
"on authority, unranked by all sources",Arthur Kaluma,,,
"on authority, unranked by all sources",Khalifa Diop,,,
"on authority, unranked by all sources",Nimari Burnett,,,
"on authority, unranked by all sources",Ian Schieffelin,,,
"on authority, unranked by all sources",Peter Suder,,,
"on authority, unranked by all sources",Jamarion Sharp,,,
"on authority, unranked by all sources",Bogoljub Marković,,,
"on authority, unranked by all sources",Marquel Sutton,,,
"on authority, unranked by all sources",Alpha Diallo,,,
"on authority, unranked by all sources",Darius Brown,,,
"on authority, unranked by all sources",Chucky Hepburn,,,
"on authority, unranked by all sources",Liam Robbins,,,
"on authority, unranked by all sources",Jahmyl Telfort,,,
