reason,player,fp_dynasty_rank,ktc_rank,best_rank
"ranked, no name match (add to aliases)",brandon polk,434,,434
"ranked, no name match (add to aliases)",eric mcalister,443,,443
"ranked, no name match (add to aliases)",javon baker,507,430,430
"ranked, no name match (add to aliases)",jermaine burton,482,,482
"ranked, no name match (add to aliases)",zack moss,486,,486
"ranked, no name match (add to aliases)",daylan smothers,498,,498
"ranked, no name match (add to aliases)",rahsul faison,501,,501
"ranked, no name match (add to aliases)",mark fletcher,504,,504
"ranked, no name match (add to aliases)",allen lazard,534,,534
"ranked, no name match (add to aliases)",henry ruggs,548,,548
"on authority, unranked by all sources",Nick Chubb,,,
"on authority, unranked by all sources",Hunter Renfrow,,,
"on authority, unranked by all sources",Nick Vannett,,,
"on authority, unranked by all sources",CJ Dippre,,,
"on authority, unranked by all sources",Carson Towt,,,
"on authority, unranked by all sources",Evan Svoboda,,,
"on authority, unranked by all sources",Chris Myarick,,,
"on authority, unranked by all sources",Albert Okwuegbunam Jr.,,,
"on authority, unranked by all sources",Bauer Sharp,,,
"on authority, unranked by all sources",Lance Mason,,,
"on authority, unranked by all sources",Marcedes Lewis,,,
"on authority, unranked by all sources",DJ Rogers,,,
"on authority, unranked by all sources",Messiah Swinson,,,
"on authority, unranked by all sources",Tanner Arkin,,,
"on authority, unranked by all sources",Johnny Pascuzzi,,,
"on authority, unranked by all sources",Connor Hulstein,,,
"on authority, unranked by all sources",Chamon Metayer,,,
"on authority, unranked by all sources",Devin Culp,,,
"on authority, unranked by all sources",Sal Cannella,,,
"on authority, unranked by all sources",Ademola Faleye,,,
"on authority, unranked by all sources",Treyton Welch,,,
"on authority, unranked by all sources",Mitch Van Vooren,,,
"on authority, unranked by all sources",Tre Watson,,,
"on authority, unranked by all sources",Robert Tonyan,,,
"on authority, unranked by all sources",Nikola Kalinic,,,
"on authority, unranked by all sources",Eni Falayi,,,
"on authority, unranked by all sources",Patrick Gurd,,,
"on authority, unranked by all sources",E.J. Jenkins,,,
"on authority, unranked by all sources",Bryson Nesbit,,,
"on authority, unranked by all sources",Rivaldo Fairweather,,,
"on authority, unranked by all sources",Travis Vokolek,,,
"on authority, unranked by all sources",James Mitchell,,,
"on authority, unranked by all sources",Matt Lauter,,,
"on authority, unranked by all sources",Tyree Jackson,,,
"on authority, unranked by all sources",Caden Prieskorn,,,
"on authority, unranked by all sources",Khalil Dinkins,,,
"on authority, unranked by all sources",Joshua Simon,,,
"on authority, unranked by all sources",DeShawn Hanika,,,
"on authority, unranked by all sources",Zaire Mitchell-Paden,,,
"on authority, unranked by all sources",Joel Wilson,,,
"on authority, unranked by all sources",Stone Eby,,,
"on authority, unranked by all sources",Brandon Frazier,,,
"on authority, unranked by all sources",Baylor Cupp,,,
"on authority, unranked by all sources",Hayden Rucci,,,
"on authority, unranked by all sources",Luke Lachey,,,
"on authority, unranked by all sources",McCallan Castles,,,
"on authority, unranked by all sources",Keleki Latu,,,
"on authority, unranked by all sources",Nick Kallerup,,,
"on authority, unranked by all sources",Tre' McKitty,,,
"on authority, unranked by all sources",Nick Muse,,,
"on authority, unranked by all sources",Brett Weaver,,,
"on authority, unranked by all sources",Kenny Fletcher Jr.,,,
"on authority, unranked by all sources",Zack Kuntz,,,
"on authority, unranked by all sources",Chase Curtis,,,
"on authority, unranked by all sources",Jerand Bradley,,,
"on authority, unranked by all sources",Hayden Large,,,
"on authority, unranked by all sources",Jake Briningstool,,,
"on authority, unranked by all sources",Louis Hansen,,,
"on authority, unranked by all sources",Ty Pezza,,,
"on authority, unranked by all sources",Miles Kitselman,,,
"on authority, unranked by all sources",Marshall Lang,,,
"on authority, unranked by all sources",Thomas Gordon,,,
"on authority, unranked by all sources",Dan Villari,,,
"on authority, unranked by all sources",Drake Dabney,,,
"on authority, unranked by all sources",Drew Biber,,,
"on authority, unranked by all sources",Josh Kattus,,,
"on authority, unranked by all sources",Lake McRee,,,
"on authority, unranked by all sources",Patrick Herbert,,,
"on authority, unranked by all sources",Jameson Geers,,,
"on authority, unranked by all sources",Shawn Bowman,,,
"on authority, unranked by all sources",Zach Horton,,,
"on authority, unranked by all sources",Heinrich Haarberg,,,
"on authority, unranked by all sources",Layne Pryor,,,
"on authority, unranked by all sources",Teagan Quitoriano,,,
"on authority, unranked by all sources",Princeton Fant,,,
"on authority, unranked by all sources",JJ Galbreath,,,
"on authority, unranked by all sources",Quentin Moore,,,
"on authority, unranked by all sources",Jeremiah Franklin,,,
"on authority, unranked by all sources",Moliki Matavao,,,
"on authority, unranked by all sources",Jermaine Terry,,,
"on authority, unranked by all sources",Sean McKeon,,,
"on authority, unranked by all sources",Tanner McLachlan,,,
"on authority, unranked by all sources",Rohan Jones,,,
"on authority, unranked by all sources",Cody Hardy,,,
"on authority, unranked by all sources",Cole Turner,,,
"on authority, unranked by all sources",Jack Velling,,,
"on authority, unranked by all sources",Lawrence Cager,,,
"on authority, unranked by all sources",Gavin Bartholomew,,,
"on authority, unranked by all sources",Mark Redman,,,
"on authority, unranked by all sources",Ethan Conner,,,
"on authority, unranked by all sources",Stephen Carlson,,,
"on authority, unranked by all sources",Caleb Lohner,,,
"on authority, unranked by all sources",Jalin Conyers,,,
"on authority, unranked by all sources",Mason Pline,,,
"on authority, unranked by all sources",Thomas Yassmin,,,
"on authority, unranked by all sources",Bryce Pierre,,,
"on authority, unranked by all sources",Ko Kieft,,,
"on authority, unranked by all sources",Tyler Moore,,,
"on authority, unranked by all sources",Donald Parham Jr.,,,
"on authority, unranked by all sources",Shane Zylstra,,,
"on authority, unranked by all sources",Qadir Ismail,,,
"on authority, unranked by all sources",Kenny Yeboah,,,
"on authority, unranked by all sources",Ian Thomas,,,
"on authority, unranked by all sources",Chris Manhertz,,,
"on authority, unranked by all sources",Ben Sims,,,
"on authority, unranked by all sources",Cam Grandy,,,
"on authority, unranked by all sources",Jackson Meeks,,,
"on authority, unranked by all sources",Justin Shorter,,,
"on authority, unranked by all sources",Nate Adkins,,,
"on authority, unranked by all sources",Pharaoh Brown,,,
"on authority, unranked by all sources",Jaheim Bell,,,
"on authority, unranked by all sources",Will Mallory,,,
"on authority, unranked by all sources",Ainias Smith,,,
"on authority, unranked by all sources",Jaret Patterson,,,
"on authority, unranked by all sources",Anthony Firkser,,,
"on authority, unranked by all sources",Malik Heath,,,
"on authority, unranked by all sources",John Bates,,,
"on authority, unranked by all sources",Jeremiah Webb,,,
"on authority, unranked by all sources",Trayvon Rudolph,,,
"on authority, unranked by all sources",Courtney Jackson,,,
"on authority, unranked by all sources",Montrell Washington,,,
"on authority, unranked by all sources",A.T. Perry,,,
"on authority, unranked by all sources",Juwann Winfree,,,
"on authority, unranked by all sources",Cortez Braham Jr.,,,
"on authority, unranked by all sources",Wesley Grimes,,,
"on authority, unranked by all sources",Shaleak Knotts,,,
"on authority, unranked by all sources",Josh Kelly,,,
"on authority, unranked by all sources",Squirrel White,,,
"on authority, unranked by all sources",Jacob De Jesus,,,
"on authority, unranked by all sources",Luke Wysong,,,
"on authority, unranked by all sources",Jakobie Keeney-James,,,
"on authority, unranked by all sources",Hank Beatty,,,
"on authority, unranked by all sources",Junior Bergen,,,
"on authority, unranked by all sources",Jalen Virgil,,,
"on authority, unranked by all sources",Tay Martin,,,
"on authority, unranked by all sources",Corey Rucker,,,
"on authority, unranked by all sources",Stephen Gosnell,,,
"on authority, unranked by all sources",Camden Brown,,,
"on authority, unranked by all sources",Kyron Hudson,,,
"on authority, unranked by all sources",JP Richardson,,,
"on authority, unranked by all sources",Tommy Thomas,,,
"on authority, unranked by all sources",Cole Burgess,,,
"on authority, unranked by all sources",Tejhaun Palmer,,,
"on authority, unranked by all sources",Liam Clifford,,,
"on authority, unranked by all sources",Nick DeGennaro,,,
"on authority, unranked by all sources",Xavier Guillory,,,
"on authority, unranked by all sources",Xavier Johnson,,,
"on authority, unranked by all sources",Mekhi Mews,,,
"on authority, unranked by all sources",Gary Jennings,,,
"on authority, unranked by all sources",Andrew Armstrong,,,
"on authority, unranked by all sources",Elijah Cooks,,,
"on authority, unranked by all sources",Mac Dalena,,,
"on authority, unranked by all sources",Jimmy Holiday,,,
"on authority, unranked by all sources",Ja'seem Reed,,,
"on authority, unranked by all sources",Brandon Hayes,,,
"on authority, unranked by all sources",Trent Taylor,,,
"on authority, unranked by all sources",Cornell Powell,,,
"on authority, unranked by all sources",Samori Toure,,,
"on authority, unranked by all sources",Maurice Alexander,,,
"on authority, unranked by all sources",E.J. Williams Jr.,,,
"on authority, unranked by all sources",John Rhys Plumlee,,,
"on authority, unranked by all sources",Raylen Sharpe,,,
"on authority, unranked by all sources",Jonathan Brady,,,
"on authority, unranked by all sources",Jacoby Jones,,,
"on authority, unranked by all sources",Colton Dowell,,,
"on authority, unranked by all sources",Jalen Moreno-Cropper,,,
"on authority, unranked by all sources",Michael Briscoe,,,
"on authority, unranked by all sources",Gabriel Benyard,,,
"on authority, unranked by all sources",Kolbe Katsis,,,
"on authority, unranked by all sources",Mario Williams,,,
"on authority, unranked by all sources",Jimmy Kibble,,,
"on authority, unranked by all sources",Jaden Bradley,,,
"on authority, unranked by all sources",Kyre Duplessis,,,
"on authority, unranked by all sources",Michael Wortham,,,
"on authority, unranked by all sources",Hal Presley III,,,
"on authority, unranked by all sources",Quentin Skinner,,,
"on authority, unranked by all sources",Lewis Bond,,,
"on authority, unranked by all sources",DT Sheffield,,,
"on authority, unranked by all sources",Brady Boyd,,,
"on authority, unranked by all sources",Malik Turner,,,
"on authority, unranked by all sources",Quez Watkins,,,
"on authority, unranked by all sources",Max Tomczak,,,
"on authority, unranked by all sources",Terrill Davis,,,
"on authority, unranked by all sources",Devonte Ross,,,
"on authority, unranked by all sources",Caullin Lacy,,,
"on authority, unranked by all sources",Dontae Fleming,,,
"on authority, unranked by all sources",Chandler Brayboy,,,
"on authority, unranked by all sources",Malik Rutherford,,,
"on authority, unranked by all sources",Roc Taylor,,,
"on authority, unranked by all sources",Daniel Sobkowicz,,,
"on authority, unranked by all sources",Mante Morrow,,,
"on authority, unranked by all sources",Cameron Dorner,,,
"on authority, unranked by all sources",Brennan Presley,,,
"on authority, unranked by all sources",Will Sheppard,,,
"on authority, unranked by all sources",Sincere Brown,,,
"on authority, unranked by all sources",Brandon Johnson,,,
"on authority, unranked by all sources",Kisean Johnson,,,
"on authority, unranked by all sources",Jeshaun Jones,,,
"on authority, unranked by all sources",Joseph Manjack,,,
"on authority, unranked by all sources",Kyrese Rowan,,,
"on authority, unranked by all sources",Marcus Burke,,,
"on authority, unranked by all sources",Tyrone Broden,,,
"on authority, unranked by all sources",Octavian Smith Jr.,,,
"on authority, unranked by all sources",Eli Pancol,,,
"on authority, unranked by all sources",Luke Floriea,,,
"on authority, unranked by all sources",Omari Kelly,,,
"on authority, unranked by all sources",Coleman Owen,,,
"on authority, unranked by all sources",Levi Wentz,,,
"on authority, unranked by all sources",Jamaal Pritchett,,,
"on authority, unranked by all sources",Jeff Weimer,,,
"on authority, unranked by all sources",Jaden Smith,,,
"on authority, unranked by all sources",Kobe Prentice,,,
"on authority, unranked by all sources",AJ Henning,,,
"on authority, unranked by all sources",D.J. Montgomery,,,
"on authority, unranked by all sources",Marcus Sanders Jr.,,,
"on authority, unranked by all sources",Sahmir Hagans,,,
"on authority, unranked by all sources",Isaiah Winstead,,,
"on authority, unranked by all sources",Phillip Dorsett II,,,
"on authority, unranked by all sources",Rashad Rochelle,,,
"on authority, unranked by all sources",Montorie Foster Jr.,,,
"on authority, unranked by all sources",Joshua Cephus,,,
"on authority, unranked by all sources",Jalen Walthall,,,
"on authority, unranked by all sources",Chris Hilton Jr.,,,
"on authority, unranked by all sources",Bryson Green,,,
"on authority, unranked by all sources",Noah Short,,,
"on authority, unranked by all sources",JaQuae Jackson,,,
"on authority, unranked by all sources",Treyvhon Saunders,,,
"on authority, unranked by all sources",Kendric Pryor,,,
"on authority, unranked by all sources",Lawrence Keys,,,
"on authority, unranked by all sources",John Jiles,,,
"on authority, unranked by all sources",Matthew Henry,,,
"on authority, unranked by all sources",Danny Gray,,,
"on authority, unranked by all sources",Malik Cunningham,,,
"on authority, unranked by all sources",Joaquin Davis,,,
"on authority, unranked by all sources",Juice Wells Jr.,,,
"on authority, unranked by all sources",Dalevon Campbell,,,
"on authority, unranked by all sources",Tru Edwards,,,
"on authority, unranked by all sources",Le'Meke Brockington,,,
"on authority, unranked by all sources",Brandon Smith,,,
"on authority, unranked by all sources",Jason Brownlee,,,
"on authority, unranked by all sources",Isaiah Neyor,,,
"on authority, unranked by all sources",Cameron Ross,,,
"on authority, unranked by all sources",Dalen Cambre,,,
"on authority, unranked by all sources",Donaven McCulley,,,
"on authority, unranked by all sources",Cornelius Johnson,,,
"on authority, unranked by all sources",Erik Ezukanma,,,
"on authority, unranked by all sources",Kyle Dixon,,,
"on authority, unranked by all sources",Kole Wilson,,,
"on authority, unranked by all sources",Dominic Lovett,,,
"on authority, unranked by all sources",Denzel Mims,,,
"on authority, unranked by all sources",Chris Blair,,,
"on authority, unranked by all sources",Kristian Wilkerson,,,
"on authority, unranked by all sources",Emmanuel Henderson Jr.,,,
"on authority, unranked by all sources",Ja'Mori Maclin,,,
"on authority, unranked by all sources",Garrett Greene,,,
"on authority, unranked by all sources",Quincy Skinner Jr.,,,
"on authority, unranked by all sources",Tarik Black,,,
"on authority, unranked by all sources",Sean Brown,,,
"on authority, unranked by all sources",Brock Rechsteiner,,,
"on authority, unranked by all sources",Xavier Loyd,,,
"on authority, unranked by all sources",Lance McCutcheon,,,
"on authority, unranked by all sources",Gee Scott,,,
"on authority, unranked by all sources",Dean Patterson IV,,,
"on authority, unranked by all sources",Dennis Houston,,,
"on authority, unranked by all sources",Omari Evans,,,
"on authority, unranked by all sources",E.J. Horton,,,
"on authority, unranked by all sources",Dayton Wade,,,
"on authority, unranked by all sources",Traeshon Holden,,,
"on authority, unranked by all sources",Malik McClain,,,
"on authority, unranked by all sources",Julian Hicks,,,
"on authority, unranked by all sources",Keelan Marion,,,
"on authority, unranked by all sources",Hakeem Butler,,,
"on authority, unranked by all sources",Isaiah Wooden,,,
"on authority, unranked by all sources",Anthony Smith,,,
"on authority, unranked by all sources",Malick Meiga,,,
"on authority, unranked by all sources",Kaden Davis,,,
"on authority, unranked by all sources",Luke Grimm,,,
"on authority, unranked by all sources",Ben Patterson,,,
"on authority, unranked by all sources",Ja'Corey Brooks,,,
"on authority, unranked by all sources",Cam Camper,,,
"on authority, unranked by all sources",CJ Williams,,,
"on authority, unranked by all sources",Jordan Moore,,,
"on authority, unranked by all sources",Da'Quan Felton,,,
"on authority, unranked by all sources",Brenden Rice,,,
"on authority, unranked by all sources",Alex Bullock,,,
"on authority, unranked by all sources",Jordan Hudson,,,
"on authority, unranked by all sources",Kaden Prather,,,
"on authority, unranked by all sources",Lucky Jackson,,,
"on authority, unranked by all sources",Will Pauling,,,
"on authority, unranked by all sources",Justin Watson,,,
"on authority, unranked by all sources",Robbie Ouzts,,,
"on authority, unranked by all sources",John FitzPatrick,,,
"on authority, unranked by all sources",DJ Turner,,,
"on authority, unranked by all sources",Parris Campbell,,,
"on authority, unranked by all sources",Cam Akers,,,
"on authority, unranked by all sources",K.J. Osborn,,,
"on authority, unranked by all sources",Stone Smartt,,,
"on authority, unranked by all sources",Mecole Hardman Jr.,,,
"on authority, unranked by all sources",Luke Farrell,,,
"on authority, unranked by all sources",Max Hurleman,,,
"on authority, unranked by all sources",Johnny Mundt,,,
"on authority, unranked by all sources",Ja'Lynn Polk,,,
"on authority, unranked by all sources",River Cracraft,,,
"on authority, unranked by all sources",Michael Woods II,,,
"on authority, unranked by all sources",Jalen Reagor,,,
"on authority, unranked by all sources",Bryce Oliver,,,
"on authority, unranked by all sources",Brenden Bates,,,
"on authority, unranked by all sources",Patrick Taylor Jr.,,,
"on authority, unranked by all sources",Dan Chisena,,,
"on authority, unranked by all sources",Tanner Conner,,,
"on authority, unranked by all sources",Terrace Marshall Jr.,,,
"on authority, unranked by all sources",Lucas Scott,,,
"on authority, unranked by all sources",Myles Montgomery,,,
"on authority, unranked by all sources",Dominic Richardson,,,
"on authority, unranked by all sources",Anthony Tyus III,,,
"on authority, unranked by all sources",Alex Tecza,,,
"on authority, unranked by all sources",Elijah Tau-Tolliver,,,
"on authority, unranked by all sources",Jabari Small,,,
"on authority, unranked by all sources",Julius Davis,,,
"on authority, unranked by all sources",Damon Bankston,,,
"on authority, unranked by all sources",Kadarius Calloway,,,
"on authority, unranked by all sources",Al-Jay Henderson,,,
"on authority, unranked by all sources",Jacardia Wright,,,
"on authority, unranked by all sources",Justin Jones,,,
"on authority, unranked by all sources",Cash Jones,,,
"on authority, unranked by all sources",Brittain Brown,,,
"on authority, unranked by all sources",Amar Johnson,,,
"on authority, unranked by all sources",Kye Robichaux,,,
"on authority, unranked by all sources",Sam Scott,,,
"on authority, unranked by all sources",Deion Hankins,,,
"on authority, unranked by all sources",Trent Battle,,,
"on authority, unranked by all sources",Brock Lampe,,,
"on authority, unranked by all sources",Deneric Prince,,,
"on authority, unranked by all sources",Salvon Ahmed,,,
"on authority, unranked by all sources",ShunDerrick Powell,,,
"on authority, unranked by all sources",Gary Brightwell,,,
"on authority, unranked by all sources",Jaden Nixon,,,
"on authority, unranked by all sources",Ian Wheeler,,,
"on authority, unranked by all sources",Keaontay Ingram,,,
"on authority, unranked by all sources",Trent Howland,,,
"on authority, unranked by all sources",Michael Wiley,,,
"on authority, unranked by all sources",Gregory Desrosiers,,,
"on authority, unranked by all sources",Roydell Williams,,,
"on authority, unranked by all sources",Ja'Quinden Jackson,,,
"on authority, unranked by all sources",Coleman Bennett,,,
"on authority, unranked by all sources",Chip Trayanum,,,
"on authority, unranked by all sources",Jordan Nubin,,,
"on authority, unranked by all sources",Owen Wright,,,
"on authority, unranked by all sources",Ulysses Bentley IV,,,
"on authority, unranked by all sources",Jordan Waters,,,
"on authority, unranked by all sources",Jordon Vaughn,,,
"on authority, unranked by all sources",Lew Nichols,,,
"on authority, unranked by all sources",Kentrel Bullock,,,
"on authority, unranked by all sources",Tre Stewart,,,
"on authority, unranked by all sources",Cody Schrader,,,
"on authority, unranked by all sources",TJ Harden,,,
"on authority, unranked by all sources",Chase Edmonds,,,
"on authority, unranked by all sources",Kevorian Barnes,,,
"on authority, unranked by all sources",Ben VanSumeren,,,
"on authority, unranked by all sources",Jamal Haynes,,,
"on authority, unranked by all sources",Montrell Johnson Jr.,,,
"on authority, unranked by all sources",Blake Watson,,,
"on authority, unranked by all sources",Davon Booth,,,
"on authority, unranked by all sources",Josh Williams,,,
"on authority, unranked by all sources",Jackson Acker,,,
"on authority, unranked by all sources",Grant Finley,,,
"on authority, unranked by all sources",Miles Davis,,,
"on authority, unranked by all sources",Jermar Jefferson,,,
"on authority, unranked by all sources",Max Bredeson,,,
"on authority, unranked by all sources",Joshua Pitsenberger,,,
"on authority, unranked by all sources",Dontae McMillan,,,
"on authority, unranked by all sources",Kejon Owens,,,
"on authority, unranked by all sources",Barika Kpeenu,,,
"on authority, unranked by all sources",Isaiah Jacobs,,,
"on authority, unranked by all sources",Lincoln Pare,,,
"on authority, unranked by all sources",Jashaun Corbin,,,
"on authority, unranked by all sources",Dante Miller,,,
"on authority, unranked by all sources",Rodney Hammond Jr.,,,
"on authority, unranked by all sources",Lan Larison,,,
"on authority, unranked by all sources",EJ Smith,,,
"on authority, unranked by all sources",Anderson Castle,,,
"on authority, unranked by all sources",Carlos Washington Jr.,,,
"on authority, unranked by all sources",Ahmani Marshall,,,
"on authority, unranked by all sources",Anthony Hankerson,,,
"on authority, unranked by all sources",Russell Wilson,,,
"on authority, unranked by all sources",Tim Jones,,,
"on authority, unranked by all sources",Ronnie Bell,,,
"on authority, unranked by all sources",Quintin Morris,,,
"on authority, unranked by all sources",Josiah Deguara,,,
"on authority, unranked by all sources",Trenton Irwin,,,
"on authority, unranked by all sources",Ihmir Smith-Marsette,,,
"on authority, unranked by all sources",Cody White,,,
"on authority, unranked by all sources",Tyrod Taylor,,,
"on authority, unranked by all sources",Brevyn Spann-Ford,,,
"on authority, unranked by all sources",Bryce Ford-Wheaton,,,
"on authority, unranked by all sources",Irv Charles,,,
"on authority, unranked by all sources",Jordan Mims,,,
"on authority, unranked by all sources",Pierre Strong Jr.,,,
"on authority, unranked by all sources",Jha'Quan Jackson,,,
"on authority, unranked by all sources",Jack Stoll,,,
"on authority, unranked by all sources",Drew Ogletree,,,
"on authority, unranked by all sources",JaMycal Hasty,,,
"on authority, unranked by all sources",Michael Burton,,,
"on authority, unranked by all sources",Charlie Woerner,,,
"on authority, unranked by all sources",Ameer Abdullah,,,
"on authority, unranked by all sources",Kenny McIntosh,,,
"on authority, unranked by all sources",Gunner Olszewski,,,
"on authority, unranked by all sources",Carson Steele,,,
"on authority, unranked by all sources",Payne Durham,,,
"on authority, unranked by all sources",Lucas Krull,,,
"on authority, unranked by all sources",Eric Saubert,,,
"on authority, unranked by all sources",Brycen Tremayne,,,
"on authority, unranked by all sources",Kyle Juszczyk,,,
"on authority, unranked by all sources",David Martin-Robinson,,,
"on authority, unranked by all sources",Tip Reiman,,,
"on authority, unranked by all sources",Eric Gray,,,
"on authority, unranked by all sources",Jonathan Ward,,,
"on authority, unranked by all sources",Ben Yurosek,,,
"on authority, unranked by all sources",Raheem Blackshear,,,
"on authority, unranked by all sources",Xavier Weaver,,,
"on authority, unranked by all sources",Kylen Granson,,,
"on authority, unranked by all sources",Tucker Fisk,,,
"on authority, unranked by all sources",Chris Collier,,,
"on authority, unranked by all sources",Harrison Bryant,,,
"on authority, unranked by all sources",Terrell Jennings,,,
"on authority, unranked by all sources",Dylan Drummond,,,
"on authority, unranked by all sources",Carter Runyon,,,
"on authority, unranked by all sources",Ryan Miller,,,
"on authority, unranked by all sources",Blake Whiteheart,,,
"on authority, unranked by all sources",Tylan Wallace,,,
"on authority, unranked by all sources",Austin Trammell,,,
"on authority, unranked by all sources",Cameron Latu,,,
"on authority, unranked by all sources",Tom Kennedy,,,
"on authority, unranked by all sources",Corey Kiner,,,
"on authority, unranked by all sources",Beaux Collins,,,
"on authority, unranked by all sources",Braxton Berrios,,,
"on authority, unranked by all sources",James Proche II,,,
"on authority, unranked by all sources",Colson Yankoff,,,
"on authority, unranked by all sources",Gage Larvadain,,,
"on authority, unranked by all sources",Jalen Brooks,,,
"on authority, unranked by all sources",Andrew Beck,,,
"on authority, unranked by all sources",Feleipe Franks,,,
"on authority, unranked by all sources",Hunter Luepke,,,
"on authority, unranked by all sources",Andre Baccellia,,,
"on authority, unranked by all sources",Brayden Willis,,,
"on authority, unranked by all sources",Scott Matlock,,,
"on authority, unranked by all sources",Mason Kinsey,,,
"on authority, unranked by all sources",Connor Heyward,,,
"on authority, unranked by all sources",Trent Sherfield,,,
"on authority, unranked by all sources",KhaDarel Hodge,,,
"on authority, unranked by all sources",Deven Thompkins,,,
"on authority, unranked by all sources",Velus Jones Jr.,,,
"on authority, unranked by all sources",Jack Westover,,,
"on authority, unranked by all sources",Dee Eskridge,,,
"on authority, unranked by all sources",Britain Covey,,,
"on authority, unranked by all sources",Dare Ogunbowale,,,
"on authority, unranked by all sources",Laquon Treadwell,,,
"on authority, unranked by all sources",Ke'Shawn Williams,,,
"on authority, unranked by all sources",Kene Nwangwu,,,
"on authority, unranked by all sources",Dareke Young,,,
"on authority, unranked by all sources",Evan Hull,,,
"on authority, unranked by all sources",British Brooks,,,
"on authority, unranked by all sources",Trayveon Williams,,,
"on authority, unranked by all sources",Charlie Jones,,,
"on authority, unranked by all sources",Simi Fehoko,,,
"on authority, unranked by all sources",Nikko Remigio,,,
"on authority, unranked by all sources",Alec Ingold,,,
"on authority, unranked by all sources",Myles Price,,,
"on authority, unranked by all sources",Alex Bachman,,,
"on authority, unranked by all sources",Anthony Gould,,,
"on authority, unranked by all sources",DeAndre Carter,,,
"on authority, unranked by all sources",Ronnie Rivers,,,
"on authority, unranked by all sources",Hassan Haskins,,,
"on authority, unranked by all sources",Brady Russell,,,
"on authority, unranked by all sources",Adam Prentice,,,
"on authority, unranked by all sources",Patrick Ricard,,,
"on authority, unranked by all sources",DeeJay Dallas,,,
"on authority, unranked by all sources",Craig Reynolds,,,
"on authority, unranked by all sources",Hunter Dekkers,,,
"on authority, unranked by all sources",Brett Rypien,,,
"on authority, unranked by all sources",Sam Hartman,,,
"on authority, unranked by all sources",Matthew Caldwell,,,
"on authority, unranked by all sources",Austin Reed,,,
"on authority, unranked by all sources",Adrian Martinez,,,
"on authority, unranked by all sources",Kedon Slovis,,,
"on authority, unranked by all sources",Jeff Driskel,,,
"on authority, unranked by all sources",Jake Retzlaff,,,
"on authority, unranked by all sources",Athan Kaliakmanis,,,
"on authority, unranked by all sources",Kyle Allen,,,
"on authority, unranked by all sources",John Wolford,,,
"on authority, unranked by all sources",Miller Moss,,,
"on authority, unranked by all sources",Carter Bradley,,,
"on authority, unranked by all sources",Mark Gronowski,,,
"on authority, unranked by all sources",Chandler Morris,,,
"on authority, unranked by all sources",Shane Buechele,,,
"on authority, unranked by all sources",Joe Fagnano,,,
"on authority, unranked by all sources",Ken Seals,,,
"on authority, unranked by all sources",Jacob Clark,,,
"on authority, unranked by all sources",Kurtis Rourke,,,
"on authority, unranked by all sources",Case Keenum,,,
"on authority, unranked by all sources",Joey Aguilar,,,
"on authority, unranked by all sources",Haynes King,,,
"on authority, unranked by all sources",DJ Uiagalelei,,,
"on authority, unranked by all sources",Trevor Siemian,,,
"on authority, unranked by all sources",Bailey Zappe,,,
"on authority, unranked by all sources",Will Grier,,,
"on authority, unranked by all sources",Hendon Hooker,,,
"on authority, unranked by all sources",Easton Stick,,,
"on authority, unranked by all sources",Graham Mertz,,,
"on authority, unranked by all sources",Luke Altmyer,,,
"on authority, unranked by all sources",Teddy Bridgewater,,,
"on authority, unranked by all sources",Chris Oladokun,,,
"on authority, unranked by all sources",Sean Clifford,,,
"on authority, unranked by all sources",Brandon Allen,,,
"on authority, unranked by all sources",Kyle Trask,,,
"on authority, unranked by all sources",Diego Pavia,,,
"on authority, unranked by all sources",Behren Morton,,,
"on authority, unranked by all sources",Sawyer Robertson,,,
"on authority, unranked by all sources",E.J. Warner,,,
"on authority, unranked by all sources",Jarrett Stidham,,,
"on authority, unranked by all sources",Skylar Thompson,,,
"on authority, unranked by all sources",Cam Miller,,,
"on authority, unranked by all sources",Kyron Drones,,,
"on authority, unranked by all sources",Nathan Peterman,,,
"on authority, unranked by all sources",Seth Henigan,,,
"on authority, unranked by all sources",Kaidon Salter,,,
"on authority, unranked by all sources",Connor Bazelak,,,
"on authority, unranked by all sources",Brady Cook,,,
"on authority, unranked by all sources",Reggie Gilliam,,,
"on authority, unranked by all sources",Travis Homer,,,
"on authority, unranked by all sources",Desmond Ridder,,,
"on authority, unranked by all sources",Jake Haener,,,
"on authority, unranked by all sources",Josh Johnson,,,
"on authority, unranked by all sources",Clayton Tune,,,
"on authority, unranked by all sources",Andy Dalton,,,
"on authority, unranked by all sources",Cooper Rush,,,
"on authority, unranked by all sources",Max Brosmer,,,
"on authority, unranked by all sources",Jimmy Garoppolo,,,
"on authority, unranked by all sources",Nick Mullens,,,
