name,team,pos,rank,level
Shohei Ohtani,LAD,"SP,UT",1,MLB
Bobby Witt Jr.,KC,SS,2,MLB
Junior Caminero,TB,3B,3,MLB
Pete Crow-Armstrong,CHC,OF,4,MLB
Elly De La Cruz,CIN,SS,5,MLB
James Wood,WSH,OF,6,MLB
Juan Soto,NYM,OF,7,MLB
Jacob Misiorowski,MIL,SP,8,MLB
Nick Kurtz,ATH,1B,9,MLB
Jackson Chourio,MIL,OF,10,MLB
Yordan Alvarez,HOU,OF,11,MLB
Paul Skenes,PIT,SP,12,MLB
Corbin Carroll,AZ,OF,13,MLB
Konnor Griffin,PIT,SS,14,MLB
Kevin McGonigle,DET,"3B,SS",15,MLB
Cam Schlittler,NYY,SP,16,MLB
Yoshinobu Yamamoto,LAD,SP,17,MLB
CJ Abrams,WSH,"2B,SS",18,MLB
Tarik Skubal,LAD,SP,19,MLB
Ben Rice,NYY,"C,1B",20,MLB
Ronald Acuña Jr.,ATL,OF,21,MLB
Julio Rodríguez,SEA,OF,22,MLB
Chase Burns,CIN,SP,23,MLB
Aaron Judge,NYY,OF,24,MLB
Fernando Tatis Jr.,SD,"2B,OF",25,MLB
JJ Wetherholt,STL,"2B,SS",26,MLB
Sal Stewart,CIN,"1B,3B",27,MLB
Cristopher Sánchez,PHI,SP,28,MLB
Jordan Walker,STL,OF,29,MLB
Drake Baldwin,ATL,C,30,MLB
Jesus Made,MIL,SS,31,AA
Gunnar Henderson,BAL,SS,32,MLB
Brice Turang,MIL,2B,33,MLB
Kade Anderson,SEA,SP,34,MLB
Roman Anthony,BOS,OF,35,MLB
Garrett Crochet,BOS,SP,36,MLB
Eury Pérez,MIA,SP,37,MLB
Nolan McLean,NYM,SP,38,MLB
Leo De Vries,ATH,SS,39,AA
Payton Tolle,BOS,SP,40,MLB
Jac Caglianone,KC,"1B,OF",41,MLB
Vladimir Guerrero Jr.,TOR,1B,42,MLB
Wyatt Langford,TEX,OF,43,MLB
Bryan Woo,SEA,SP,44,MLB
José Ramírez,CLE,3B,45,MLB
Hunter Brown,HOU,SP,46,MLB
Mason Miller,SD,RP,47,MLB
Jackson Merrill,SD,OF,48,MLB
Munetaka Murakami,CWS,"1B,3B",49,MLB
Josue De Paula,LAD,OF,50,MLB
Dylan Cease,TOR,SP,51,MLB
Riley Greene,DET,OF,52,MLB
Trey Yesavage,TOR,SP,53,MLB
Kyle Schwarber,PHI,UT,54,MLB
Seth Hernandez,PIT,SP,55,A+
Michael Harris II,ATL,OF,56,MLB
Samuel Basallo,BAL,"C,1B",57,MLB
Zach Neto,LAA,SS,58,MLB
Oneil Cruz,PIT,OF,59,MLB
Matt Olson,ATL,1B,60,MLB
Logan Gilbert,SEA,SP,61,MLB
Bryce Eldridge,SF,1B,62,MLB
Hunter Goodman,COL,C,63,MLB
Travis Bazzana,CLE,2B,64,MLB
Shea Langeliers,ATH,C,65,MLB
Gavin Williams,CLE,SP,66,MLB
Hunter Greene,CIN,SP,67,MLB
Eli Willits,WSH,SS,68,AA
Max Clark,DET,OF,69,MLB
Kyle Tucker,LAD,OF,70,MLB
Parker Messick,CLE,SP,71,MLB
Jesús Luzardo,PHI,SP,72,MLB
Logan Webb,SF,SP,73,MLB
Joe Ryan,MIN,SP,74,MLB
Kyle Harrison,MIL,SP,75,MLB
Andy Pages,LAD,OF,76,MLB
Bryce Harper,PHI,"1B,OF",77,MLB
Tyler Soderstrom,ATH,"1B,OF",78,MLB
Miguel Vargas,CWS,"1B,3B",79,MLB
Pete Alonso,BAL,1B,80,MLB
Max Fried,NYY,SP,81,MLB
Carson Benge,NYM,OF,82,MLB
Franklin Arias,BOS,SS,83,AAA
George Kirby,SEA,SP,84,MLB
Logan Henderson,MIL,SP,85,MLB
Ketel Marte,AZ,2B,86,MLB
Jazz Chisholm Jr.,NYY,"2B,3B",87,MLB
Colt Emerson,SEA,"3B,SS",88,MLB
Colson Montgomery,CWS,"3B,SS",89,MLB
Rafael Devers,SF,1B,90,MLB
Sebastian Walcott,TEX,SS,91,AAA
Chase DeLauter,CLE,OF,92,MLB
Walker Jenkins,MIN,OF,93,MLB
Francisco Lindor,NYM,SS,94,MLB
William Contreras,MIL,C,95,MLB
Carter Jensen,KC,C,96,MLB
Braxton Ashcraft,PIT,"SP,RP",97,MLB
Otto Lopez,MIA,"2B,SS",98,MLB
Zyhir Hope,DET,OF,99,AA
Cal Raleigh,SEA,C,100,MLB
Maikel Garcia,KC,"2B,3B,SS",101,MLB
Connelly Early,WSH,SP,102,MLB
Ryan Sloan,SEA,SP,103,AA
Bryce Miller,SEA,SP,104,MLB
A.J. Ewing,NYM,OF,105,MLB
Jared Jones,PIT,SP,106,MLB
Dillon Dingler,DET,C,107,MLB
Spencer Schwellenbach,ATL,SP,108,MLB
Edward Florentino,PIT,OF,109,A+
Bubba Chandler,PIT,SP,110,MLB
Theo Gillen,TB,OF,111,AA
Luis Pena,MIL,"2B,SS",112,AA
George Lombard Jr.,NYY,SS,113,MLB
Rainiel Rodriguez,STL,C,114,AA
Jackson Holliday,BAL,2B,115,MLB
Jeremy Peña,HOU,SS,116,MLB
Geraldo Perdomo,AZ,SS,117,MLB
Braden Montgomery,CWS,OF,118,MLB
Byron Buxton,MIN,OF,119,MLB
Max Meyer,MIA,SP,120,MLB
Cody Bellinger,NYY,OF,122,MLB
Chris Sale,ATL,SP,123,MLB
Adley Rutschman,BOS,C,124,MLB
Drew Rasmussen,TB,SP,125,MLB
Iván Herrera,STL,C,126,MLB
Jonathan Aranda,TB,1B,127,MLB
Charlie Condon,COL,"1B,OF",128,AAA
Shane McClanahan,TB,SP,129,MLB
Thomas White,MIA,SP,130,AAA
Jhoan Duran,PHI,RP,131,MLB
Cole Ragans,KC,SP,132,MLB
Xavier Edwards,MIA,"2B,SS",133,MLB
Joshua Baez,STL,OF,134,MLB
Jackson Jobe,DET,SP,135,MLB
Ryan Waldschmidt,AZ,OF,136,MLB
Zack Wheeler,PHI,SP,137,MLB
Troy Melton,DET,"SP,RP",138,MLB
Robby Snelling,MIA,SP,139,MLB
Bo Bichette,NYM,"3B,SS",140,MLB
Gage Jump,ATH,SP,141,MLB
Wilyer Abreu,BOS,OF,142,MLB
Ceddanne Rafaela,BOS,"2B,OF",143,MLB
Nico Hoerner,CHC,"2B,SS",144,MLB
Sam Antonacci,CWS,"2B,3B,SS,OF",145,MLB
Spencer Strider,ATL,SP,147,MLB
Reid Detmers,LAA,"SP,RP",148,MLB
José Soriano,TOR,SP,149,MLB
Caleb Bonemer,CWS,"3B,SS",149,AA
Jacob Wilson,ATH,SS,151,MLB
Sandy Alcantara,MIA,SP,152,MLB
Cade Smith,CLE,RP,153,MLB
Anthony Eyanson,BAL,SP,154,AA
Noah Schultz,CWS,SP,155,MLB
Luis García Jr.,NYY,"1B,2B",155,MLB
Dylan Crews,WSH,OF,157,MLB
Emerson Hancock,SEA,SP,158,MLB
Mike Sirota,LAD,OF,159,AAA
Cade Horton,CHC,SP,160,MLB
Cam Smith,HOU,OF,161,MLB
Esmerlyn Valdez,PIT,OF,162,MLB
Austin Riley,ATL,3B,163,MLB
Eduardo Quintero,LAD,OF,164,AA
Mookie Betts,LAD,SS,165,MLB
Kazuma Okamoto,TOR,"1B,3B",166,MLB
Kaelen Culpepper,MIN,SS,167,MLB
Ethan Holliday,COL,SS,168,A
Ralphy Velazquez,CLE,1B,169,AAA
Freddy Peralta,TB,SP,170,MLB
Kendry Chourio,KC,SP,171,A+
Luke Keaschall,MIN,"2B,OF",172,MLB
Roki Sasaki,LAD,SP,173,MLB
Trea Turner,PHI,SS,174,MLB
Josuar Gonzalez,SF,SS,175,A
Taj Bradley,MIN,SP,176,MLB
Tyler Glasnow,LAD,SP,177,MLB
Randy Arozarena,SEA,OF,178,MLB
Freddie Freeman,LAD,1B,179,MLB
Alec Burleson,STL,"1B,OF",180,MLB
Michael Busch,CHC,1B,181,MLB
Seiya Suzuki,CHC,"OF,UT",182,MLB
Corey Seager,TEX,SS,183,MLB
Roch Cholowsky,CWS,SS,184,A+
Alfredo Duno,CIN,C,185,AA
Ozzie Albies,ATL,2B,186,MLB
Emmet Sheehan,LAD,SP,187,MLB
Jackson Flora,SF,SP,188,AA
Vahn Lackey,MIN,C,189,A+
Grady Emerson,TB,SS,190,A
MacKenzie Gore,TEX,SP,191,MLB
Didier Fuentes,ATL,"SP,RP",192,MLB
Luis Lara,MIL,OF,193,MLB
Kyle Bradish,BAL,SP,194,MLB
Cole Carrigg,COL,"SS,OF",195,MLB
Josh Naylor,SEA,1B,196,MLB
Vinnie Pasquantino,KC,1B,196,MLB
Cole Young,SEA,2B,198,MLB
Michael King,SD,SP,199,MLB
Mike Trout,LAA,"OF,UT",199,MLB
Kyle Stowers,MIA,"1B,OF",201,MLB
Aidan Miller,PHI,SS,202,AA
Ranger Suárez,BOS,SP,203,MLB
Casey Mize,SD,SP,204,MLB
Blake Snell,LAD,SP,205,MLB
Cam Caminiti,ATL,SP,206,AA
Jacob deGrom,TEX,SP,207,MLB
Grant Taylor,CWS,"SP,RP",208,MLB
Travis Sykora,WSH,SP,210,ROK
Josh Hader,HOU,RP,211,MLB
Ethan Salas,SD,C,212,MLB
JoJo Parker,TOR,SS,213,A+
Lazaro Montes,SEA,OF,214,MLB
Eric Hartman,ATL,"2B,OF",215,AA
Andrew Painter,PHI,SP,216,MLB
Daylen Lile,WSH,OF,217,MLB
James Tibbs III,LAD,OF,218,AAA
Luis Hernandez,SF,SS,219,A
Ryan Weathers,NYY,SP,220,MLB
Justin Wrobleski,LAD,"SP,RP",221,MLB
Gage Wood,PHI,SP,222,AA
Jarren Duran,BOS,OF,223,MLB
Cade Cavalli,WSH,SP,224,MLB
Dalton Rushing,LAD,C,225,MLB
Kyle Teel,CWS,C,226,MLB
Liam Doyle,STL,SP,226,AA
Henry Bolte,ATH,OF,228,MLB
Tanner Bibee,CLE,SP,229,MLB
Alex Bregman,CHC,3B,230,MLB
Brandon Lowe,PIT,2B,231,MLB
Bryan Reynolds,PIT,OF,232,MLB
Will Smith,LAD,C,233,MLB
Bryce Rainer,DET,SS,234,A+
Jasson Domínguez,NYY,OF,235,MLB
Andrés Muñoz,SEA,RP,235,MLB
Brent Rooker,ATH,"OF,UT",237,MLB
Walbert Urena,LAA,SP,238,MLB
Gerrit Cole,NYY,SP,239,MLB
Zack Gelof,ATH,"2B,3B,OF",240,MLB
Gabriel Moreno,AZ,C,242,MLB
Andrew Fischer,MIL,3B,244,AA
Josiah Hartshorn,CHC,"1B,OF",245,AA
Sean Burke,CWS,"SP,RP",245,MLB
Liam Hicks,TB,"C,1B",245,MLB
Cooper Pratt,MIL,SS,248,MLB
Nick Lodolo,CIN,SP,249,MLB
Luis Arraez,PHI,"1B,2B",250,MLB
Karson Milbrandt,MIA,SP,251,AAA
AJ Gracia,ATL,OF,252,ROK
Michael Arroyo,SEA,"2B,OF",253,MLB
Jake Bennett,BOS,SP,254,MLB
Manny Machado,SD,3B,254,MLB
Jacob Lombard,MIA,SS,256,A
Emil Morales,LAD,SS,257,A+
Eric Booth Jr.,BAL,OF,258,A
Angel Genao,CLE,"2B,3B,SS",259,MLB
Emmanuel Rodriguez,MIN,OF,260,MLB
Tyler Bell,COL,SS,261,
Shota Imanaga,CHC,SP,262,MLB
Derek Curiel,PIT,OF,262,ROK
Spencer Jones,NYY,OF,264,MLB
Jordan Lawlar,AZ,"3B,OF",264,MLB
Willson Contreras,BOS,1B,266,MLB
Drew Burress,ATH,OF,267,A
Hagen Smith,CWS,"SP,RP",268,MLB
Corbin Burnes,AZ,SP,269,MLB
Shane Baz,BAL,SP,270,MLB
Mickey Moniak,COL,OF,271,MLB
Francisco Alvarez,NYM,C,272,MLB
Jamie Arnold,ATH,SP,272,AAA
Ben Brown,CHC,"SP,RP",274,MLB
Chase Dollander,COL,"SP,RP",275,MLB
Joseph Dzierwa,BAL,SP,276,AA
Yandy Díaz,TB,1B,277,MLB
Jonah Tong,NYM,SP,278,MLB
Pedro Ramirez,CHC,"2B,3B,SS",279,MLB
Isaac Paredes,HOU,"1B,3B",280,MLB
Hurston Waldrep,ATL,SP,281,MLB
Christian Scott,NYM,SP,282,MLB
Louis Varland,TOR,RP,283,MLB
Josue Briceno,DET,"C,1B",284,AAA
AJ Smith-Shawver,ATL,SP,284,MLB
Jarlin Susana,WSH,SP,286,AAA
Curtis Mead,BOS,"1B,2B,3B",287,MLB
Will Warren,NYY,SP,288,MLB
Devin Fitz-Gerald,WSH,SS,289,AA
Chandler Simpson,TB,OF,290,MLB
Carlos Lagrange,NYY,SP,291,AAA
Casey Schmitt,SF,"1B,2B,3B,OF",292,MLB
Matt Shaw,CHC,"2B,3B,OF",294,MLB
Noah Cameron,KC,SP,295,MLB
Joey Cantillo,CLE,"SP,RP",296,MLB
Moises Ballesteros,LAA,C,296,MLB
Owen Caissie,MIA,OF,298,MLB
Abner Uribe,MIL,RP,299,MLB
Jordan Westburg,BAL,"2B,3B",300,AAA
Framber Valdez,DET,SP,301,MLB
Jhonny Level,SF,SS,302,A+
Chase Meidroth,CWS,"2B,SS",303,MLB
Jo Adell,CLE,OF,304,MLB
Edward Cabrera,CHC,SP,305,MLB
Landen Roupp,SF,SP,306,MLB
Hector Rodriguez,CIN,OF,306,MLB
Joe Mack,MIA,C,306,MLB
Christian Zazueta,LAD,SP,309,AA
Mick Abel,MIN,SP,309,MLB
Kris Bubic,LAD,SP,311,MLB
Felnin Celesten,SEA,SS,312,AA
Kyson Witherspoon,BAL,SP,313,A+
Steele Hall,CIN,SS,314,A
Dax Kilby,NYY,SS,315,A
Edwin Arroyo,CIN,"2B,SS",316,MLB
T.J. Rumfield,COL,1B,317,MLB
Josh Adamczewski,MIL,SS,318,AA
Spencer Torkelson,DET,1B,319,MLB
Elmer Rodriguez-Cruz,NYY,SP,320,MLB
Ethan Conrad,CHC,OF,320,A+
Braylon Payne,MIL,OF,322,AA
Agustin Ramirez,MIA,C,323,MLB
Ian Seymour,TB,"SP,RP",324,MLB
Ian Happ,CHC,OF,325,MLB
Josh Jung,TEX,3B,326,MLB
Kevin Gausman,CHC,SP,326,MLB
Trevor Rogers,BAL,SP,328,MLB
Pablo López,MIN,SP,329,AAA
Justin Gonzales,BOS,OF,330,AA
Seaver King,WSH,SS,331,AAA
Tyler Bremner,LAA,SP,332,AA
J.R. Ritchie,ATL,"SP,RP",333,MLB
Arjun Nimmala,LAA,SS,333,AA
Aiva Arquette,MIA,SS,335,AA
Royce Lewis,MIN,"1B,2B,3B",336,MLB
Lawrence Butler,ATH,OF,337,MLB
Foster Griffin,CLE,"SP,RP",338,MLB
Dominic Canzone,SEA,OF,339,MLB
Justin Crawford,PHI,OF,340,MLB
Spencer Arrighetti,TOR,"SP,RP",340,MLB
Jonny Farmelo,SEA,OF,342,AA
Caleb Durbin,BOS,"2B,3B",343,MLB
Andrew Abbott,CIN,SP,343,MLB
Griffin Jax,TB,"SP,RP",345,MLB
Sonny Gray,BOS,SP,346,MLB
Edwin Díaz,LAD,RP,347,MLB
Jaison Chourio,CLE,OF,348,AA
Juneiker Caceres,CLE,OF,349,A+
Brooks Lee,MIN,"2B,3B,SS",350,MLB
Colt Keith,DET,"1B,2B,3B",351,MLB
Coby Mayo,BAL,"1B,3B",352,MLB
Carlos Rodón,NYY,SP,353,MLB
Brandon Sproat,MIL,SP,354,MLB
Jett Williams,MIL,"2B,SS,OF",355,AAA
Ike Irish,BAL,"C,1B",356,A+
Steven Kwan,CLE,OF,357,MLB
Jacob Gonzalez,PIT,"1B,2B,3B,SS",358,MLB
Taitn Gray,TB,C,359,A
Caden Scarborough,TEX,SP,360,A+
Heliot Ramos,NYY,OF,361,MLB
Jack Leiter,TEX,SP,361,MLB
Ryan Pepiot,TB,SP,363,MLB
Marcelo Mayer,SF,"2B,3B,SS",364,MLB
Jung Hoo Lee,SF,OF,365,MLB
Quinn Mathews,STL,SP,366,MLB
Zac Veen,COL,OF,367,MLB
Kruz Schoolcraft,SD,SP,368,A
Brendan Donovan,SEA,"2B,3B,OF",368,MLB
Dylan Beavers,BAL,OF,370,MLB
Tatsuya Imai,HOU,"SP,RP",370,MLB
Jefferson Rojas,NYM,"2B,SS",372,AAA
Kevin Alvarez,HOU,OF,372,A
Michael Soroka,AZ,SP,374,MLB
Kash Mayfield,DET,SP,374,A+
River Ryan,DET,SP,376,MLB
Xavier Neyens,HOU,3B,377,A+
Addison Barger,TOR,"3B,OF",377,MLB
Rhett Lowder,CIN,SP,379,MLB
Bryson Stott,PHI,"2B,3B,SS",380,MLB
Jared Grindlinger,LAA,"1B,OF",380,ROK
Tommy White,ATH,"1B,3B",382,MLB
Brady House,WSH,3B,383,MLB
Zion Rose,KC,OF,384,A+
Trevor Condon,STL,OF,384,A
Willy Adames,SF,SS,386,MLB
Brandon Marsh,PHI,OF,387,MLB
Johnny King,TOR,SP,388,AA
Masyn Winn,STL,SS,389,MLB
Spencer Steer,CIN,"1B,2B,OF",390,MLB
Luis Robert Jr.,BAL,OF,391,MLB
Matt McLain,CIN,"2B,SS",391,MLB
Davis Martin,CWS,SP,391,MLB
Max Muncy,ATH,"2B,3B",395,MLB
Elian Pena,NYM,SS,396,A+
Adrian Morejon,SD,RP,396,MLB
Jake McCarthy,COL,OF,398,MLB
Andrew Vaughn,MIL,"1B,3B",399,MLB
Murf Gray,PIT,3B,400,AA
Daniel Palencia,CHC,RP,400,MLB
Reese Olson,DET,SP,403,AAA
Kayson Cunningham,AZ,SS,404,A+
Jakob Marsee,MIA,OF,405,MLB
Kyle Manzardo,CLE,1B,405,MLB
Kendry Rojas,MIN,"SP,RP",407,MLB
Christian Moore,LAA,2B,408,MLB
Blaze Jordan,STL,"1B,3B",408,MLB
Evan Carter,TEX,OF,410,MLB
Kyle Karros,COL,3B,411,MLB
Francisco Renteria,PHI,OF,412,ROK
Nathan Eovaldi,TEX,SP,412,MLB
Cooper Flemming,TB,SS,414,A
Noelvi Marte,CIN,"3B,OF",414,MLB
Connor Prielipp,MIN,SP,416,MLB
Jaxon Wiggins,CHC,SP,417,AAA
Ryan Jeffers,MIN,C,417,MLB
JJ Bleday,CIN,OF,419,MLB
Christian Yelich,MIL,"OF,UT",420,MLB
Garrett Mitchell,MIL,OF,420,MLB
Michael McGreevy,STL,SP,422,MLB
Jesus Baez,STL,"3B,SS",423,AA
Shane Drohan,MIL,"SP,RP",424,MLB
Jurrangelo Cijntje,STL,SP,425,AAA
Angel Martinez,CLE,"2B,OF",426,MLB
Cooper Ingle,CLE,C,427,MLB
Braylon Doughty,CLE,SP,428,AA
Brody Hopkins,TB,"SP,RP",429,MLB
Aroldis Chapman,BOS,RP,430,MLB
Zebby Matthews,MIN,SP,431,MLB
Max Muncy,LAD,3B,432,MLB
Michael Forret,BAL,SP,433,AAA
Brandon Nimmo,TEX,OF,434,MLB
J.T. Ginn,ATH,SP,435,MLB
Nathan Flewelling,TB,C,435,A+
Dansby Swanson,CHC,SS,437,MLB
Bo Davidson,SF,OF,437,MLB
Bryce Elder,ATL,SP,437,MLB
Gleyber Torres,DET,2B,440,MLB
Gavin Fien,WSH,"3B,SS",441,A
Tate Southisene,ATL,SS,441,AA
Yainer Diaz,HOU,C,443,MLB
Joshua Kuroda-Grauer,ATH,"3B,SS",444,MLB
Shane Bieber,TOR,SP,446,MLB
David Bednar,NYY,RP,447,MLB
Jacob Melton,TB,OF,447,AAA
Roldy Brito,COL,"2B,OF",449,A+
Kristian Campbell,BOS,2B,450,MLB
Gio Rojas,TEX,SP,451,ROK
Devin Williams,NYM,RP,452,MLB
Liam Peterson,CLE,SP,452,ROK
Kerry Carpenter,DET,OF,454,MLB
Blake Mitchell,KC,C,454,A+
Xavier Isaac,TB,UT,454,AAA
Jeferson Quero,MIL,C,457,MLB
Logan Hughes,HOU,OF,458,A
Chris Hacopian,WSH,3B,458,A+
Cam Cannarella,MIA,OF,460,AAA
Tanner McDougal,CWS,SP,460,MLB
Quinn Priester,MIL,SP,460,AAA
Ryder Helfrick,AZ,C,460,A
Robbie Ray,SD,SP,464,MLB
George Klassen,LAA,SP,465,MLB
Colton Cowser,BAL,OF,466,MLB
Brayan Rocchio,CLE,"2B,SS",467,MLB
Josh Hammond,KC,"3B,SS",467,A
Clay Holmes,NYM,SP,469,MLB
Kevin Alcántara,CHC,OF,469,MLB
Demetrio Crisantes,AZ,2B,469,AAA
Zach Thornton,NYM,"SP,RP",472,MLB
Jake Bauers,MIL,"1B,OF",472,MLB
Justin Steele,CHC,SP,474,AAA
Sal Frelick,MIL,OF,475,MLB
Garrett Whitlock,BOS,RP,476,MLB
Ben Joyce,LAA,RP,477,MLB
Juan Sanchez,TOR,"3B,SS",477,A
Charles Davalan,LAD,OF,479,AA
Alexander Frias,STL,OF,480,A
Brandon Woodruff,MIL,SP,481,MLB
Max Anderson,DET,2B,481,AAA
Marek Houston,MIN,SS,483,AA
Carson Williams,TB,SS,484,MLB
Nolan Perry,TOR,SP,485,AA
Nolan Schanuel,LAA,1B,485,MLB
Nick Pivetta,SD,SP,487,MLB
Luke Adams,MIL,"1B,3B",488,AAA
Owen Murphy,ATL,SP,489,MLB
Jace LaViolette,CLE,OF,490,AA
Ryan O'Hearn,PIT,"1B,OF",491,MLB
Eduardo Tait,MIN,C,492,A+
Wei-En Lin,ATH,"SP,RP",493,AAA
Juan Valera,BOS,SP,494,A+
Ronny Cruz,WSH,SS,495,A+
Jack Wenninger,NYM,SP,496,AAA
Caden Bodine,TB,C,498,AAA
Kahlil Watson,CLE,"SS,OF",499,MLB
Trevor Megill,MIL,RP,499,MLB
Blake Burke,MIL,1B,501,AAA
Wehiwa Aloy,BAL,SS,502,AA
Alejandro Kirk,TOR,C,502,MLB
Spencer Horwitz,PIT,1B,504,MLB
Dustin May,MIL,SP,505,MLB
Chase Harlan,LAD,3B,506,A+
Grayson Rodriguez,LAA,SP,507,MLB
Nate George,BAL,OF,507,A+
Harry Ford,WSH,C,509,MLB
Cam Collier,CIN,"1B,3B",510,AA
Jose Fernandez,AZ,"1B,3B,SS",511,MLB
Yohandy Morales,WSH,"1B,3B",512,MLB
Jacob Latz,TEX,"SP,RP",512,MLB
Ernie Clement,TOR,"1B,2B,3B,SS",514,MLB
Trent Grisham,NYY,OF,514,MLB
Ryne Nelson,AZ,"SP,RP",514,MLB
Kumar Rocker,TEX,SP,517,MLB
Trey Gibson,BAL,SP,519,MLB
Teoscar Hernández,LAD,OF,519,MLB
Angeibel Gomez,KC,OF,521,ROK
Taylor Ward,SEA,OF,523,MLB
Daulton Varsho,HOU,OF,523,MLB
Deyvison De Los Santos,MIA,"1B,3B",525,MLB
Henry Lalane,SF,SP,525,AA
Tommy Troy,AZ,"2B,OF",527,MLB
Ace Reese,SEA,OF,527,A
Ricky Tiedemann,TOR,"SP,RP",527,MLB
Tai Peete,STL,OF,530,AA
Matthew Liberatore,STL,SP,530,MLB
Jake Schaffner,BOS,SS,532,A+
David Shields,KC,SP,533,A+
Jhostynxon Garcia,PIT,OF,533,MLB
Gavin Kilen,SF,SS,533,AA
Riley OBrien,STL,RP,536,MLB
Tristan Peters,CWS,OF,537,MLB
Justin Lebron,CIN,SS,538,A+
Ezequiel Tovar,COL,SS,539,MLB
Johan De Los Santos,PIT,"2B,SS",540,A
Grant Holmes,ATL,SP,541,MLB
Abimelec Ortiz,WSH,"1B,OF",542,MLB
Shane Smith,CWS,SP,542,MLB
Coleman Borthwick,SD,3B,544,A
Ryan Helsley,BAL,RP,545,MLB
Brandon Pfaadt,AZ,"SP,RP",546,MLB
Luis Perales,WSH,"SP,RP",547,MLB
Anthony Volpe,NYY,"2B,SS",548,MLB
Christian Walker,HOU,1B,548,MLB
Keider Montero,DET,"SP,RP",550,MLB
Ben Hess,NYY,SP,551,AA
Mason Montgomery,PIT,"SP,RP",552,MLB
Bradgley Rodriguez,SD,"SP,RP",552,MLB
Brady Ebel,MIL,SS,554,A+
Ty Johnson,TB,"SP,RP",555,MLB
Robert Gasser,MIL,SP,556,MLB
Aaron Ashby,MIL,"SP,RP",557,MLB
Cristian Arguelles,COL,OF,558,A
Luis De Leon,BAL,"SP,RP",559,MLB
John Gil,ATL,SS,559,AA
Billy Carlson,CWS,SS,561,A
Matt Chapman,SF,3B,562,MLB
Andrés Giménez,TOR,"2B,SS",562,MLB
Chad Patrick,MIL,"SP,RP",564,MLB
James Triantos,CHC,"2B,3B,OF",565,MLB
Brandon Young,BAL,SP,566,MLB
Aidan Smith,NYM,OF,567,A+
Tyson Lewis,CIN,SS,568,A+
Heriberto Hernandez,MIA,OF,569,MLB
Jonathon Long,MIA,1B,569,AAA
Devin Taylor,ATH,OF,571,AAA
Ezequiel Duran,TEX,"1B,2B,3B,SS,OF",572,MLB
Justin Martinez,AZ,RP,573,MLB
Jordan Beck,COL,OF,574,MLB
Ryan Clifford,NYM,"1B,OF",574,AAA
Eugenio Suárez,CIN,3B,574,MLB
Sean Keys,TOR,"1B,3B",577,MLB
Noble Meyer,MIA,SP,578,A
Josiah Ragsdale,STL,OF,578,AA
Mark Vientos,NYM,"1B,3B",580,MLB
Chase Petty,CIN,"SP,RP",580,MLB
Jackson Ferris,LAD,SP,582,AAA
Jack Flaherty,DET,SP,583,MLB
Carlos Correa,HOU,"3B,SS",583,MLB
Triston Casas,BOS,1B,585,MLB
Brayan Bello,BOS,"SP,RP",585,MLB
Slade Caldwell,AZ,OF,587,A+
Slade Cecconi,CLE,"SP,RP",588,MLB
Clarke Schmidt,NYY,SP,588,MLB
Hendry Mendez,MIN,OF,590,MLB
Jacob Lopez,ATH,SP,590,MLB
Brice Matthews,HOU,"2B,OF",590,MLB
Yostin Pena,NYY,OF,593,A
Brett Baty,NYM,"1B,2B,3B,OF",594,MLB
Zachary Root,LAD,SP,594,AA
Brenton Doyle,CWS,OF,594,MLB
Nasim Nunez,WSH,"2B,SS",594,MLB
Jacob Reimer,NYM,3B,598,AA
Randy Vasquez,SD,"SP,RP",599,MLB
Lars Nootbaar,AZ,OF,599,MLB
Mitch Voit,NYM,2B,601,AA
Ramon Marquez,SF,SP,602,A+
Enddy Azocar,BAL,OF,603,A+
Nick Gonzales,PIT,"2B,3B,SS",603,MLB
Wandy Asigen,NYM,SS,605,ROK
Trevor Larnach,MIN,"OF,UT",606,MLB
Aaron Nola,PHI,SP,606,MLB
Aroon Escobar,PHI,2B,606,AA
Kyle Leahy,STL,"SP,RP",609,MLB
Brady Singer,CIN,SP,609,MLB
Alex Clemmey,WSH,SP,609,AA
Wyatt Sanford,PIT,"2B,SS",612,A+
Miguel Sime,WSH,SP,612,A+
Cris Rodriguez,DET,OF,614,A
Bryan Baker,TB,RP,615,MLB
Mitch Keller,PIT,SP,615,MLB
Kody Clemens,MIN,"1B,2B,OF",617,MLB
Tanner Scott,LAD,RP,617,MLB
Nelson Rada,LAA,OF,617,AAA
Blade Tidwell,SF,"SP,RP",617,MLB
Bailey Ober,MIN,SP,621,MLB
Raisel Iglesias,ATL,RP,621,MLB
Matthew Boyd,CHC,SP,621,MLB
Brailyn Antunez,MIL,OF,621,A
Edgar Quero,CWS,C,625,MLB
Logan O'Hoppe,TEX,C,626,MLB
Jake Burger,TEX,1B,626,MLB
Jacob Young,WSH,OF,628,MLB
Matt Brash,SEA,RP,629,MLB
Blaze Alexander,BAL,"2B,3B,SS,OF",629,MLB
Jonathan Santucci,NYM,SP,629,AAA
Slater de Brun,TB,OF,629,A
George Springer,TOR,OF,633,MLB
Jeremiah Estrada,SD,RP,633,MLB
Willi Castro,COL,"1B,2B,3B,SS,OF",635,MLB
Tommy Edman,LAD,"2B,3B,OF",636,MLB
Matt Wilkinson,SF,SP,636,MLB
Luis Castillo,CWS,"SP,RP",636,MLB
Alec Bohm,PHI,"1B,3B",639,MLB
Ethan Frey,HOU,OF,639,A+
Khal Stephen,CLE,SP,639,AA
Gabriel Gonzalez,MIN,OF,642,MLB
José Caballero,NYY,"2B,3B,SS,OF",642,MLB
Javier Sanoja,MIA,"2B,3B,SS,OF,RP",642,MLB
Christian Encarnacion-Strand,BAL,"1B,3B",645,MLB
Luis Morales,ATH,SP,645,MLB
Luis Gil,NYY,"SP,RP",647,MLB
Keibert Ruiz,WSH,C,647,MLB
Michael Wacha,KC,SP,647,MLB
Brayden Taylor,MIA,"2B,3B",647,AAA
Anderson Brito,TB,SP,647,A+
Endy Rodríguez,PIT,"C,1B",653,MLB
Trey Ebel,MIL,SS,655,A
Connor Norby,COL,"1B,2B,3B",655,MLB
Nick Martinez,TB,"SP,RP",655,MLB
Kendall George,LAD,OF,655,AA
Daniel Pierce,TB,SS,659,A
Daniel Jackson,COL,C,660,A
Bo Lowrance,LAD,3B,660,ROK
Cameron Flukey,DET,SP,660,A
Cade Townsend,CHC,"SP,RP",660,ROK
Spencer Miles,TOR,"SP,RP",664,MLB
Peter Lambert,HOU,SP,664,MLB
Leonardo Bernal,STL,C,666,MLB
Brett Bateman,TOR,OF,666,MLB
Shotaro Morii,ATH,SS,668,A
Druw Jones,AZ,OF,669,AA
Hunter Dietz,NYY,SP,669,ROK
Riley Quick,MIN,SP,669,AA
Thayron Liranzo,DET,C,672,MLB
Caden Dana,LAA,SP,672,MLB
Mike Burrows,HOU,SP,674,MLB
Andre Pallante,STL,SP,674,MLB
Alex Vesia,LAD,RP,674,MLB
Eduardo Rodriguez,AZ,SP,674,MLB
Franklin Primera,BOS,C,678,A
Drew Thorpe,CWS,SP,678,AAA
Adael Amador,COL,2B,678,MLB
Jesús Sánchez,AZ,OF,678,MLB
JoJo Romero,MIL,RP,682,MLB
Erik Sabrowski,CLE,RP,683,MLB
Andrew Salas,MIA,OF,683,A
Xander Bogaerts,SD,SS,685,MLB
Yoeilin Cespedes,BOS,2B,685,AA
Joendry Vargas,LAD,SS,687,A
AJ Russell,TEX,SP,687,A+
Briggs McKenzie,ATL,SP,687,A+
Jose Altuve,HOU,"2B,OF",690,MLB
Termarr Johnson,PIT,2B,691,AAA
Kodai Senga,NYM,"SP,RP",691,MLB
Landon Harmon,WSH,SP,691,A
JD Dix,AZ,2B,691,A+
Hayden Wesneski,HOU,SP,696,MLB
Orion Kerkering,PHI,RP,696,MLB
Daniel Espino,CLE,"SP,RP",696,MLB
Bryan Abreu,HOU,RP,696,MLB
Parker Meadows,DET,OF,696,MLB
Mitch Bratt,AZ,SP,701,MLB
Hayden Alvarez,LAA,OF,701,A+
Dakota Jordan,SF,OF,704,AA
Salvador Perez,KC,"C,1B",704,MLB
Tyler Mahle,ATL,SP,704,MLB
Kane Kepley,CHC,OF,707,AA
Carson Bolemon,SF,SP,707,ROK
Carson Wiggins,NYM,SP,707,ROK
Conor Essenburg,ATL,"OF,SP",710,A+
Joe Musgrove,SD,SP,710,MLB
Clayton Beeter,WSH,RP,710,MLB
Kenley Jansen,DET,RP,713,MLB
Caden Hunter,BAL,SP,713,AA
Carter Beck,ATL,OF,715,A+
Jackson Kent,WSH,SP,715,MLB
Robert Suarez,ATL,RP,715,MLB
Zac Gallen,AZ,SP,718,MLB
Robert Calaz,COL,OF,718,A+
Eduardo Valencia,DET,"C,1B",718,MLB
Tyler Stephenson,CIN,C,718,MLB
Emilio Pagan,CIN,RP,718,MLB
Vaughn Grissom,LAA,"1B,2B,3B",723,MLB
Luke Weaver,PIT,RP,723,MLB
Troy Johnston,COL,"1B,OF",725,MLB
Taylor Rabe,KC,"SP,RP",725,ROK
Tink Hence,STL,SP,725,AAA
Félix Bautista,BAL,RP,725,MLB
Austin Wells,NYY,C,725,MLB
Dasan Hill,TOR,SP,730,A+
Yoendrys Gomez,MIN,"SP,RP",731,MLB
Starlyn Caba,MIA,SS,731,A+
Luisangel Acuña,CWS,"2B,SS,OF",731,MLB
Ty France,SD,1B,731,MLB
Mauricio Dubón,ATL,"2B,3B,SS,OF",731,MLB
Tanner Franklin,STL,SP,736,AA
Jack Radel,HOU,SP,737,ROK
Yorger Bautista,SEA,OF,737,A
Edgardo Henriquez,LAD,"SP,RP",737,MLB
Andrew Alvarez,WSH,"SP,RP",740,MLB
Hunter Barco,PIT,RP,740,MLB
Griffin Conine,MIA,"1B,OF",742,MLB
Dean Kremer,MIN,SP,742,MLB
Jeff Hoffman,MIN,RP,742,MLB
Kevin Defrank,MIA,SP,742,ROK
Dylan Lee,ATL,RP,742,MLB
Victor Scott II,STL,OF,742,MLB
Bryce Cunningham,NYY,SP,748,AA
Brock Wilken,MIL,3B,748,AAA
Brandon Clarke,STL,SP,750,AA
Joey Ortiz,MIL,"3B,SS",750,MLB
Santiago Suarez,TB,SP,752,AA
Hogan Harris,ATH,RP,752,MLB
Nolan Gorman,STL,"2B,3B",752,MLB
Tre' Morgan,TB,1B,755,AAA
C.J. Kayfus,CLE,"1B,OF",755,MLB
Cal Quantrill,TEX,"SP,RP",757,MLB
Brent Headrick,NYY,RP,758,MLB
Kellon Lindsey,LAD,SS,758,A
Pete Fairbanks,MIA,"SP,RP",758,MLB
Hunter Gaddis,CLE,RP,761,MLB
Dorian Soto,BOS,SS,761,ROK
Gavin Sheets,SD,"1B,OF",761,MLB
Josh Bell,MIN,1B,761,MLB
Brandyn Garcia,AZ,RP,765,MLB
Cody Ponce,TOR,SP,765,MLB
Seth Lugo,KC,SP,765,MLB
Vance Honeycutt,BAL,OF,765,AA
Johenssy Colome,ATH,SS,769,ROK
Victor Mesa Jr.,TB,OF,769,MLB
Trevor Story,BOS,SS,771,MLB
DJ Herz,WSH,SP,772,MLB
Kevin Kelly,TB,RP,772,MLB
Ethan Pecko,HOU,SP,772,MLB
Bishop Letson,MIL,SP,772,AA
Patrick Forbes,AZ,SP,776,A+
Gage Stanifer,TOR,"SP,RP",776,AAA
David Peterson,CHC,"SP,RP",776,MLB
Cedric Mullins,TB,OF,776,MLB
Sammy Stafura,NYM,SS,776,A+
Ching-Hsien Ko,LAD,OF,781,A
Nolan Arenado,AZ,3B,782,MLB
Gregory Soto,PIT,RP,782,MLB
Sebastian Dos Santos,STL,SS,782,A
J.T. Realmuto,PHI,C,782,MLB
Chris Bassitt,BAL,SP,786,MLB
Merrill Kelly,AZ,SP,787,MLB
Luke Raley,SEA,"1B,OF",787,MLB
Hyeseong Kim,LAD,"2B,SS,OF",787,MLB
Cristian Javier,HOU,"SP,RP",790,MLB
Giancarlo Stanton,NYY,"OF,UT",790,MLB
Jeff McNeil,ATH,"1B,2B,OF",790,MLB
Rico Garcia,BAL,RP,790,MLB
Carlos Estévez,KC,RP,790,MLB
Ildemaro Vargas,AZ,"1B,2B",790,MLB
Jake Mangum,PIT,OF,796,MLB
Juan Morillo,AZ,RP,796,MLB
Carson Kelly,CHC,C,796,MLB
Enrique Bradfield Jr.,BAL,OF,800,AAA
Sean Manaea,NYM,"SP,RP",800,MLB
Hao-Yu Lee,DET,"2B,3B",800,MLB
Jeffrey Springs,ATH,SP,803,MLB
Nathaniel Lowe,CLE,1B,803,MLB
Jacob Webb,CHC,RP,803,MLB
Andrew Morris,MIN,"SP,RP",803,MLB
Walker Buehler,SD,SP,807,MLB
Thomas Saggese,STL,"2B,3B,SS,OF",807,MLB
Joc Pederson,TEX,UT,807,MLB
Anthony Kay,CWS,"SP,RP",810,MLB
Tyler Wells,TB,"SP,RP",810,MLB
Reynaldo López,ATL,"SP,RP",810,MLB
Yusei Kikuchi,LAA,SP,810,MLB
Marcus Semien,NYM,2B,810,MLB
Brendan Summerhill,TB,OF,815,A+
Jameson Taillon,TOR,SP,815,MLB
Andrew Benintendi,CWS,OF,815,MLB
Ryan Johnson,LAA,"SP,RP",815,MLB
Jorge Polanco,NYM,2B,819,MLB
Edwin Uceta,TB,RP,819,AAA
Jason Adam,SD,RP,821,MLB
Martín Pérez,ATL,SP,821,MLB
Drew Anderson,DET,"SP,RP",821,MLB
Tyler Rogers,TOR,RP,821,MLB
Paul Blackburn,NYY,"SP,RP",825,MLB
Dante Nori,PHI,OF,826,AA
TJ Friedl,CIN,OF,826,MLB
Ramón Laureano,SD,OF,828,MLB
Emanuel Luna,STL,OF,828,ROK
Anthony Santander,TOR,"OF,UT",828,AAA
Jonathan India,KC,"2B,3B,OF",831,MLB
Brody Brecht,COL,SP,833,A+
Ryan Walker,SF,RP,833,MLB
Adolis García,PHI,OF,833,MLB
Seranthony Domínguez,CWS,RP,833,MLB
Jake Cronenworth,SD,"1B,2B,SS",833,MLB
Rafael Flores,PIT,"C,1B",833,MLB
Esteban Mejia,BAL,SP,839,A
Luis Severino,ATH,SP,839,MLB
Matt Wallner,MIN,OF,841,MLB
Steven Okert,HOU,"SP,RP",841,MLB
Jonah Cox,SF,"2B,OF",843,MLB
Yairo Padilla,STL,SS,843,A+
J.P. Crawford,SEA,"3B,SS",845,MLB
Robert Garcia,TEX,RP,845,MLB
Paul Goldschmidt,NYY,1B,845,MLB
Paul Sewald,TOR,RP,845,MLB
Dennis Santana,PIT,RP,849,MLB
Josh Lowe,LAA,OF,849,MLB
Jorge Soler,LAA,OF,849,MLB
Max Scherzer,TOR,SP,852,MLB
Colin Rea,CHC,"SP,RP",852,MLB
Dylan Lesko,TB,RP,854,A
José Berríos,TOR,SP,854,AAA
Lucas Giolito,SD,SP,854,MLB
Tomoyuki Sugano,COL,SP,857,MLB
Yhoiker Fajardo,STL,SP,858,AA
Zach Eflin,BAL,SP,859,MLB
Daniel Lynch,KC,"SP,RP",860,MLB
Jack Perkins,ATH,"SP,RP",860,MLB
Zach McKinstry,DET,"2B,3B,SS,OF",862,MLB
Charlee Soto,MIN,SP,862,A+
Lenyn Sosa,TOR,"1B,2B",862,MLB
Kyle Finnegan,DET,RP,862,MLB
Daniel Eagen,STL,SP,866,AA
Alejandro Rosario,WSH,SP,867,AA
Christian Oppor,CWS,SP,868,AA
Brandon Compton,MIA,OF,869,AAA
Sean Gamble,KC,SS,870,A
David Hagaman,AZ,SP,870,AA
Sadbiel Delzine,BOS,SP,870,A
Yolfran Castillo,TEX,"3B,SS",873,A+
Albert Fermin,HOU,SS,873,ROK
Deniel Ortiz,STL,"1B,3B",873,AA
Griffin Burkholder,PHI,OF,873,A+
Aron Estrada,BAL,"2B,OF",873,AAA
Hunter Dobbins,STL,SP,878,MLB
Ronny Henriquez,MIA,RP,878,MLB
Jordan Wicks,CHC,"SP,RP",878,MLB
Drew Pomeranz,CHC,"SP,RP",878,MLB
Eli White,BOS,OF,878,MLB
Sean Linan,NYY,SP,878,AA
Edouard Julien,COL,"1B,2B",878,MLB
Felipe De La Cruz,NYM,"SP,RP",878,AAA
Ryan Zeferjahn,CHC,RP,878,MLB
Otto Kemp,PHI,"1B,3B,OF",878,MLB
Tim Elko,CWS,1B,878,AAA
Stephen Kolek,KC,SP,878,MLB
Luis Mey,CIN,RP,878,MLB
Zach Agnos,COL,"SP,RP",878,MLB
Leo Rivas,SEA,"2B,3B,SS",878,MLB
Randy Rodriguez,SF,RP,878,MLB
Yanquiel Fernandez,NYY,OF,878,AAA
Chase Silseth,TEX,RP,878,MLB
Lane Thomas,ATL,OF,878,MLB
Anthony Banda,MIN,RP,878,MLB
Chase Hampton,STL,SP,878,MLB
Kameron Misner,PHI,OF,878,MLB
Eloy Jiménez,TOR,OF,878,MLB
Derek Hill,PHI,OF,878,MLB
Brendon Little,TOR,RP,878,MLB
Tim Tawa,AZ,"1B,2B,3B,OF",878,MLB
Jack Dreyer,LAD,"SP,RP",878,MLB
Ryan Gusto,MIA,"SP,RP",878,MLB
Heston Kjerstad,BAL,OF,878,MLB
Bryan King,HOU,"SP,RP",878,MLB
Carlos Narvaez,BAL,C,878,MLB
J.P. France,SD,RP,878,MLB
Chris Paddack,TEX,SP,878,MLB
Eric Wagaman,NYM,"1B,OF",878,MLB
Huascar Brazoban,CWS,"SP,RP",878,MLB
Mitch Garver,NYY,C,878,MLB
Justin Sterner,ATH,RP,878,MLB
Anthony Solometo,PIT,SP,878,AA
Sean Newcomb,CWS,"SP,RP",878,MLB
Ben Williamson,TB,"2B,3B,SS,RP",878,MLB
Jordan Romano,COL,RP,878,MLB
Cesar Perdomo,SF,SP,878,MLB
Caleb Thielbar,CHC,RP,878,MLB
Trent Harris,SF,RP,878,MLB
Joey Wentz,ATL,"SP,RP",878,MLB
Warming Bernabel,WSH,1B,878,AAA
Tanner Gordon,COL,"SP,RP",878,MLB
Austin Hays,SD,OF,878,MLB
Tyler Locklear,AZ,1B,878,MLB
Justin Topa,NYY,RP,878,MLB
Jason Alexander,HOU,SP,878,MLB
Boston Smith,SEA,C,878,AA
Davis Schneider,TOR,"2B,OF",878,MLB
Bryan Rincon,PHI,SS,878,AA
Luis Garcia,NYY,SP,878,ROK
Jose Siri,LAA,OF,878,MLB
Luis Campusano,SD,C,878,MLB
David Davalillo,TEX,SP,878,MLB
Max Kepler,AZ,OF,878,MLB
Matt Svanson,STL,"SP,RP",878,MLB
Jeremiah Jackson,BAL,"2B,3B,OF",878,MLB
Anthony Molina,SF,"SP,RP",878,MLB
Andrew Saalfrank,AZ,RP,878,ROK
Mitch Farris,LAA,"SP,RP",878,MLB
Christian Koss,SF,"2B,3B,SS",878,MLB
Luis Matos,MIL,OF,878,MLB
Justyn-Henry Malloy,TB,OF,878,AAA
Alex McFarlane,PHI,"SP,RP",878,MLB
Justin Foscue,TEX,"1B,2B",878,MLB
Isaac Collins,KC,OF,878,MLB
Everson Pereira,STL,OF,878,MLB
Victor Figueroa,BAL,1B,878,AA
Thairo Estrada,BAL,2B,878,AAA
Jake Eder,LAD,RP,878,MLB
Nestor Cortes,PHI,SP,878,MLB
Jose Anderson,MIL,OF,878,A
Jake Bird,WSH,RP,878,MLB
David Festa,MIN,SP,878,AAA
Brad Keller,PHI,RP,878,MLB
Greg Weissert,BOS,RP,878,MLB
Ryan Bergert,KC,SP,878,MLB
Brandon Walter,HOU,SP,878,AAA
Ryan Ritter,COL,"2B,SS",878,MLB
Colton Gordon,MIL,SP,878,MLB
Eric Lauer,LAD,"SP,RP",878,MLB
Tyler Black,MIL,1B,878,MLB
Hoby Milner,SEA,RP,878,MLB
Shawn Armstrong,CLE,"SP,RP",878,MLB
Janson Junk,MIA,SP,878,MLB
Alexis Díaz,TEX,RP,878,AAA
Jordan Montgomery,TEX,"SP,RP",878,MLB
Lourdes Gurriel Jr.,AZ,OF,878,MLB
Bennett Sousa,HOU,"SP,RP",878,MLB
Braydon Fisher,TOR,"SP,RP",878,MLB
Zach Dezenzo,HOU,OF,878,MLB
Jonah Heim,ATH,C,878,MLB
Ke'Bryan Hayes,CIN,3B,878,MLB
Adam Serwinowski,LAD,SP,878,AA
Adrian Santana,MIA,SS,878,AA
Jose Ramos,NYM,OF,878,AAA
Cole Phillips,MIL,SP,878,AAA
Ronan Kopp,LAD,"SP,RP",878,AAA
Victor Hurtado,WSH,OF,878,ROK
Austin Hendrick,CIN,OF,878,AAA
Will Dion,WSH,"SP,RP",878,MLB
Humberto Cruz,SD,SP,878,ROK
Won-Bin Cho,STL,OF,878,AA
Nick Mears,KC,RP,878,MLB
Jared Koenig,MIL,RP,878,MLB
Jared Serna,MIA,"2B,SS",878,MLB
Niko Kavadas,LAA,1B,878,AAA
Emmanuel Clase,CLE,RP,878,MLB
Cameron Cauley,TEX,"2B,SS,OF",878,MLB
Billy Cook,PIT,OF,878,MLB
Nolan Jones,SEA,OF,878,AAA
Nazzan Zanetello,BOS,"2B,SS",878,A+
Creed Willems,BAL,"C,1B",878,AAA
Jack Hurley,AZ,OF,878,AAA
Thatcher Hurd,NYY,"SP,RP",878,A
Cobb Hightower,BAL,SS,878,A
Tanner Houck,BOS,SP,878,MLB
Justin Campbell,CLE,SP,878,AAA
Lucas Braun,KC,SP,878,AAA
Mitch Jebb,PIT,"2B,OF",878,AAA
Justice Bigbie,DET,OF,878,AAA
Aeverson Arteaga,SF,SS,878,AAA
Matt Allan,NYM,SP,878,A+
Mason Adams,COL,SP,878,MLB
Adam Macko,TEX,"SP,RP",878,MLB
Steven Zobac,KC,SP,878,MLB
Jorge Quintana,SD,SS,878,A
Enmanuel Tejeda,NYY,2B,878,A+
Roberto Campos,DET,OF,878,AA
Tony Blanco Jr.,PIT,1B,878,A+
Manuel Beltre,TOR,SS,878,A+
Garrett Baumann,ATL,SP,878,AAA
Cody Bradford,TEX,"SP,RP",878,MLB
Osleivis Basabe,SF,"2B,3B,SS",878,MLB
Calvin Ziegler,NYM,SP,878,AA
Kyle Farmer,ATL,"1B,2B,3B,SS",878,MLB
Kala'i Rosario,MIN,OF,878,AAA
Michael Morales,SEA,SP,878,AA
Asa Lacy,KC,"SP,RP",878,AA
Myles Naylor,ATH,3B,878,A+
Maykel Coret,TB,OF,878,ROK
Bobby Miller,LAD,"SP,RP",878,MLB
Gage Workman,SD,3B,878,MLB
Tyson Neighbors,BAL,RP,878,AA
Chase Davis,STL,OF,878,AAA
Carlos Jorge,CIN,OF,878,MLB
Jordan Hicks,CWS,"SP,RP",878,MLB
Kyle Hart,SD,"SP,RP",878,MLB
Michael Conforto,CHC,OF,878,MLB
Masataka Yoshida,BOS,UT,878,MLB
James Paxton,LAD,SP,878,MLB
José Alvarado,PHI,RP,878,MLB
Mavis Graves,PHI,SP,878,AA
Patrick Sandoval,BOS,SP,878,MLB
Jose Ferrer,SEA,RP,878,MLB
Diego Tornes,ATL,OF,878,ROK
Nick Castellanos,SD,OF,878,MLB
Alek Manoah,LAA,SP,878,MLB
Max Acosta,MIA,3B,878,MLB
Oswaldo Cabrera,CIN,3B,878,MLB
Michael Kennedy,CLE,SP,878,AA
Carter Holton,KC,SP,878,A
Keiner Delgado,PIT,"2B,3B",878,AAA
Homer Bush Jr.,TB,OF,878,AAA
William Bergolla,CWS,SS,878,AAA
Jackson Baumeister,TB,SP,878,AA
Moises Chace,PHI,SP,878,MLB
JT Brubaker,SF,"SP,RP",878,MLB
Hunter Bigge,ATH,RP,878,MLB
Camilo Doval,NYY,RP,878,MLB
Ha-Seong Kim,ATL,SS,878,MLB
Echedry Vargas,MIA,3B,878,A
Cayden Wallace,WSH,3B,878,AAA
Tsung-Che Cheng,BOS,SS,878,MLB
Shinnosuke Ogasawara,WSH,"SP,RP",878,AAA
Ryan Forcucci,HOU,SP,878,A
Jurickson Profar,ATL,OF,878,AAA
Bo Naylor,MIL,C,878,MLB
Javier Assad,CHC,"SP,RP",878,MLB
Nestor German,BAL,SP,878,AAA
Evan Phillips,LAD,RP,878,MLB
Henry Davis,PIT,C,878,MLB
JB Middleton,COL,SP,878,A
Ryan Kreidler,MIN,"2B,SS,OF",878,MLB
Kyler Fedko,PIT,"1B,OF",878,MLB
Juan Cabada,CHC,2B,878,A
Brenan Hanifee,DET,"SP,RP",878,MLB
Isaac Mattson,PIT,RP,878,MLB
Sung-Mun Song,SD,"2B,3B,SS",878,MLB
Nolan Schubart,CLE,1B,878,AA
Aaron Civale,CHC,"SP,RP",878,MLB
Quentin Young,MIN,SS,878,A
Malachi Witherspoon,DET,SP,878,A
Ryan Weiss,HOU,"SP,RP",878,MLB
Aaron Watson,CIN,SP,878,A
Ryan Ward,LAD,"1B,OF",878,MLB
Kyle Hurt,LAD,"SP,RP",878,MLB
Jose Urbina,TB,SP,878,A+
James Outman,DET,OF,878,MLB
Chris Suero,NYM,"C,OF",878,AA
Nathan Church,STL,OF,878,MLB
J.D. Martinez,NYM,UT,878,A
Elvis Alvarado,ATH,RP,878,MLB
Kade Strowd,AZ,RP,878,MLB
Sean Murphy,ATL,C,878,MLB
Angel Nunez Jr.,CIN,OF,878,ROK
Tim Piasentin,TOR,3B,878,ROK
James Quinn-Irons,TB,OF,878,A
Kelvis Salcedo,DET,"SP,RP",878,A
Landyn Vidourek,COL,OF,878,A
Will Watson,NYM,SP,878,AA
Aidan West,LAD,SS,878,A
Josh White,MIA,"SP,RP",878,MLB
Austin Overn,TB,OF,878,AA
Raudy Reyes,ATL,SP,878,ROK
Triston McKenzie,SD,RP,878,AAA
Emilien Pitre,NYM,"2B,SS",878,AAA
Marcus Phillips,BOS,SP,878,A+
Ethan Petry,WSH,OF,878,AA
Victor Bericoto,SF,"1B,OF",878,MLB
Josh Owens,TEX,"SS,SP",878,A
Yandel Ricardo,KC,SS,878,A
Michael Oliveto,DET,C,878,A
Cade Obermueller,PHI,SP,878,A+
Mason Neville,CIN,OF,878,A+
Braden Nett,ATH,SP,878,MLB
Dean Moss,TB,OF,878,A
Nick Morabito,NYM,OF,878,MLB
Edgar Montero,ATH,SS,878,A
Roc Riggio,COL,2B,878,AAA
Elorky Rodriguez,TEX,OF,878,ROK
Alfonsin Rosario,CLE,OF,878,AAA
Tyron Guerrero,BOS,RP,878,MLB
Chase Shores,LAA,"SP,RP",878,A+
Luke Sinnard,ATL,SP,878,AA
Johnny Slawinski,LAA,SP,878,ROK
Luke Stevenson,SEA,C,878,A+
Joseph Sullivan,HOU,OF,878,AA
Anthony Seigler,BOS,"2B,3B",878,MLB
Daniel Susac,SF,C,878,MLB
Marco Luciano,NYY,OF,878,AAA
J.D. Thompson,MIL,SP,878,AA
Brendan Tunink,LAD,OF,878,A
Gavin Turley,ATH,OF,878,A+
Carlos Cortes,ATH,"OF,RP",878,MLB
Rhys Hoskins,CLE,1B,878,MLB
Eduardo Rivera,BOS,SP,878,MLB
Taylor Clarke,AZ,"SP,RP",878,MLB
Gus Varland,WSH,RP,878,MLB
Jesse Scholtens,TB,"SP,RP",878,MLB
Felix Reyes,PHI,"1B,OF",878,MLB
Joel Kuhnel,SF,RP,878,MLB
Grant Wolfram,BAL,RP,878,MLB
Ryan Vilade,TB,"1B,2B,OF",878,MLB
Yohan Ramirez,PIT,"SP,RP",878,MLB
Jared Young,NYM,1B,878,MLB
Cody Bolton,HOU,"SP,RP",878,MLB
Grant Anderson,MIL,RP,878,MLB
Anthony Nunez,BAL,RP,878,MLB
Tyler Callihan,PIT,OF,878,MLB
Samad Taylor,SD,"OF,UT",878,MLB
Antonio Senzatela,MIL,"SP,RP",878,MLB
JT Quinn,BAL,"SP,RP",878,AA
Tyler O'Neill,BAL,OF,878,MLB
Esteury Ruiz,MIA,OF,878,MLB
Tristan Gray,MIN,"2B,3B,SS",878,MLB
John King,TEX,"SP,RP",878,MLB
Cole Sulser,TB,"SP,RP",878,MLB
Ronny Mauricio,NYM,"3B,SS",878,MLB
Ryan Wideman,SD,OF,878,A+
Braxton Garrett,CHC,SP,878,MLB
Brandon Valenzuela,TOR,C,878,MLB
George Soriano,STL,RP,878,MLB
Mickey Gasper,BOS,"C,1B",878,MLB
Bryan Torres,STL,"C,2B,OF",878,MLB
Christopher Morel,NYM,"1B,OF",878,MLB
Darell Morel,PIT,SS,878,A
Ryan Lambert,NYM,RP,878,AAA
Fabricio Blanco,TB,SS,878,ROK
Jose Cabrera,AZ,SP,878,MLB
Riley Cornelio,WSH,"SP,RP",878,MLB
Roderick Arias,NYY,SS,878,AA
Jack Suwinski,TB,OF,878,AAA
Juan Rijo,SEA,OF,878,ROK
Elian Rosario,TEX,3B,878,ROK
Santiago Solarte,MIA,SS,878,ROK
Victor Valdez,TB,SS,878,ROK
Jeimer Candelario,LAA,3B,878,MLB
Donovan Walton,ATH,"2B,3B,SS",878,MLB
Michael Petersen,MIA,RP,878,MLB
Ixan Henderson,STL,SP,878,AAA
RJ Schreck,TOR,OF,878,AAA
Parks Harber,SF,3B,878,AAA
Ryan Mitchell,STL,SS,878,A
Ryan Mountcastle,BAL,1B,878,MLB
Dillon Lewis,MIA,OF,878,AA
Lucas Ramirez,LAA,OF,878,A
Tim Hill,NYY,RP,878,MLB
Ryan Pressly,CHC,RP,878,MLB
Justin Lamkin,KC,SP,878,AA
Justin Verlander,DET,SP,878,MLB
Chas McCormick,CHC,OF,878,AAA
Wilber Dotel,PIT,"SP,RP",878,MLB
Jace Jung,DET,3B,878,MLB
Gavin Lux,TB,"2B,OF",878,AAA
Dominic Smith,ATL,1B,878,MLB
Brandon Lockridge,MIL,OF,878,MLB
Jonathan Loaisiga,AZ,RP,878,MLB
Jose Suarez,ATH,"SP,RP",878,MLB
Zach Cole Jr.,HOU,OF,878,MLB
Carlos Vargas,SEA,RP,878,MLB
Junior Perez,CWS,OF,878,MLB
Angel Zerpa,MIL,"SP,RP",878,MLB
Mason Fluharty,TOR,"SP,RP",878,MLB
David Morgan,SD,"SP,RP",878,MLB
Andruw Monasterio,BOS,"1B,2B,SS",878,MLB
Brock Burke,CIN,RP,878,MLB
Jahmai Jones,BOS,OF,878,MLB
Jarred Kelenic,NYY,OF,878,MLB
Luis Torrens,NYM,C,878,MLB
Myles Straw,TOR,OF,878,MLB
Kai-Wei Teng,HOU,"SP,RP",878,MLB
Eduard Bazardo,SEA,RP,878,MLB
Wilberson De Pena,NYY,OF,878,A
Tommy Pham,CWS,OF,878,MLB
Blaine Crim,TEX,1B,878,AAA
Yovanny Cruz,WSH,RP,878,MLB
Nick Frasso,COL,"SP,RP",878,MLB
Marcell Ozuna,PIT,UT,878,MLB
Coleman Crow,MIL,SP,878,MLB
Eric Orze,MIN,RP,878,MLB
Brycen Mautz,STL,"SP,RP",878,MLB
Cody Freeman,TEX,"2B,3B",878,MLB
Denzer Guzman,LAA,"3B,SS",878,MLB
Luinder Avila,KC,"SP,RP",878,MLB
Jesus Rodriguez,SF,C,878,MLB
Juaron Watts-Brown,BAL,SP,878,AAA
Henry Baez,ATH,SP,878,MLB
Dylan Smith,SF,RP,878,MLB
Will Klein,LAD,"SP,RP",878,MLB
Drew Sommers,DET,RP,878,MLB
Graham Pauley,MIA,"1B,3B",878,MLB
Wilmer Flores,FA,1B,878,MLB
Craig Kimbrel,KC,RP,878,MLB
Starling Marte,KC,"OF,UT",878,MLB
Nelson Velázquez,HOU,OF,878,MLB
MJ Melendez,NYM,OF,878,MLB
Anthony Rizzo,NYY,1B,878,AA
Whit Merrifield,ATL,"2B,3B,OF",878,MLB
Jonatan Clase,TOR,OF,878,MLB
Orlando Arcia,CIN,"1B,2B,3B,SS",878,MLB
Ty Madden,DET,"SP,RP",878,MLB
Kris Bryant,COL,UT,878,MLB
Gavin Stone,LAD,SP,878,AAA
Yohendrick Pinango,TOR,OF,878,MLB
Carson Whisenhunt,SF,SP,878,MLB
Jordan Yost,DET,SS,878,A
Yennier Cano,BAL,RP,878,MLB
Sterlin Thompson,COL,OF,878,MLB
Blake Dunn,CIN,OF,878,MLB
Brett Callahan,DET,OF,878,MLB
Nate Lavender,NYM,RP,878,MLB
Robert Stephenson,LAA,RP,878,A
Harrison Bader,SF,OF,878,MLB
Daniel Duarte,NYM,RP,878,MLB
T.J. Nichols,TB,SP,878,AA
Kutter Crawford,BOS,SP,878,AAA
Nick Sogard,BOS,"1B,2B",878,MLB
McCade Brown,COL,SP,878,AA
Henry Godbout,BOS,2B,878,AA
Josh Hartle,WSH,SP,878,AA
Tekoah Roby,STL,SP,878,MLB
Tyson Hardin,MIL,SP,878,AAA
Trey Gregory-Alford,LAA,SP,878,A
John Means,KC,SP,878,AAA
Asbel Gonzalez,KC,OF,878,A+
Yu Darvish,SD,SP,878,AAA
Samy Natera Jr.,LAA,RP,878,MLB
Orelvis Martinez,WSH,2B,878,AAA
Jake Fraley,TB,OF,878,MLB
Marconi German,WSH,"2B,SS",878,ROK
Will Benson,CIN,OF,878,MLB
Randy Dobnak,KC,"SP,RP",878,MLB
Christian Franklin,BAL,OF,878,MLB
Matthew Fisher,PHI,SP,878,A
Dauri Fernandez,CLE,SS,878,A+
Jaden Fauske,CWS,OF,878,A
Griffin Herring,COL,SP,878,AA
Coy James,WSH,SS,878,A
Dylan Dodd,ATL,RP,878,MLB
Antwone Kelly,PIT,"SP,RP",878,MLB
Owen Ayers,CHC,C,878,AAA
Connor Phillips,CIN,RP,878,MLB
Arnaldo Lantigua,CIN,OF,878,A
Cam Leiter,LAD,SP,878,A+
Tyler Tolbert,KC,"2B,SS,OF,RP",878,MLB
Oswald Peraza,LAA,"1B,2B,3B,SS",878,MLB
Alex Lodise,ATL,SS,878,AA
Michael Lombardi,KC,"SP,RP",878,A
Jonathan Bowlan,PHI,RP,878,MLB
Raudi Rodriguez,LAA,OF,878,AAA
Miguel Mendez,SF,RP,878,MLB
Braxton Bragg,BAL,SP,878,AA
Mason Barnett,ATH,"SP,RP",878,MLB
Steven Cruz,KC,"SP,RP",878,MLB
Joe Rock,ATH,RP,878,MLB
Ricki Moneys,MIL,SS,878,ROK
Joe Boyle,TB,SP,878,MLB
Luis Rengifo,SD,"2B,3B,OF",878,MLB
Alex Lange,KC,RP,878,MLB
Jadher Areinamo,TB,"2B,SS",878,AAA
Bryan De La Cruz,PHI,OF,878,MLB
Drew Gilbert,SF,OF,878,MLB
Nick Becker,SEA,SS,878,A
Max Belyeu,COL,OF,878,A+
Brendan Rodgers,BOS,2B,878,AAA
Leody Taveras,BAL,OF,878,MLB
Logan Allen,CLE,"SP,RP",878,MLB
Jacob Bresnahan,SF,SP,878,AA
Griffin Canning,SD,"SP,RP",878,MLB
Kenta Maeda,FA,RP,878,AAA
Argenis Cayama,SF,SP,878,A
Dean Curley,CLE,SS,878,AA
Sawyer Gipson-Long,DET,SP,878,MLB
Gabriel Davalillo,LAA,C,878,A
Yuki Matsui,SD,RP,878,MLB
Ryan McMahon,NYY,3B,878,MLB
Korbyn Dickerson,SEA,OF,878,A+
Marco Dinges,MIL,C,878,AA
Ethan Dorchies,MIL,"SP,RP",878,A+
Juan Brito,CIN,"2B,SS",878,MLB
Khristian Curtis,PIT,"SP,RP",878,MLB
Jim Jarvis,ATL,SS,878,MLB
Payton Martin,LAD,SP,878,AA
Griff McGarry,LAD,"SP,RP",878,AAA
Blake Wolters,KC,SP,878,A+
Alek Thomas,LAD,OF,878,MLB
Edmundo Sosa,PHI,"2B,3B,SS,OF",878,MLB
Kevin Pillar,TEX,OF,878,AA
Denzel Clarke,ATH,OF,878,MLB
Josiah Gray,WSH,SP,878,MLB
Ricardo Cabrera,CIN,3B,878,A+
Ken Waldichuk,WSH,"SP,RP",878,MLB
Jake Gelof,LAD,"2B,3B",878,AA
Jorbit Vivas,WSH,"2B,3B",878,MLB
Jake Rogers,CWS,C,878,MLB
Wikelman Gonzalez,MIA,RP,878,MLB
Nate Pearson,KC,RP,878,MLB
Kevin Ginkel,AZ,RP,878,MLB
A.J. Puk,AZ,RP,878,AAA
Kyle Freeland,COL,SP,878,MLB
Jose Quintana,COL,SP,878,MLB
Rece Hinds,BAL,OF,878,MLB
Dylan Moore,PHI,"1B,2B,3B,OF",878,MLB
Anthony Gutierrez,TEX,OF,878,A+
Fernando Cruz,CHC,SS,878,A
Javier Báez,DET,"2B,3B,SS,OF",878,MLB
Wenceel Perez,DET,OF,878,MLB
Maddux Bruns,LAD,SP,878,AA
Drey Jameson,AZ,RP,878,MLB
Kevin Kiermaier,LAD,OF,878,MLB
Johan Oviedo,BOS,SP,878,MLB
Cole Wilcox,SEA,RP,878,MLB
Carlos Rodriguez,MIL,RP,878,MLB
Hyun-Seok Jang,LAD,SP,878,A+
Taylor Walls,TB,SS,878,MLB
Jhonkensy Noel,BAL,OF,878,AAA
Andrew Kittredge,BAL,RP,878,MLB
Miguel Amaya,CHC,C,878,MLB
John Cruz,MIA,OF,878,ROK
Walker Martin,SF,"3B,SS",878,A+
Adam Mazur,MIA,SP,878,AAA
Luis Medina,ATH,"SP,RP",878,MLB
Braden Shewmake,HOU,"2B,3B,SS",878,MLB
Gordon Graceffo,STL,"SP,RP",878,MLB
Dane Dunning,SEA,RP,878,AAA
German Marquez,MIN,SP,878,MLB
Yu-Min Lin,AZ,SP,878,AAA
Marco Raya,MIN,"SP,RP",878,MLB
Colin Houck,NYM,"3B,SS",878,A+
Ty Floyd,CIN,SP,878,A+
Frank Mozzicato,KC,SP,878,AA
Jackson Rutledge,PHI,RP,878,MLB
Brando Mayea,NYY,OF,878,A
Josh Knoth,MIL,SP,878,AA
Lonnie White Jr.,PIT,OF,878,AA
Ryan Bliss,SEA,2B,878,MLB
Prelander Berroa,CWS,"SP,RP",878,ROK
Sam Bachman,LAA,RP,878,MLB
Luis Baez,HOU,OF,878,AA
Dillon Head,MIA,OF,878,A+
Elias Díaz,TEX,C,878,MLB
A.J. Blubaugh,HOU,"SP,RP",878,MLB
Bailey Falter,ATL,"SP,RP",878,MLB
Ryan Thompson,AZ,RP,878,MLB
Tim Herrin,CLE,RP,878,MLB
Erik Miller,BOS,"SP,RP",878,MLB
Enyel De Los Santos,HOU,RP,878,MLB
Vidal Brujan,NYM,"3B,SS,OF",878,MLB
Joe Kelly,LAD,RP,878,A
Yilber Diaz,DET,RP,878,MLB
David Hamilton,MIL,"2B,3B,SS",878,MLB
Thomas Harrington,PIT,RP,878,MLB
Gary Sánchez,MIL,C,878,MLB
Brennan Bernardino,COL,"SP,RP",878,MLB
Max Schuemann,NYY,"2B,3B,SS,OF",878,MLB
Enmanuel Bonilla,TOR,OF,878,A
Colby Thomas,PHI,OF,878,MLB
Brad Lord,WSH,"SP,RP",878,MLB
Miles Mikolas,WSH,"SP,RP",878,MLB
Cristian Mena,AZ,RP,878,AAA
Matt Waldron,WSH,"SP,RP",878,MLB
Shay Whitcomb,SF,"2B,3B",878,MLB
Porter Hodge,CHC,RP,878,AAA
Ryan Fernandez,STL,RP,878,MLB
Miguel Andujar,SD,"3B,OF",878,MLB
Jose Trevino,CIN,"C,RP",878,MLB
Josh Rojas,KC,"2B,3B",878,MLB
Brailer Guerrero,TB,OF,878,A
Jay Allen,CIN,OF,878,AAA
Jeral Perez,CWS,"2B,SS",878,AA
Cooper Criswell,SEA,RP,878,MLB
Trevor Williams,TEX,"SP,RP",878,MLB
Jalen Beeks,TEX,"SP,RP",878,MLB
Jaden Hamm,DET,SP,878,AA
Mike Boeve,MIL,1B,878,AA
Jorge Mateo,TB,"SS,OF",878,MLB
Bryse Wilson,MIL,"SP,RP",878,MLB
Mitch Spence,KC,"SP,RP",878,MLB
Hunter Harvey,CHC,RP,878,MLB
Hayden Birdsong,SF,"SP,RP",878,AAA
Gunnar Hoglund,ATH,SP,878,AAA
Korey Lee,CWS,C,878,AAA
Joey Estes,ATH,SP,878,MLB
Miguel Rojas,LAD,"2B,3B,SS",878,MLB
Matthew Lugo,KC,OF,878,MLB
Daniel Hudson,LAD,RP,878,MLB
Blake Treinen,LAD,RP,878,MLB
Blake Walston,AZ,SP,878,MLB
Sem Robberse,STL,SP,878,A
JP Sears,SD,SP,878,MLB
Wandy Peralta,SD,"SP,RP",878,MLB
Brett Wichrowski,MIL,SP,878,AAA
Austin Martin,MIN,OF,878,MLB
Abraham Toro,KC,"1B,3B",878,AAA
Brock Porter,TEX,RP,878,AA
Richie Palacios,TB,"2B,OF",878,MLB
Nick Yorke,PIT,"2B,3B",878,MLB
Tyrone Taylor,CHC,OF,878,MLB
Blake Perkins,CLE,OF,878,MLB
Robert Hassell,PIT,OF,878,AAA
Cole Sands,MIN,"SP,RP",878,MLB
José Urquidy,PHI,"SP,RP",878,MLB
Mitchell Parker,WSH,"SP,RP",878,MLB
Mike Tauchman,NYM,OF,878,AAA
Reed Garrett,NYM,RP,878,AA
Jakob Junis,TEX,"SP,RP",878,MLB
Jose Perdomo,ATL,SS,878,A
Bryan Ramos,BAL,3B,878,AAA
Michael Massey,KC,"2B,OF",878,MLB
Cristhian Vaquero,WSH,OF,878,A+
Dustin Harris,SD,OF,878,MLB
Ryne Stanek,STL,RP,878,MLB
Victor Robles,SEA,OF,878,MLB
Chayce McDermott,NYM,RP,878,MLB
Carlos Santana,ATL,1B,878,MLB
Jonathan Cannon,CWS,SP,878,MLB
Gavin Cross,KC,OF,878,AAA
Joey Bart,CWS,C,878,MLB
Scott Barlow,KC,RP,878,MLB
DL Hall,MIL,"SP,RP",878,MLB
Tylor Megill,NYM,SP,878,AA
Patrick Corbin,TOR,SP,878,MLB
Andrew Nardi,MIA,RP,878,MLB
Adrian Houser,SF,"SP,RP",878,MLB
Colin Holderman,CLE,RP,878,MLB
Mike Yastrzemski,ATL,OF,878,MLB
Taijuan Walker,LAA,"SP,RP",878,MLB
Jose Miranda,SD,3B,878,AAA
Michael Lorenzen,COL,"SP,RP",878,MLB
Bryan Hudson,CWS,"SP,RP",878,MLB
Erik Swanson,TOR,RP,878,ROK
Danny Jansen,TEX,C,878,MLB
Darell Hernaiz,ATH,"2B,3B,SS",878,MLB
Liover Peguero,WSH,SS,878,AAA
Diego Cartaya,SF,C,878,A+
Amed Rosario,NYY,"2B,3B",878,MLB
Miguel Bleis,BOS,OF,878,AA
Joey Loperfido,HOU,OF,878,MLB
Brusdar Graterol,LAD,RP,878,AAA
Lance McCullers Jr.,MIL,SP,878,MLB
Elijah Green,WSH,OF,878,AA
Jason Heyward,SD,OF,878,AAA
Bowden Francis,TOR,SP,878,MLB
Luke Little,KC,RP,878,MLB
Jacob Berry,KC,"2B,3B,OF",878,AAA
Drew Waters,KC,OF,878,AAA
Wander Franco,TB,SS,878,
Alex Wood,ATH,SP,878,MLB
George Valera,CLE,OF,878,MLB
Tony Gonsolin,KC,SP,878,MLB
Joey Wiemer,CWS,OF,878,MLB
Tobias Myers,NYM,"SP,RP",878,MLB
Kristian Robinson,AZ,OF,878,AAA
Cooper Hjerpe,STL,SP,878,MLB
Mason Black,KC,RP,878,MLB
Mike Vasil,CWS,"SP,RP",878,MLB
Samuel Zavala,CWS,OF,878,AA
Jairo Iriarte,CWS,"SP,RP",878,AAA
Phil Maton,CHC,RP,878,MLB
Pedro Leon,PHI,OF,878,AAA
Zack Littell,AZ,"SP,RP",878,MLB
Mac Horvath,TB,"2B,OF",878,AA
Ryan Feltner,COL,SP,878,MLB
Alec Marsh,KC,SP,878,MLB
Trey Sweeney,DET,SS,878,AAA
Steven Matz,TB,"SP,RP",878,MLB
Cristian Hernandez,MIA,SS,878,AA
Ivan Melendez,AZ,1B,878,AAA
Michael Grove,ATL,RP,878,MLB
Yophery Rodriguez,BOS,OF,878,A+
Logan Evans,SEA,SP,878,AAA
Brandon Williamson,CIN,SP,878,MLB
Michael Toglia,SEA,1B,878,MLB
Cade Povich,BAL,SP,878,MLB
Ben Lively,CLE,SP,878,AAA
Garrett Cleavinger,TB,RP,878,MLB
Rayner Arias,SF,OF,878,ROK
Forrest Whitley,TB,RP,878,AAA
Jhony Brito,SD,RP,878,MLB
Jonny Deluca,TB,OF,878,MLB
Isiah Kiner-Falefa,BOS,"2B,3B,SS",878,MLB
Brennen Davis,SEA,OF,878,AAA
Gabriel Arias,CHC,"2B,3B,SS",878,MLB
Enrique Hernández,LAD,"1B,2B,3B,OF",878,MLB
Lucas Erceg,KC,RP,878,MLB
Tyler Alexander,TEX,"SP,RP",878,MLB
Wilmer Flores,DET,RP,878,A
Benny Montgomery,COL,OF,878,AA
Justin Lawrence,WSH,RP,878,MLB
Gabe Speier,SEA,RP,878,MLB
Kyle Wright,CHC,SP,878,AA
Paulino Santana,TEX,OF,878,A
Landon Knack,LAD,SP,878,MLB
Dedniel Nunez,NYM,RP,878,MLB
Austin Gomber,DET,SP,878,AAA
Brandon Barriera,TOR,SP,878,A+
Kevin Parada,NYM,C,878,AAA
Kyle Isbel,KC,OF,878,MLB
Yoán Moncada,LAA,3B,878,MLB
Albert Suarez,BAL,RP,878,MLB
Matt Vierling,DET,OF,878,MLB
Jimmy Crooks,STL,C,878,MLB
Yeremi Cabrera,WSH,OF,878,A+
Jared Thomas,COL,OF,878,AA
Caleb Ferguson,STL,"SP,RP",878,MLB
Doug Nikhazy,CHC,"SP,RP",878,MLB
Justin Slaten,BOS,RP,878,MLB
Walter Ford,SEA,SP,878,A+
Ryan Yarbrough,NYY,"SP,RP",878,MLB
Daiber De Los Santos,MIN,SS,878,ROK
Randal Grichuk,CWS,"OF,UT",878,MLB
Luis Urías,TOR,2B,878,MLB
Joey Oakie,CLE,SP,878,A+
Zander Mueth,PIT,SP,878,A
Luis Merejo,CLE,"1B,OF",878,A
Jansel Luis,AZ,"2B,3B",878,AA
Cory Lewis,MIN,"SP,RP",878,AA
Colton Ledbetter,STL,OF,878,AAA
Nick Madrigal,TB,"2B,3B",878,MLB
Austin Charles,KC,"3B,SS",878,A+
Will Bednar,SF,RP,878,AAA
Drew Beam,KC,SP,878,AA
Boston Bateman,BAL,SP,878,A+
Wade Meckler,LAA,OF,878,MLB
Landon Sims,AZ,RP,878,AAA
Ramon Ramirez,KC,C,878,A+
Griff O'Ferrall,BAL,"2B,SS",878,AA
Joswa Lugo,LAA,SS,878,A
Dominic Keegan,BAL,C,878,AAA
Cooper Kinney,TB,"2B,3B",878,AAA
Carter Johnson,MIA,"2B,SS",878,A+
Luis Guanipa,ATL,OF,878,A+
Freddy Fermin,SD,C,878,MLB
Brandon Birdsell,CHC,SP,878,ROK
David Sandlin,CWS,"SP,RP",878,MLB
Adriel Radney,AZ,OF,878,A
Bryce Meccage,MIL,SP,878,A+
Jeter Martinez,PIT,SP,878,A
K.C. Hunt,TB,SP,878,AAA
Braylin Morel,TEX,OF,878,A
Jake Meyers,HOU,OF,878,MLB
Winston Santos,TEX,SP,878,MLB
Yasser Mercedes,MIN,OF,878,A+
Ben Kudrna,KC,SP,878,MLB
Gino Groover,AZ,3B,878,MLB
Brandon Winokur,MIN,"3B,SS,OF",878,AA
Alejandro Osuna,TEX,OF,878,MLB
Eduardo Beltre,MIN,OF,878,A
Will Brennan,SF,OF,878,MLB
Alan Roden,MIN,OF,878,MLB
Sean Sullivan,COL,SP,878,MLB
Adolfo Sanchez,CIN,OF,878,A
Zach Maxwell,CIN,RP,878,MLB
Danny Coulombe,BOS,RP,878,MLB
Luke Dickerson,WSH,"2B,SS",878,A+
Pablo Guerrero,TEX,1B,878,A
Reggie Crawford,SF,RP,878,ROK
A.J. Vukovich,AZ,OF,878,AAA
Gabriel Rincones Jr.,PHI,OF,878,MLB
Andry Lara,WSH,RP,878,AAA
Shelby Miller,CHC,RP,878,AAA
Kale Fountain,SD,1B,878,A
Joe Whitman,SF,SP,878,AAA
Jeremy Rodriguez,NYM,"2B,3B,SS",878,A
Yimi García,TOR,RP,878,AAA
Jhancarlos Lara,WSH,"SP,RP",878,AA
Jud Fabian,BAL,OF,878,AAA
Billy Amick,NYM,"1B,3B",878,AAA
Levi Sterling,PIT,SP,878,A+
A.J. Minter,MIN,RP,878,MLB
Michael Kopech,FA,RP,878,AAA
Victor Acosta,CIN,"2B,SS",878,A+
Cole Henry,WSH,RP,878,MLB
Aaron Zavala,TEX,OF,878,AAA
Marco Vargas,NYM,"2B,SS",878,AA
Brock Selvidge,NYY,SP,878,ROK
Cole Winn,TEX,"SP,RP",878,MLB
Samuel Munoz,LAD,OF,878,A+
Matt Strahm,KC,RP,878,MLB
Robert Arias,CLE,OF,878,A
Payton Eeles,BAL,"2B,SS",878,AAA
Dylan Dreiling,TEX,OF,878,AA
Kohl Drake,AZ,SP,878,MLB
Andrew McCutchen,ATL,"OF,UT",878,MLB
Carlos Colmenarez,TB,"3B,SS",878,AAA
Conrad Cason,BOS,SP,878,ROK
Ethan Anderson,BAL,"C,1B",878,AAA
Gabriel Hughes,COL,SP,878,MLB
Trey Lipscomb,WSH,"1B,3B,SS",878,AAA
Carlson Reed,PIT,SP,878,A+
Chase Mobley,CLE,SP,878,A
Chen-Wei Lin,STL,SP,878,AA
Rowdy Tellez,ATL,1B,878,MLB
Cade Kuehler,ATL,SP,878,A+
Derniche Valdez,CHC,OF,878,A
Luke Holman,CIN,SP,878,ROK
Trevor Harrison,TB,SP,878,A+
Luis Cova,MIA,OF,878,A
Tanner Burns,CLE,RP,878,AAA
Carson DeMartini,PHI,"3B,SS",878,AA
Kyle DeBarge,MIN,"2B,SS",878,AA
Chris Cortez,LAA,SP,878,AA
Leo Balcazar,CIN,"2B,SS",878,MLB
Bryan Acuna,MIN,"3B,SS",878,A
Cesar Prieto,STL,2B,878,MLB
Brock Stewart,LAD,"SP,RP",878,MLB
Dax Fulton,MIA,"SP,RP",878,MLB
Mikey Romero,BOS,"2B,3B,SS",878,AAA
Yovanny Rodriguez,NYM,C,878,A
Pierce Johnson,CIN,RP,878,MLB
Cole Mathis,NYM,3B,878,A+
Caleb Lomavita,WSH,C,878,AA
Dawel Joseph,SEA,3B,878,ROK
Owen Hall,DET,SP,878,A
Jose Corniell,TEX,RP,878,MLB
Jhonny Severino,PIT,"2B,3B",878,A+
Devin Saltiban,PHI,"2B,OF",878,A+
Peyton Pallette,CWS,"SP,RP",878,MLB
Fernando Cruz,NYY,RP,878,MLB
Franco Aleman,CLE,RP,878,MLB
Kemp Alderman,MIA,OF,878,AAA
Eddys Leonard,SF,"2B,3B,OF",878,MLB
Craig Yoho,CLE,RP,878,MLB
Miguel Ullola,HOU,"SP,RP",878,MLB
Cristofer Torin,AZ,"2B,SS",878,AA
Hedbert Perez,TOR,OF,878,AA
Jedixson Paez,BOS,SP,878,MLB
Stiven Martinez,BAL,OF,878,A
Landen Maroudis,TOR,SP,878,A+
Dyan Jorge,COL,"2B,SS",878,AA
John Schreiber,NYY,RP,878,MLB
Jose Tena,WSH,"2B,3B,OF",878,MLB
Manuel Rodriguez,TB,RP,878,MLB
Brant Hurter,DET,"SP,RP",878,MLB
Ramon Urias,STL,"2B,3B",878,MLB
Drew Romo,CWS,C,878,MLB
Welbyn Francisca,CLE,SS,878,AA
Julian Aguiar,CHC,SP,878,MLB
Johan Rojas,PHI,OF,878,AAA
José Buttó,SF,RP,878,MLB
Alex Freeland,LAD,"2B,3B",878,MLB
Eric Bitonti,MIL,1B,878,AA
Drue Hackenberg,ATL,SP,878,AAA
Josh Smith,TOR,"1B,2B,3B,SS,OF",878,MLB
Erick Fedde,CWS,"SP,RP",878,MLB
Grant McCray,SF,OF,878,MLB
Yoniel Curet,DET,SP,878,AAA
Seth Johnson,ATH,RP,878,MLB
Charles McAdoo,TOR,"1B,2B,3B",878,MLB
Yordanny Monegro,BOS,SP,878,AA
LaMonte Wade Jr.,HOU,"1B,OF",878,MLB
Michael A. Taylor,FA,OF,878,MLB
David Fry,CLE,"1B,OF",878,MLB
Gary Gill Hill,NYM,SP,878,AAA
Tyler Holton,DET,"SP,RP",878,MLB
Andres Chaparro,WSH,1B,878,MLB
Sam Aldegheri,LAA,SP,878,MLB
Richard Fitts,STL,SP,878,MLB
Brady Basso,ATH,"SP,RP",878,MLB
Kyle Gibson,TB,SP,878,A+
Jack Kochanowicz,LAA,SP,878,MLB
David Peralta,SD,OF,878,AAA
Victor Vodnik,MIA,RP,878,MLB
Santiago Espinal,AZ,"2B,3B,OF",878,MLB
Tyler Fitzgerald,LAD,2B,878,AAA
Nacho Alvarez Jr.,ATL,3B,878,MLB
Emiliano Teodo,TEX,"SP,RP",878,MLB
Tyler Kinley,DET,RP,878,MLB
Jake Bloss,TOR,SP,878,AAA
Kyle Higashioka,TEX,C,878,MLB
Jake Irvin,WSH,SP,878,MLB
Sam Hentges,SF,RP,878,MLB
George Wolkow,CWS,OF,878,A+
Daniel Schneemann,CLE,"2B,3B,SS,OF",878,MLB
Valente Bellozo,COL,"SP,RP",878,MLB
James McArthur,KC,RP,878,MLB
Will Wagner,SD,"1B,3B",878,MLB
Keaton Winn,SF,RP,878,MLB
Jerar Encarnacion,SF,OF,878,MLB
Adrian Del Castillo,AZ,C,878,MLB
Brooks Baldwin,CWS,"2B,3B,SS,OF",878,AAA
Tyler Phillips,MIA,"SP,RP",878,MLB
Yariel Rodríguez,TOR,RP,878,MLB
Tommy Kahnle,BOS,RP,878,MLB
Alex Call,LAD,OF,878,MLB
Calvin Faucher,MIA,RP,878,MLB
Osvaldo Bido,CWS,"SP,RP",878,MLB
Dane Myers,CIN,OF,878,MLB
Seth Halvorsen,LAD,RP,878,MLB
Rafael Marchan,PHI,C,878,MLB
Troy Taylor,SEA,RP,878,MLB
Tyler Freeman,COL,"2B,OF",878,MLB
Nathan Lukes,TOR,OF,878,MLB
Ben Casparius,LAD,"SP,RP",878,MLB
Tony Santillan,CIN,RP,878,MLB
Carmen Mlodzinski,PIT,"SP,RP",878,MLB
Leo Jimenez,MIA,"1B,2B,3B",878,MLB
Pedro Pages,STL,C,878,MLB
Will Vest,DET,RP,878,MLB
Christian Vazquez,HOU,C,878,MLB
Ky Bush,CWS,SP,878,MLB
Kirby Yates,PIT,RP,878,MLB
Tirso Ornelas,SD,OF,878,AA
Joe Jiménez,ATL,RP,878,AAA
Marc Church,TEX,RP,878,AAA
Cade Marlowe,LAA,OF,878,AAA
Trevor McDonald,SF,SP,878,MLB
Jorge Barrosa,HOU,OF,878,MLB
Caleb Kilian,PHI,"SP,RP",878,MLB
Jaden Hill,COL,RP,878,MLB
Graham Ashcraft,CIN,RP,878,MLB
Johnathan Rodriguez,ATH,OF,878,MLB
Kyren Paris,LAA,"2B,OF",878,MLB
Andrew Walters,CLE,RP,878,AAA
Brooks Raley,PHI,RP,878,MLB
Jason Foley,SF,RP,878,MLB
Malcolm Moore,TEX,C,878,AA
Walker Janek,HOU,C,878,AA
Jared Triolo,PIT,"1B,2B,3B,SS",878,MLB
Patrick Bailey,CLE,C,878,MLB
Adam Frazier,LAA,"2B,OF",878,MLB
Nick Loftin,KC,"2B,3B,OF",878,MLB
PJ Morlando,MIA,OF,878,A
Ross Stripling,ATH,"SP,RP",878,A
Travis d'Arnaud,LAA,C,878,MLB
Enmanuel Valdez,PIT,1B,878,AAA
Anthony Bender,MIA,RP,878,MLB
Jordan Leasure,CWS,"SP,RP",878,MLB
Chris Martin,TEX,RP,878,MLB
Taylor Rogers,MIN,RP,878,MLB
Jacob Stallings,FA,C,878,AAA
Romy Gonzalez,BOS,"1B,2B",878,MLB
Pavin Smith,AZ,1B,878,MLB
Nick Fortes,TB,C,878,MLB
Victor Caratini,MIN,"C,1B",878,MLB
Ronel Blanco,HOU,SP,878,MLB
Keegan Akin,BAL,"SP,RP",878,MLB
Rob Refsnyder,SEA,"OF,UT",878,MLB
Mark Leiter Jr.,ATH,RP,878,MLB
Simeon Woods Richardson,SEA,"SP,RP",878,MLB
Connor Wong,BOS,C,878,MLB
