name,team,current_rank
Shohei Ohtani,LAD,1
Yordan Alvarez,HOU,2
Bobby Witt Jr.,KC,3
Pete Crow-Armstrong,CHC,4
Junior Caminero,TB,5
Jacob Misiorowski,MIL,6
Tarik Skubal,LAD,7
Kyle Schwarber,PHI,8
Elly De La Cruz,CIN,9
Julio Rodriguez,SEA,10
Fernando Tatis Jr.,SD,11
Cristopher Sanchez,PHI,12
Corbin Carroll,ARI,13
Yoshinobu Yamamoto,LAD,14
Chris Sale,ATL,15
Zack Wheeler,PHI,16
Matt Olson,ATL,17
Jose Ramirez,CLE,18
Jackson Chourio,MIL,19
Cam Schlittler,NYY,20
James Wood,WSH,21
Mason Miller,SD,22
Jacob deGrom,TEX,23
Sal Stewart,CIN,24
Ben Rice,NYY,25
Ronald Acuna Jr.,ATL,26
Freddie Freeman,LAD,27
CJ Abrams,WSH,28
Bryce Harper,PHI,29
Trea Turner,PHI,30
Ketel Marte,ARI,31
Randy Arozarena,SEA,32
Paul Skenes,PIT,33
Pete Alonso,BAL,34
Logan Gilbert,SEA,35
Cade Smith,CLE,36
Jordan Walker,STL,37
Michael Harris II,ATL,38
Jhoan Duran,PHI,39
Jesus Luzardo,PHI,40
David Bednar,NYY,41
Chase Burns,CIN,42
Kevin McGonigle,DET,43
Otto Lopez,MIA,44
Brice Turang,MIL,45
Hunter Goodman,COL,46
Miguel Vargas,CWS,47
Zach Neto,LAA,48
Yandy Diaz,TB,49
Aroldis Chapman,BOS,50
Dylan Cease,TOR,51
Alec Burleson,STL,52
Nolan McLean,NYM,53
Gerrit Cole,NYY,54
Gunnar Henderson,BAL,55
Bryan Woo,SEA,56
Vladimir Guerrero Jr.,TOR,57
Jazz Chisholm Jr.,NYY,58
Jackson Merrill,SD,59
Louis Varland,TOR,60
Seiya Suzuki,CHC,61
Drew Rasmussen,TB,62
Gavin Williams,CLE,63
Kyle Tucker,LAD,64
Mookie Betts,LAD,65
Juan Soto,NYM,66
Bryan Reynolds,PIT,67
Kevin Gausman,CHC,68
Francisco Lindor,NYM,69
Logan Webb,SF,70
Ceddanne Rafaela,BOS,71
Ozzie Albies,ATL,72
Josh Naylor,SEA,73
Wyatt Langford,TEX,74
Drake Baldwin,ATL,75
Max Fried,NYY,76
Josh Hader,HOU,77
Oneil Cruz,PIT,78
Jac Caglianone,KC,79
Rafael Devers,SF,80
Parker Messick,CLE,81
Andres Munoz,SEA,82
Riley Greene,DET,83
William Contreras,MIL,84
Wilyer Abreu,BOS,85
Manny Machado,SD,86
George Kirby,SEA,87
Blake Snell,LAD,88
Bryan Baker,TB,89
Carson Benge,NYM,90
Payton Tolle,BOS,91
Munetaka Murakami,CWS,92
Hunter Brown,HOU,93
Jeremy Pena,HOU,94
Raisel Iglesias,ATL,95
Sonny Gray,BOS,96
Joe Ryan,MIN,97
Brandon Lowe,PIT,98
Shota Imanaga,CHC,99
Trevor Megill,MIL,100
Mike Trout,LAA,101
Corey Seager,TEX,102
Bryce Miller,SEA,103
Jake McCarthy,COL,104
Teoscar Hernandez,LAD,105
Tanner Scott,LAD,106
Logan Henderson,MIL,107
Luis Garcia,NYY,108
Brandon Nimmo,TEX,109
Tyler Glasnow,LAD,110
Bo Bichette,NYM,111
Jonathan Aranda,TB,112
Alex Bregman,CHC,113
Braxton Ashcraft,PIT,114
Kyle Harrison,MIL,115
Cal Raleigh,SEA,116
Aaron Judge,NYY,117
Michael King,SD,118
Geraldo Perdomo,ARI,119
Cody Bellinger,NYY,120
Nick Kurtz,ATH,121
Daylen Lile,WSH,122
Dillon Dingler,DET,123
Jo Adell,CLE,124
Kyle Bradish,BAL,125
Jake Bauers,MIL,126
George Springer,TOR,127
Colson Montgomery,CWS,128
Nico Hoerner,CHC,129
Chandler Simpson,TB,130
Framber Valdez,DET,131
Jose Soriano,TOR,132
Austin Riley,ATL,133
Caleb Durbin,BOS,134
Byron Buxton,MIN,135
Christian Walker,HOU,136
Brandon Marsh,PHI,137
Ranger Suarez,BOS,138
Kenley Jansen,DET,139
Eury Perez,MIA,140
Jose Altuve,HOU,141
Foster Griffin,CLE,142
JJ Wetherholt,STL,143
Jacob Latz,TEX,144
Michael Busch,CHC,145
Sandy Alcantara,MIA,146
Cade Cavalli,WSH,147
Willson Contreras,BOS,148
Max Muncy,LAD,149
Cole Carrigg,COL,150
A.J. Ewing,NYM,151
Kazuma Okamoto,TOR,152
Reid Detmers,LAA,153
Mickey Moniak,COL,154
Ian Happ,CHC,155
Grant Taylor,CWS,156
Jake Bennett,BOS,157
Xavier Edwards,MIA,158
Sam Antonacci,CWS,159
Freddy Peralta,TB,160
Roman Anthony,BOS,161
Xander Bogaerts,SD,162
Carlos Rodon,NYY,163
Riley O'Brien,STL,164
Travis Bazzana,CLE,165
MacKenzie Gore,TEX,166
Chase DeLauter,CLE,167
Gabriel Moreno,ARI,168
Ivan Herrera,STL,169
Vinnie Pasquantino,KC,170
Bryce Eldridge,SF,171
Sean Burke,CWS,172
Tommy Edman,LAD,173
Ian Seymour,TB,174
Trevor Rogers,BAL,175
Salvador Perez,KC,176
Andy Pages,LAD,177
Kyle Stowers,MIA,178
Tyler Soderstrom,ATH,179
Jared Jones,PIT,180
Troy Melton,DET,181
Jake Burger,TEX,182
Casey Mize,SD,183
Bryson Stott,PHI,184
Daulton Varsho,HOU,185
Isaac Paredes,HOU,186
Shane McClanahan,TB,187
Luis Arraez,PHI,188
Royce Lewis,MIN,189
Nick Martinez,TB,190
Daniel Palencia,CHC,191
Luke Weaver,PIT,192
Robbie Ray,SD,193
Nathan Eovaldi,TEX,194
Trey Yesavage,TOR,195
Dominic Canzone,SEA,196
Liam Hicks,TB,197
Dansby Swanson,CHC,198
Emerson Hancock,SEA,199
Steven Kwan,CLE,200
Brooks Lee,MIN,201
Noah Cameron,KC,202
Ty France,SD,203
TJ Rumfield,COL,204
Esmerlyn Valdez,PIT,205
Michael Wacha,KC,206
Gleyber Torres,DET,207
Nick Gonzales,PIT,208
Konnor Griffin,PIT,209
Taj Bradley,MIN,210
Luke Keaschall,MIN,211
Ryan Jeffers,MIN,212
Christian Yelich,MIL,213
Kody Clemens,MIN,214
Justin Martinez,ARI,215
Christian Scott,NYM,216
Jarren Duran,BOS,217
JJ Bleday,CIN,218
Adrian Morejon,SD,219
Lawrence Butler,ATH,220
Adley Rutschman,BOS,221
Ezequiel Duran,TEX,222
Willy Adames,SF,223
Jeff Hoffman,MIN,224
Max Clark,DET,225
Jung Hoo Lee,SF,226
Alec Bohm,PHI,227
Devin Williams,NYM,228
Eugenio Suarez,CIN,229
Mason Montgomery,PIT,230
Pete Fairbanks,MIA,231
Luis Robert Jr.,BAL,232
Keider Montero,DET,233
Emmet Sheehan,LAD,234
Jackson Holliday,BAL,235
Trent Grisham,NYY,236
Samuel Basallo,BAL,237
Nolan Arenado,ARI,238
Heliot Ramos,NYY,239
Bubba Chandler,PIT,240
Jacob Wilson,ATH,241
Emilio Pagan,CIN,242
Tanner Bibee,CLE,243
Aaron Nola,PHI,244
Zack Gelof,ATH,245
Will Warren,NYY,246
Brent Headrick,NYY,247
Joshua Baez,STL,248
Davis Martin,CWS,249
Kodai Senga,NYM,250
Taylor Ward,SEA,251
Brandon Pfaadt,ARI,252
Dylan Lee,ATL,253
Ernie Clement,TOR,254
Henry Bolte,ATH,255
Francisco Alvarez,NYM,256
Dustin May,MIL,257
Eduardo Rodriguez,ARI,258
Yainer Diaz,HOU,259
Griffin Jax,TB,260
Josh Bell,MIN,261
Gage Jump,ATH,262
Lars Nootbaar,ARI,263
Willi Castro,COL,264
Chase Meidroth,CWS,265
Trevor Larnach,MIN,266
Kyle Leahy,STL,267
Spencer Torkelson,DET,268
Evan Phillips,LAD,269
Garrett Whitlock,BOS,270
Roki Sasaki,LAD,271
Tyler Mahle,ATL,272
Joey Cantillo,CLE,273
Ryan O'Hearn,PIT,274
Paul Goldschmidt,NYY,275
Heriberto Hernandez,MIA,276
Brandyn Garcia,ARI,277
Colt Keith,DET,278
Cole Young,SEA,279
Kade Anderson,SEA,280
Yoendrys Gomez,MIN,281
Jake Mangum,PIT,282
Clay Holmes,CHC,283
Trevor Story,BOS,284
Garrett Crochet,BOS,285
Braden Montgomery,CWS,286
Michael Soroka,ARI,287
Connelly Early,WSH,288
Gregory Soto,PIT,289
Aaron Ashby,MIL,290
Cam Smith,HOU,291
Jacob Webb,CHC,292
Peter Lambert,HOU,293
Tyler Wells,TB,294
Abner Uribe,MIL,295
Dylan Smith,SF,296
Matt Chapman,SF,297
Garrett Mitchell,MIL,298
Alejandro Kirk,TOR,299
Alex Lange,KC,300
Garrett Cleavinger,TB,301
Joc Pederson,TEX,302
Connor Prielipp,MIN,303
Will Smith,LAD,304
Griffin Conine,MIA,305
Ben Joyce,LAA,306
Matthew Boyd,CHC,307
Yennier Cano,BAL,308
Erik Miller,BOS,309
Andrew Abbott,CIN,310
Bradgley Rodriguez,SD,311
Matt Shaw,CHC,312
Andrew Kittredge,BAL,313
Corbin Burnes,ARI,314
Josh Jung,TEX,315
Shane Baz,BAL,316
Jose Alvarado,PHI,317
Caleb Kilian,PHI,318
Jose Caballero,NYY,319
Spencer Horwitz,PIT,320
Edward Cabrera,CHC,321
Andrew Vaughn,MIL,322
Carter Jensen,KC,323
Dylan Crews,WSH,324
Kyle Karros,COL,325
Michael McGreevy,STL,326
Justin Crawford,PHI,327
Coby Mayo,BAL,328
Justin Wrobleski,LAD,329
Didier Fuentes,ATL,330
Kaelen Culpepper,MIN,331
Angel Martinez,CLE,332
A.J. Minter,MIN,333
Jose A. Ferrer,SEA,334
Matt McLain,CIN,335
Luis Castillo,CWS,336
Orion Kerkering,PHI,337
Drew Anderson,DET,338
Andrew Benintendi,CWS,339
Shane Drohan,MIL,340
Robert Gasser,MIL,341
Ben Brown,CHC,342
Sean Manaea,NYM,343
Christian Encarnacion-Strand,BAL,344
Walker Jenkins,MIN,345
Ezequiel Tovar,COL,346
Alex Vesia,LAD,347
Tyler Rogers,TOR,348
Bryce Elder,ATL,349
Brayan Rocchio,CLE,350
Carlos Cortes,ATH,351
J.T. Realmuto,PHI,352
Luis Rengifo,SD,353
Edwin Diaz,LAD,354
Javier Sanoja,MIA,355
Spencer Jones,NYY,356
Ryan Waldschmidt,ARI,357
Jakob Marsee,MIA,358
Mauricio Dubon,ATL,359
Hogan Harris,ATH,360
Spencer Steer,CIN,361
Spencer Miles,TOR,362
Vaughn Grissom,LAA,363
Bryan Abreu,HOU,364
Marcus Semien,NYM,365
Matthew Liberatore,STL,366
Masyn Winn,STL,367
Erik Sabrowski,CLE,368
Kerry Carpenter,DET,369
Nasim Nunez,WSH,370
Samad Taylor,SD,371
Jack Flaherty,DET,372
Dean Kremer,MIN,373
Nolan Schanuel,LAA,374
Hayden Wesneski,HOU,375
George Lombard,NYY,376
Seth Lugo,KC,377
Connor Norby,COL,378
Robert Suarez,ATL,379
Brock Stewart,LAD,380
JoJo Romero,MIL,381
Trent Harris,SF,382
Ryan Helsley,BAL,383
Steven Cruz,KC,384
Spencer Strider,ATL,385
Tyler Holton,DET,386
Sam Bachman,LAA,387
Yusei Kikuchi,LAA,388
Tyler Stephenson,CIN,389
Landen Roupp,SF,390
J.P. Crawford,SEA,391
Cam Booser,TB,392
Jasson Dominguez,NYY,393
Andres Gimenez,TOR,394
Keaton Winn,SF,395
Jordan Lawlar,ARI,396
Tyler O'Neill,BAL,397
Nate Lavender,NYM,398
Tyler Alexander,TEX,399
Tatsuya Imai,HOU,400
Jacob Young,WSH,401
Nick Lodolo,CIN,402
Seranthony Dominguez,SEA,403
Cody Bradford,TEX,404
Reynaldo Lopez,ATL,405
Gabe Speier,SEA,406
Andre Pallante,STL,407
Mason Fluharty,TOR,408
Drew Sommers,DET,409
Michael Massey,KC,410
Carson Kelly,CHC,411
Dylan Dodd,ATL,412
Kevin Kelly,TB,413
Brady House,WSH,414
Brooks Raley,PHI,415
Josh Lowe,LAA,416
Spencer Arrighetti,TOR,417
Nathan Lukes,TOR,418
Clayton Beeter,WSH,419
AJ Smith-Shawver,ATL,420
Mark Vientos,NYM,421
Anthony Seigler,BOS,422
Ryan Zeferjahn,CHC,423
Colt Emerson,SEA,424
Rico Garcia,BAL,425
Brenton Doyle,CWS,426
Cedric Mullins II,TB,427
Dennis Santana,ARI,428
Zac Veen,COL,429
Zebby Matthews,MIN,430
Jared Young,NYM,431
Jake Cronenworth,SD,432
Max Meyer,MIA,433
Jakob Junis,TEX,434
Jeff McNeil,ATH,435
Noelvi Marte,CIN,436
Owen Caissie,MIA,437
Troy Johnston,COL,438
Martin Perez,ATL,439
Dane Myers,CIN,440
Wade Meckler,LAA,441
Isaac Collins,KC,442
Moises Ballesteros,LAA,443
David Hamilton,MIL,444
Dylan Beavers,BAL,445
Yovanny Cruz,WSH,446
Esteury Ruiz,MIA,447
Nick Pivetta,SD,448
Tim Tawa,ARI,449
Hector Rodriguez,CIN,450
Brett Baty,NYM,451
Sal Frelick,MIL,452
Jonah Heim,ATH,453
Kris Bubic,LAD,454
Ryan Weathers,NYY,455
Giancarlo Stanton,NYY,456
Ildemaro Vargas,ARI,457
Eric Lauer,LAD,458
Andruw Monasterio,BOS,459
David Peterson,CHC,460
Mitch Keller,PIT,461
Marcell Ozuna,FA,462
Jorge Polanco,NYM,463
Bailey Ober,MIN,464
Jack Perkins,ATH,465
Paul Sewald,TOR,466
Austin Martin,MIN,467
Andrew Alvarez,WSH,468
Colton Cowser,BAL,469
Lucas Erceg,KC,470
Cooper Pratt,MIL,471
Evan Carter,TEX,472
Stephen Kolek,KC,473
Merrill Kelly,ARI,474
Curtis Mead,BOS,475
Rhett Lowder,CIN,476
Brady Singer,CIN,477
Dalton Rushing,LAD,478
Zac Gallen,ARI,479
Mick Abel,MIN,480
Mike Burrows,HOU,481
Logan O'Hoppe,TEX,482
Kyle Teel,CWS,483
Masataka Yoshida,BOS,484
Ryne Nelson,ARI,485
Grant Holmes,ATL,486
Kyle Finnegan,DET,487
Patrick Corbin,TOR,488
Robert Garcia,TEX,489
Kirby Yates,PIT,490
Lenyn Sosa,TOR,491
Miguel Andujar,SD,492
Justin Steele,CHC,493
Cristian Javier,HOU,494
Gary Sanchez,MIL,495
Janson Junk,MIA,496
Jacob Lopez,ATH,497
Jeremiah Estrada,SD,498
Jameson Taillon,TOR,499
Kumar Rocker,TEX,500
Lane Thomas,ATL,501
Shane Bieber,TOR,502
Joe Musgrove,SD,503
Victor Vodnik,MIA,504
Jack Leiter,TEX,505
Steven Matz,TB,506
Walker Buehler,SD,507
Randy Vasquez,SD,508
Bryan King,HOU,509
Austin Wells,NYY,510
Tyler Tolbert,KC,511
Maikel Garcia,KC,512
Jason Adam,SD,513
Dominic Smith,ATL,514
Will Vest,DET,515
Michael Conforto,CHC,516
Colin Rea,CHC,517
Anthony Kay,CWS,518
TJ Friedl,CIN,519
Lourdes Gurriel Jr.,ARI,520
Anthony Volpe,NYY,521
Isiah Kiner-Falefa,BOS,522
Brendan Donovan,SEA,523
Daniel Schneemann,CLE,524
Austin Hays,SD,525
Romy Gonzalez,BOS,526
Lucas Giolito,SD,527
Matt Wallner,MIN,528
Jeremiah Jackson,BAL,529
Jeffrey Springs,ATH,530
Zack Littell,FA,531
Joey Ortiz,MIL,532
Luis Severino,ATH,533
Wenceel Perez,DET,534
Kyle Manzardo,CLE,535
