name,team,pos
Nikola Jokić,DEN,C
Victor Wembanyama,SAS,C
Luka Dončić,LAL,G
Shai Gilgeous-Alexander,OKC,G
Cade Cunningham,DET,G
Giannis Antetokounmpo,MIA,"F,C"
Jayson Tatum,BOS,F
Anthony Edwards,MIN,G
Tyrese Maxey,PHI,G
Tyrese Haliburton,IND,G
Jalen Johnson,ATL,F
Donovan Mitchell,CLE,G
Cooper Flagg,DAL,"G,F"
Kevin Durant,HOU,"G,F"
Scottie Barnes,TOR,"F,C"
Karl-Anthony Towns,NYK,"F,C"
Jamal Murray,DEN,G
Trae Young,WAS,G
Josh Giddey,CHI,G
Amen Thompson,HOU,G
Austin Reaves,LAL,"G,F"
Alperen Şengün,HOU,"F,C"
Devin Booker,PHX,G
LaMelo Ball,MIN,G
Stephen Curry,GSW,G
Bam Adebayo,MIA,"F,C"
Evan Mobley,CLE,"F,C"
Chet Holmgren,OKC,"F,C"
Jalen Brunson,NYK,G
Trey Murphy III,NOP,"G,F"
James Harden,CLE,G
Lauri Markkanen,UTA,F
Jalen Duren,DET,C
Jalen Williams,OKC,F
Domantas Sabonis,SAC,"F,C"
Derrick White,BOS,G
Kawhi Leonard,TOR,"G,F"
Donovan Clingan,POR,C
Brandon Miller,CHA,F
LeBron James,PHI,F
Walker Kessler,LAL,C
Jaren Jackson Jr.,UTA,"F,C"
Keyonte George,UTA,G
Jaylen Brown,PHI,"G,F"
Anthony Davis,WAS,"F,C"
Kyrie Irving,DAL,G
Desmond Bane,ORL,"G,F"
Deni Avdija,POR,"G,F"
Onyeka Okongwu,ATL,C
Franz Wagner,ORL,F
Cameron Boozer,MEM,F
Paolo Banchero,ORL,F
Joel Embiid,PHI,C
Darius Garland,LAC,G
Dejounte Murray,NOP,G
N. Alexander-Walker,ATL,G
Ivica Zubac,IND,C
Pascal Siakam,IND,"F,C"
Naz Reid,CHA,"F,C"
Michael Porter Jr.,BKN,F
Dyson Daniels,ATL,"G,F"
Ryan Rollins,MIL,G
Alex Sarr,WAS,C
Kon Knueppel,CHA,"G,F"
Jarrett Allen,CLE,C
Brandon Ingram,LAC,"G,F"
Damian Lillard,POR,G
Tyler Herro,MIL,G
Matas Buzelis,CHI,F
Zach Edey,MEM,C
Kel'el Ware,MIL,C
OG Anunoby,NYK,F
Julius Randle,BKN,F
De'Aaron Fox,SAS,G
Payton Pritchard,BOS,G
Stephon Castle,SAS,G
Ausar Thompson,DET,"G,F"
Zion Williamson,NOP,"F,C"
Paul George,BOS,F
Coby White,CHA,G
Mikal Bridges,NYK,F
Rudy Gobert,MIN,C
Dylan Harper,SAS,G
Cedric Coward,MEM,"G,F"
Caleb Wilson,CHI,F
Immanuel Quickley,TOR,G
Norman Powell,CHI,"G,F"
VJ Edgecombe,PHI,G
Nic Claxton,CHI,C
Jaden McDaniels,MIN,F
Day'Ron Sharpe,BKN,C
AJ Dybantsa,WAS,F
Ja Morant,POR,G
Jalen Suggs,ORL,G
Andrew Wiggins,MIA,"G,F"
Derik Queen,NOP,"F,C"
Josh Hart,NYK,"G,F"
Jabari Smith Jr.,HOU,"F,C"
Zach LaVine,SAC,"G,F"
Miles Bridges,PHX,F
Myles Turner,MIL,C
DeMar DeRozan,DEN,F
Isaiah Hartenstein,OKC,C
Ayo Dosunmu,MIN,G
Jusuf Nurkić,UTA,C
Toumani Camara,POR,F
Peyton Watson,CLE,F
Andrew Nembhard,IND,G
CJ McCollum,ATL,G
Davion Mitchell,MIA,G
Collin Murray-Boyles,TOR,"F,C"
John Collins,DET,"F,C"
Neemias Queta,BOS,C
Ty Jerome,MEM,G
Darryn Peterson,UTA,G
Keegan Murray,SAC,F
Brandin Podziemski,GSW,G
Khaman Maluach,PHX,C
Kyshawn George,WAS,"G,F"
Daniel Gafford,DAL,C
Rui Hachimura,LAC,F
Jakob Poeltl,TOR,C
Wendell Carter Jr.,ORL,C
RJ Barrett,TOR,"G,F"
Collin Gillespie,PHX,G
Quentin Grimes,LAL,"G,F"
Aaron Gordon,DEN,"F,C"
Cason Wallace,OKC,"G,F"
Jonathan Kuminga,MIN,F
Jalen Green,PHX,"G,F"
Egor Dëmin,BKN,G
Saddiq Bey,NOP,F
P.J. Washington,DAL,"F,C"
Herbert Jones,NOP,"G,F"
Cameron Johnson,DEN,F
Jrue Holiday,POR,G
Draymond Green,GSW,"F,C"
Moussa Diabaté,CHA,C
Sandro Mamukelashvili,LAL,"F,C"
Jaime Jaquez Jr.,MIL,"G,F"
Gui Santos,GSW,F
Dillon Brooks,PHX,F
Yves Missi,NOP,C
Yaxel Lendeborg,GSW,F
Ajay Mitchell,OKC,G
Anthony Black,ORL,"G,F"
Pelle Larsson,MIA,"G,F"
Tre Jones,CHI,G
Reed Sheppard,HOU,G
Aaron Nesmith,IND,"G,F"
Tobias Harris,SAS,F
Kristaps Porziņģis,GSW,C
Fred VanVleet,HOU,G
Jimmy Butler III,GSW,F
Darius Acuff Jr.,SAC,G
Bennedict Mathurin,NOP,"G,F"
Devin Vassell,SAS,"G,F"
Kevin Porter Jr.,MIL,G
Ace Bailey,UTA,F
Brook Lopez,LAC,C
Bobby Portis Jr.,MIA,"F,C"
Maxime Raynaud,SAC,C
Tari Eason,HOU,"G,F"
Kelly Oubre Jr.,IND,F
Paul Reed,DET,"F,C"
Dereck Lively II,DAL,C
Daniss Jenkins,DET,G
Jeremiah Fears,NOP,G
Deandre Ayton,WAS,C
Oso Ighodaro,PHX,C
Dennis Schröder,CHA,G
De'Andre Hunter,SAC,F
Christian Braun,DEN,"G,F"
Isaiah Stewart,MEM,"F,C"
Jake LaRavia,LAL,F
Santi Aldama,DAL,F
Nikola Vučević,ORL,C
Mitchell Robinson,BOS,C
Julian Champagnie,SAS,F
Mikel Brown Jr.,BKN,G
Sam Hauser,BOS,F
Joan Beringer,MIN,"F,C"
Scotty Pippen Jr.,MEM,G
Isaiah Collier,UTA,G
Scoot Henderson,POR,G
Jordan Poole,NOP,G
Grayson Allen,CHA,"G,F"
Miles McBride,NYK,G
Jay Huff,IND,C
Naji Marshall,DAL,"G,F"
Kris Dunn,LAC,G
Jared McCain,OKC,G
Jerami Grant,MEM,F
Kyle Kuzma,MIL,F
Kevin Huerter,DET,"G,F"
Alex Caruso,OKC,"G,F"
Dylan Cardwell,SAC,"F,C"
Kyle Filipowski,UTA,"F,C"
Anfernee Simons,PHI,G
Collin Sexton,LAL,G
Mark Williams,PHX,C
Robert Williams III,POR,C
Bilal Coulibaly,WAS,"G,F"
Precious Achiuwa,SAC,"F,C"
Al Horford,GSW,"F,C"
Keldon Johnson,SAS,F
Klay Thompson,MIA,"G,F"
Morez Johnson Jr.,DAL,F
Max Strus,LAC,F
Keaton Wagler,LAC,G
Andre Drummond,NYK,C
Bradley Beal,LAC,"G,F"
Malik Monk,SAC,G
Shaedon Sharpe,POR,G
Duncan Robinson,DET,"G,F"
Royce O'Neale,CHA,F
Jaylen Wells,MEM,"G,F"
Marcus Smart,HOU,G
GG Jackson,MEM,"F,C"
Tre Johnson,WAS,"G,F"
Will Riley,WAS,F
Terrence Shannon Jr.,MIN,"G,F"
Jaylin Williams,OKC,"F,C"
Luguentz Dort,ATL,"G,F"
Derrick Jones Jr.,LAC,F
Jaylon Tyson,CLE,"G,F"
Nique Clifford,SAC,"G,F"
Jalen Smith,CHI,"F,C"
Ryan Kalkbrenner,CHA,C
Noah Clowney,BKN,"F,C"
T.J. McConnell,IND,G
Ben Simmons,SAC,G
Cam Spencer,MEM,G
Nikola Jović,MIA,"F,C"
Bones Hyland,MIN,G
Brice Sensabaugh,UTA,"G,F"
Tristan da Silva,ORL,F
Jamal Shead,TOR,G
Gradey Dick,LAC,"G,F"
Zach Collins,CHI,C
Bub Carrington,WAS,G
Brayden Burries,MIL,G
Kingston Flemings,ATL,G
Marvin Bagley III,DEN,"F,C"
De'Anthony Melton,GSW,G
Jordan Clarkson,NYK,"G,F"
Khris Middleton,WAS,F
K. Caldwell-Pope,PHI,"G,F"
Allen Graves,TOR,F
Aday Mara,OKC,C
Donte DiVincenzo,MIN,"G,F"
Max Christie,DAL,"G,F"
Luke Kornet,SAS,C
Tim Hardaway Jr.,MIA,"G,F"
Isaiah Joe,DET,"G,F"
Justin Champagnie,WAS,F
Keon Ellis,BKN,"G,F"
Javonte Green,DET,"G,F"
Luke Kennard,PHX,"G,F"
Harrison Barnes,SAS,F
Moses Moody,GSW,"G,F"
AJ Green,MIL,"G,F"
Jordan Goodwin,PHX,G
Russell Westbrook,SAC,G
Goga Bitadze,ORL,C
Gary Payton II,GSW,"G,F"
Bruce Brown,NYK,G
Jarace Walker,IND,F
Ronald Holland II,DET,F
Sam Merrill,CLE,"G,F"
Ziaire Williams,LAL,"G,F"
Aaron Wiggins,ATL,"G,F"
Zaccharie Risacher,DAL,F
Ja'Kobe Walter,TOR,G
Dominick Barlow,PHI,"F,C"
John Konchar,NYK,"G,F"
Jose Alvarado,NYK,G
Jonas Valančiūnas,DEN,C
Dru Smith,MIA,G
Vít Krejčí,POR,"G,F"
Jaxson Hayes,UTA,C
Jock Landale,ATL,C
Dean Wade,PHI,F
Karlo Matković,NOP,"F,C"
Adem Bona,PHI,C
Isaac Okoro,CHI,"G,F"
Ryan Dunn,PHX,F
Brandon Williams,GSW,G
Nicolas Batum,LAC,F
Simone Fontecchio,MIA,F
Mouhamed Gueye,ATL,"F,C"
Quinten Post,MEM,C
Terance Mann,BKN,"G,F"
Clint Capela,HOU,C
Will Richard,GSW,"G,F"
Baylor Scheierman,BOS,"G,F"
Luka Garza,BOS,C
Jordan Walsh,BOS,F
Craig Porter Jr.,CLE,G
Caris LeVert,MIL,"G,F"
Mike Conley,BOS,G
Sion James,CHA,"G,F"
Ben Sheppard,IND,"G,F"
Buddy Hield,CHI,"G,F"
Thomas Bryant,CLE,C
Justin Edwards,PHI,F
Guerschon Yabusele,CHI,"F,C"
Micah Potter,POR,"F,C"
Patrick Williams,CHI,F
Jordan Miller,LAC,"G,F"
Gary Trent Jr.,MIL,"G,F"
Tyus Jones,DEN,G
Kyle Anderson,TOR,F
Olivier-Maxence Prosper,MEM,"F,C"
Spencer Jones,DEN,F
Corey Kispert,ATL,"G,F"
Josh Minott,BKN,F
Josh Okogie,UTA,"G,F"
Walter Clayton Jr.,MEM,G
Taylor Hendricks,MEM,"F,C"
Svi Mykhailiuk,UTA,"G,F"
Cody Williams,MIN,"G,F"
Jarred Vanderbilt,LAL,"F,C"
Ochai Agbaji,NYK,"G,F"
Kris Murray,MEM,"G,F"
Isaiah Jackson,LAC,C
Nae'Qwan Tomlin,CLE,F
Jericho Sims,MIL,"F,C"
Kobe Sanders,LAC,"G,F"
Obi Toppin,IND,F
Danny Wolf,BKN,"F,C"
Pat Spencer,PHX,G
Josh Green,UTA,"G,F"
Julian Strawther,DEN,"G,F"
Jamir Watkins,WAS,"G,F"
Kenrich Williams,OKC,"F,C"
Taurean Prince,DET,F
Landry Shamet,NYK,"G,F"
Tristan Vukcevic,WAS,C
Anthony Gill,WAS,"F,C"
Javon Small,MEM,G
Kasparas Jakučionis,MIL,G
Matisse Thybulle,LAL,"G,F"
Quenton Jackson,IND,G
Hugo González,BOS,"G,F"
Jevon Carter,ORL,G
Dwight Powell,DAL,C
Rayan Rupert,PHI,"G,F"
Lonzo Ball,CLE,G
Trendon Watford,NOP,F
Ousmane Dieng,MIL,F
Kobe Brown,IND,F
Jabari Walker,PHI,F
Ryan Nembhard,DEN,G
Grant Williams,CHA,"F,C"
Sidy Cissoko,POR,F
Jaden Ivey,CHI,G
Jaylen Clark,MIN,"G,F"
Drake Powell,BKN,G
Aaron Holiday,HOU,G
Jonathan Isaac,ORL,"F,C"
Gabe Vincent,ATL,G
Leonard Miller,CHI,F
Kevin Love,UTA,"F,C"
Cameron Payne,PHI,G
Vince Williams Jr.,UTA,G
Tyrese Martin,PHI,"G,F"
Caleb Martin,DAL,F
Jeremy Sochan,POR,"F,C"
Jett Howard,DAL,"G,F"
Bryce McGowens,NOP,"G,F"
Zeke Nnaji,DEN,"F,C"
Jalen Pickett,LAC,G
Daeqwon Plowden,SAC,"G,F"
Jalen Wilson,ATL,F
Nick Richards,MIA,C
Dalton Knecht,LAL,"G,F"
Branden Carlson,POR,C
Dorian Finney-Smith,ATL,F
Nolan Traore,BKN,G
Micah Peavy,MEM,F
Dalen Terry,GSW,"G,F"
Amir Coffey,PHX,"G,F"
Jaden Hardy,LAL,"G,F"
Carter Bryant,SAS,F
Cole Anthony,PHX,G
Tyler Kolek,NYK,G
Pete Nance,MIL,F
Caleb Love,PHI,G
Gary Harris,DET,"G,F"
Noah Penda,ORL,F
Tidjane Salaün,CHA,"F,C"
Rob Dillingham,CHA,G
Jamaree Bouyea,PHX,G
Marcus Sasser,DAL,G
Kevon Looney,LAL,"F,C"
Steven Adams,HOU,C
Jordan Hawkins,MEM,"G,F"
D'Angelo Russell,MEM,G
Julian Phillips,HOU,F
Jamison Battle,TOR,F
Drew Eubanks,NYK,C
Keaton Wallace,ATL,G
Cam Thomas,MIL,G
Sharife Cooper,WAS,G
Moritz Wagner,BKN,C
Devin Carter,BOS,G
Bogdan Bogdanović,HOU,"G,F"
Trayce Jackson-Davis,TOR,C
Myron Gardner,MIA,"G,F"
J. Robinson-Earl,DAL,F
Jonathan Mogbo,SAC,"F,C"
Jamal Cain,ORL,"G,F"
Tyrese Proctor,CLE,G
Oscar Tshiebwe,HOU,"F,C"
Kelly Olynyk,SAS,"F,C"
Ariel Hukporti,PHI,C
Cam Whitmore,DEN,F
Larry Nance Jr.,IND,"F,C"
Haywood Highsmith,PHX,F
Tre Mann,WAS,G
Asa Newell,ATL,"F,C"
Rasheer Fleming,PHX,"F,C"
Mohamed Diawara,NYK,F
Y. Konan Niederhäuser,LAC,C
Johnny Furphy,IND,"G,F"
Ben Saraf,BKN,G
Bez Mbeng,MIA,G
Mason Plumlee,SAS,C
Ethan Thompson,IND,G
Moussa Cisse,DAL,C
Christian Koloko,NOP,C
Nick Smith Jr.,LAL,G
Elijah Harkless,DET,G
Jase Richardson,ORL,G
Chaney Johnson,BKN,F
Jalen Slawson,IND,F
Jae'Sean Tate,HOU,"G,F"
Taelon Peter,SAS,G
Chris Boucher,UTA,"F,C"
Jahmai Mashack,MEM,"G,F"
Jordan McLaughlin,SAS,G
Malachi Smith,TOR,G
Seth Curry,GSW,G
Garrison Mathews,IND,"G,F"
Duop Reath,PHX,"F,C"
Killian Hayes,SAC,G
Leaky Black,SAC,F
Charles Bassey,GSW,C
Tony Bradley,NYK,C
Maxi Kleber,LAL,"F,C"
Doug McDermott,SAC,F
Pat Connaughton,CHA,"G,F"
Georges Niang,GSW,F
Cormac Ryan,MIL,G
E.J. Liddell,BKN,"F,C"
Keshad Johnson,MIA,F
A.J. Lawson,TOR,"G,F"
Malaki Branham,ORL,"G,F"
Johnny Juzang,MIN,"G,F"
Lindy Waters III,SAS,"G,F"
Tyson Etienne,BKN,G
Ron Harper Jr.,BOS,F
Kam Jones,MIL,"G,F"
DeAndre Jordan,NOP,C
Blake Hinson,UTA,"F,C"
Bronny James,LAL,G
Andre Jackson Jr.,TOR,"G,F"
Julian Reese,NOP,C
Cody Martin,IND,"G,F"
Trey Lyles,MIN,F
John Poulakidas,DAL,"G,F"
Malevy Leons,GSW,F
Liam McNeeley,CHA,F
DaQuan Jeffries,SAC,"G,F"
Tyler Burton,MEM,F
Dalano Banton,BOS,G
Caleb Houstan,NOP,F
Cam Christie,LAC,"G,F"
Isaiah Livers,PHX,F
KJ Simpson,DEN,G
Brooks Barnhizer,OKC,F
PJ Hall,CHA,C
Brandon Boston,CHI,G
Eric Gordon,MEM,"G,F"
AJ Johnson,NOP,G
Adama Bal,MEM,F
Blake Wesley,LAC,G
David Roddy,DEN,F
LJ Cryer,GSW,G
Yuki Kawamura,LAC,G
Kennedy Chandler,PHX,G
Jeff Green,HOU,"F,C"
Drew Timme,MIN,"F,C"
DaRon Holmes II,DEN,"F,C"
MarJon Beauchamp,PHI,"G,F"
Lucas Williamson,MEM,G
Antonio Reeves,CHA,"G,F"
Nate Williams,GSW,F
Joe Ingles,MIN,F
DeJon Jarreau,MEM,G
Bismack Biyombo,SAS,C
Orlando Robinson,CHI,C
Xavier Tillman,CHA,"F,C"
Taj Gibson,MEM,C
Mo Bamba,UTA,C
KJ Martin,MIN,F
JD Davison,ORL,G
Chris Youngblood,POR,G
Wendell Moore Jr.,DET,"G,F"
Alondes Williams,WAS,"G,F"
Dariq Whitehead,MEM,F
Tyler Smith,DAL,F
Monté Morris,IND,G
Hunter Tyson,BKN,F
Chaz Lanier,DET,G
Andersson Garcia,UTA,F
Kadary Richmond,CLE,F
Mac McClung,CHI,G
RayJ Dennis,ATL,G
Patrick Baldwin Jr.,SAC,F
Lachlan Olbrich,CHI,"F,C"
Trey Alexander,UTA,G
Luke Travers,CLE,F
Amari Williams,BOS,C
TyTy Washington Jr.,LAC,G
Colby Jones,DET,"G,F"
Kevin McCullar Jr.,NYK,F
Dillon Jones,PHI,F
Tosan Evbuomwan,CHA,F
Alijah Martin,TOR,G
Pacôme Dadiet,NYK,"G,F"
T. Antetokounmpo,MIL,F
Miles Kelly,DAL,G
Tolu Smith,DET,C
Lonnie Walker IV,DEN,G
David Jones Garcia,SAS,G
Colin Castleton,ORL,"F,C"
Tristan Enaruna,CLE,F
Garrett Temple,TOR,G
Riley Minix,CLE,F
Elfrid Payton,SAC,G
Koby Brea,PHX,G
Yang Hansen,POR,C
Rocco Zikarsky,MIN,C
Kobe Bufkin,NOP,G
Isaiah Crawford,HOU,F
Nigel Hayes-Davis,MIL,F
Adou Thiero,LAL,F
Curtis Jones,CLE,G
Enrique Freeman,MIN,F
Keshon Gilbert,ATL,G
Isaiah Stevens,CHI,G
Chris Mañon,LAL,"G,F"
Isaac Jones,DET,"F,C"
Trey Jemison III,TOR,"F,C"
Skal Labissière,WAS,C
Zyon Pullin,MIN,G
Norchad Omier,MIN,"F,C"
Drew Peterson,CHI,F
Olivier Sarr,CLE,C
N'Faly Dante,NYK,C
Payton Sandfort,OKC,F
Nikola Topić,OKC,G
John Tonje,POR,G
Jahmir Young,MIA,G
Mouhamadou Gueye,CHA,F
Grant Nelson,BKN,F
Emanuel Miller,DEN,F
Chris Livingston,CLE,F
Vladislav Goldin,MIA,C
Jayson Kent,POR,F
Lawson Lovering,MEM,C
Jacob Toppin,ATL,F
Josh Oduro,NOP,F
Markelle Fultz,TOR,G
Harrison Ingram,UTA,F
Dario Šarić,DET,"F,C"
CJ Huntley,PHX,F
Lester Quiñones,MIA,G
Hayden Gray,BOS,G
Kevin Knox II,ORL,F
Hunter Dickinson,NOP,C
Stanley Umude,SAS,G
Javonte Cooke,POR,G
Toby Okani,MEM,F
Adam Flagler,SAC,G
Bobi Klintman,DET,F
Ömer Yurtseven,GSW,C
Tristen Newton,SAC,"G,F"
Sean Pedulla,HOU,G
Alex Antetokounmpo,MIL,F
Max Shulga,BOS,G
James Wiseman,NYK,C
Mark Sears,MIL,G
Trevor Keels,WAS,G
Trentyn Flowers,CHI,F
Buddy Boeheim,OKC,F
Alex Morales,ORL,G
Phillip Wheeler,PHX,F
Noa Essengue,CHI,F
Braden Smith,IND,G
Bryce Hopkins,DEN,F
R.J. Davis,SAS,G
Alex Karaban,SAC,F
Fletcher Loyer,LAC,G
Quadir Copeland,HOU,G
Tobi Lawal,DAL,F
Lajae Jones,GSW,F
Ja'Kobi Gillespie,SAS,G
Otega Oweh,OKC,G
Tyler Nickel,NYK,F
Koa Peat,PHX,F
Meleek Thomas,CLE,G
Sergio De Larrea,DAL,G
Jaylin Sellers,CHI,G
Jonas Aidoo,UTA,C
Tamar Bates,UTA,G
Chance McMillian,GSW,G
Kylan Boswell,CHA,G
Jack Kayil,NYK,G
AK Okereke,LAL,F
Henri Veesaar,ATL,C
Josh Dix,OKC,G
Tobe Awaka,CHI,F
Zack Austin,CLE,G
Sean McNeil,CLE,G
Boopie Miller,DEN,G
Jaden Bradley,TOR,G
Terrell Brown Jr.,UTA,G
Deivon Smith,GSW,G
Jake Stephens,MIL,C
Malik Dia,NOP,F
Bruce Thornton,HOU,G
Ebuka Okorie,DET,G
Vsevolod Ishchenko,DAL,G
Igor Milicic Jr.,NYK,F
Izaiyah Nelson,ORL,F
Thomas Sorber,OKC,C
Graham Ike,GSW,F
Nick Martinelli,LAC,F
Justin Harmon,UTA,G
Dane Goodwin,DEN,G
Mario Hezonja,CLE,F
Ryan Conwell,MIA,G
Jaden Akins,NYK,G
Carson Cooper,MEM,C
Seth Lundy,DAL,F
Malique Lewis,MIL,F
Ibrahima Diallo,UTA,C
Dillon Mitchell,BOS,F
Tarris Reed Jr.,SAS,C
Cameron Carr,LAL,G
Tarik Biberovic,DAL,F
Ernest Udeh Jr.,CLE,C
Hannes Steinbach,CHA,F
Michael Ajayi,CHA,F
Rafael Castro,HOU,C
Richie Saunders,MEM,G
Alex Toohey,GSW,F
Chris Cenac Jr.,BOS,F
Jarkel Joiner,CHA,G
Bennett Stirtz,OKC,G
Trevon Brazile,DEN,F
Kobe Stewart,CHA,G
Jayden Quaintance,SAS,F
Tyrone Marshall Jr.,SAC,F
Rashaun Agee,CLE,F
Tyreke Key,TOR,G
Labaron Philon,PHI,G
Jayden Nunn,SAS,G
Emanuel Sharp,SAC,G
Jaelen House,UTA,G
Tre Donaldson,MIA,G
Trey Kaufman-Renn,MIN,F
John Butler Jr.,MIL,C
Christian Anderson,CHA,G
Dain Dainja,BKN,F
Joshua Jefferson,BKN,F
Ugonna Onyenso,DET,C
Trey Townsend,CHA,F
Arthur Kaluma,LAL,F
Khalifa Diop,CLE,C
Jaron Pierre Jr.,NOP,G
Isaiah Evans,MIN,G
Nimari Burnett,TOR,G
Ian Schieffelin,MIA,F
Karim Lopez,MEM,F
Nate Ament,MIL,F
Peter Suder,CHI,G
Dailyn Swain,CHI,F
Tyler Bilodeau,BKN,F
Jamarion Sharp,LAC,C
Bogoljub Marković,MIL,F
Marquel Sutton,CHI,F
Alpha Diallo,DEN,F
Felix Okpara,WAS,C
Maliq Brown,SAS,F
Baba Miller,LAC,F
Zuby Ejiofor,ATL,F
James Johnson,IND,F
Darius Brown,CLE,G
Chucky Hepburn,TOR,G
Liam Robbins,NYK,C
Hunter Sallis,PHI,G
Johni Broome,LAC,C
Jahmyl Telfort,LAC,F
