name,team,rank
Josh Allen,BUF,1
Lamar Jackson,BAL,2
Drake Maye,NE,3
Caleb Williams,CHI,4
Jaxon Smith-Njigba,SEA,5
Ja'Marr Chase,CIN,6
Bijan Robinson,ATL,7
Jahmyr Gibbs,DET,8
Joe Burrow,CIN,9
Puka Nacua,LAR,10
Jayden Daniels,WAS,11
Patrick Mahomes II,KC,12
Amon-Ra St. Brown,DET,13
Brock Purdy,SF,14
Trevor Lawrence,JAC,15
Jalen Hurts,PHI,16
Justin Jefferson,MIN,17
Jeremiyah Love,ARI,18
Malik Nabers,NYG,19
Ashton Jeanty,LV,20
CeeDee Lamb,DAL,21
Justin Herbert,LAC,22
Drake London,ATL,23
Brock Bowers,LV,24
Bo Nix,DEN,25
Jaxson Dart,NYG,26
Trey McBride,ARI,27
Kenneth Walker III,KC,28
Tetairoa McMillan,CAR,29
James Cook III,BUF,30
Chris Olave,NO,31
Tyler Shough,NO,32
Jonathan Taylor,IND,33
George Pickens,DAL,34
Dak Prescott,DAL,35
Zay Flowers,BAL,36
Omarion Hampton,LAC,37
Jordan Love,GB,38
Emeka Egbuka,TB,39
Nico Collins,HOU,40
De'Von Achane,MIA,41
Jared Goff,DET,42
Garrett Wilson,NYJ,43
Carnell Tate,TEN,44
Luther Burden III,CHI,45
Breece Hall,NYJ,46
Fernando Mendoza,LV,47
DeVonta Smith,PHI,48
Ladd McConkey,LAC,49
Chase Brown,CIN,50
Colston Loveland,CHI,51
Jordyn Tyson,NO,52
Tyler Warren,IND,53
Parker Washington,JAC,54
Sam Darnold,SEA,55
Jaylen Waddle,DEN,56
Bryce Young,CAR,57
Rashee Rice,KC,58
Christian Watson,GB,59
Tee Higgins,CIN,60
Baker Mayfield,TB,61
C.J. Stroud,HOU,62
Jameson Williams,DET,63
Harold Fannin Jr.,CLE,64
Kyren Williams,LAR,65
TreVeyon Henderson,NE,66
Christian McCaffrey,SF,67
Tucker Kraft,GB,68
Sam LaPorta,DET,69
A.J. Brown,NE,70
Makai Lemon,PHI,71
Rome Odunze,CHI,72
Quinshon Judkins,CLE,73
Saquon Barkley,PHI,74
Javonte Williams,DAL,75
Bucky Irving,TB,76
Kenyon Sadiq,NYJ,77
Cam Ward,TEN,78
Kyler Murray,MIN,79
Matthew Stafford,LAR,80
Dalton Kincaid,BUF,81
KC Concepcion Jr.,CLE,82
Cam Skattebo,NYG,83
Brian Thomas Jr.,JAC,84
DJ Moore,BUF,85
Kyle Pitts Sr.,ATL,86
Malik Willis,MIA,87
Bhayshul Tuten,JAC,88
Denzel Boston,CLE,89
Jadarian Price,SEA,90
Daniel Jones,IND,91
Derrick Henry,BAL,92
Travis Etienne Jr.,NO,93
Marvin Harrison Jr.,ARI,94
George Kittle,SF,95
Josh Downs,IND,96
Jordan Addison,MIN,97
Terry McLaurin,WAS,98
D'Andre Swift,CHI,99
Alec Pierce,IND,100
Michael Wilson,ARI,101
Jalen Coker,CAR,102
DK Metcalf,PIT,103
Isaiah Likely,NYG,104
Michael Penix Jr.,ATL,105
Ty Simpson,LAR,106
Matthew Golden,GB,107
Davante Adams,LAR,108
Jaylen Warren,PIT,109
Wan'Dale Robinson,TEN,110
Mike Evans,SF,111
David Montgomery,HOU,112
Jake Ferguson,DAL,113
Omar Cooper Jr.,NYJ,114
Terrance Ferguson,LAR,115
Eli Stowers,PHI,116
Brenton Strange,JAC,117
Blake Corum,LAR,118
Antonio Williams,WAS,119
Chuba Hubbard,CAR,120
Jakobi Meyers,JAC,121
Xavier Worthy,KC,122
Jayden Reed,GB,123
Jayden Higgins,HOU,124
Chris Godwin Jr.,TB,125
RJ Harvey,DEN,126
Quentin Johnston,LAC,127
Josh Jacobs,GB,128
Michael Pittman Jr.,PIT,129
Chris Bell,MIA,130
Kyle Monangai,CHI,131
Romeo Doubs,NE,132
Jonah Coleman,DEN,133
Courtland Sutton,DEN,134
De'Zhaun Stribling,SF,135
Oronde Gadsden II,LAC,136
Juwan Johnson,NO,137
Geno Smith,NYJ,138
Khalil Shakir,BUF,139
Chig Okonkwo,WAS,140
Zach Charbonnet,SEA,141
Ricky Pearsall,SF,142
Rhamondre Stevenson,NE,143
AJ Barner,SEA,144
Stefon Diggs,WAS,145
Mark Andrews,BAL,146
Tre' Harris,LAC,147
Jacory Croskey-Merritt,WAS,148
Rico Dowdle,PIT,149
Dallas Goedert,PHI,150
Jonathon Brooks,CAR,151
Travis Kelce,KC,152
Rachaad White,WAS,153
Emmett Johnson,KC,154
Tony Pollard,TEN,155
J.K. Dobbins,DEN,156
Jordan Mason,MIN,157
T.J. Hockenson,MIN,158
Kenny Gainwell,TB,159
Travis Hunter,JAC,160
Mike Washington Jr.,LV,161
Woody Marks,HOU,162
Caleb Douglas,MIA,163
Hunter Henry,NE,164
Jacoby Brissett,ARI,165
Braelon Allen,NYJ,166
Aaron Rodgers,PIT,167
Adonai Mitchell,NYJ,168
Pat Bryant,DEN,169
Tua Tagovailoa,ATL,170
Eli Raridon,NE,171
Tyler Allgeier,ARI,172
Nicholas Singleton,TEN,173
Gunnar Helm,TEN,174
Chris Rodriguez Jr.,JAC,175
Deshaun Watson,CLE,176
Aaron Jones Sr.,MIN,177
Oscar Delp,NO,178
Shedeur Sanders,CLE,179
Jalen McMillan,TB,180
Germie Bernard,PIT,181
Rashid Shaheed,SEA,182
Ted Hurst III,TB,183
Dylan Sampson,CLE,184
Dalton Schultz,HOU,185
Elijah Sarratt,BAL,186
MarShawn Lloyd,GB,187
Kayshon Boutte,HOU,188
Keaton Mitchell,LAC,189
Tyjae Spears,TEN,190
Deebo Samuel Sr.,SF,191
Ja'Kobi Lane,BAL,192
Tyrone Tracy Jr.,NYG,193
Malachi Fields,NYG,194
Jaylin Noel,HOU,195
Tank Bigsby,PHI,196
Greg Dulcich,MIA,197
Zachariah Branch,ATL,198
Dontayvion Wicks,PHI,199
Max Klare,LAR,200
Kaleb Johnson,GB,201
Brian Robinson Jr.,ATL,202
Mason Taylor,NYJ,203
Cade Otton,TB,204
Troy Franklin,DEN,205
Tre Tucker,LV,206
Jalen Nailor,LV,207
Malik Washington,MIA,208
Pat Freiermuth,PIT,209
Kaytron Allen,WAS,210
J.J. McCarthy,NYG,211
Jauan Jennings,MIN,212
Tory Horton,SEA,213
Cyrus Allen,KC,214
Kaelon Black,SF,215
Ollie Gordon II,MIA,216
Alvin Kamara,NO,217
Michael Mayer,LV,218
Devaughn Vele,NO,219
Jerry Jeudy,CLE,220
Jack Bech,LV,221
David Njoku,LAC,222
Elic Ayomanor,TEN,223
Isaac TeSlaa,DET,224
Rashod Bateman,BAL,225
Mac Jones,SF,226
Demond Claiborne,MIN,227
Ryan Flournoy,DAL,228
Tank Dell,HOU,229
Isiah Pacheco,DET,230
Kyle Williams,NE,231
Justin Fields,KC,232
Chimere Dike,TEN,233
Anthony Richardson Sr.,IND,234
Carson Beck,ARI,235
Keenan Allen,IND,236
Skyler Bell,BUF,237
Bryce Lance,NO,238
Chris Brazzell II,CAR,239
Keon Coleman,BUF,240
Brandon Aiyuk,SF,241
Ray Davis,BUF,242
Darnell Mooney,NYG,243
Kimani Vidal,LAC,244
Darnell Washington,PIT,245
Calvin Ridley,TEN,246
Jaylen Wright,MIA,247
Elijah Arroyo,SEA,248
Theo Johnson,NYG,249
Evan Engram,DEN,250
Marvin Mims Jr.,DEN,251
Kevin Coleman Jr.,MIA,252
Adam Randall,BAL,253
Tyreek Hill,FA,254
Emanuel Wilson,SEA,255
DeMario Douglas,NE,256
Mike Gesicki,CIN,257
Sean Tucker,TB,258
Kirk Cousins,LV,259
Cooper Kupp,SEA,260
Xavier Legette,CAR,261
Trey Benson,ARI,262
Jalen Royals,KC,263
Seth McGowan,IND,264
Brenen Thompson,LAC,265
Najee Harris,NYG,266
Kendre Miller,NO,267
Eli Heidenreich,PIT,268
Roman Wilson,PIT,269
Charlie Kolar,LAC,270
James Conner,ARI,271
Sam Roush,CHI,272
Justin Joly,MIA,273
Colby Parkinson,LAR,274
Tyquan Thornton,KC,275
Ben Sinnott,WAS,276
Tanner Koziol,JAC,277
Konata Mumpfield,LAR,278
Cole Kmet,CHI,279
Erick All Jr.,CIN,280
Devin Neal,MIN,281
Jordan James,SF,282
Chris Brooks,GB,283
Jalen Tolbert,MIA,284
Isaiah Bond,CLE,285
Will Shipley,PHI,286
Isaiah Davis,NYJ,287
Brashard Smith,KC,288
Andrei Iosivas,CIN,289
Marlin Klein,HOU,290
Ja'Tavion Sanders,CAR,291
DJ Giddens,IND,292
Jack Endries,CIN,293
Christian Kirk,SF,294
Deion Burks,IND,295
Matt Hibner,BAL,296
Mack Hollins,NE,297
Jalen Milroe,SEA,298
George Holani,SEA,299
Darren Waller,CAR,300
Jarquez Hunter,MIA,301
Tyson Bagent,CHI,302
Malik Benson,LV,303
Darius Slayton,IND,304
Jameis Winston,NYG,305
Jaydon Blue,PHI,306
Dawson Knox,BUF,307
Marcus Mariota,WAS,308
Joshua Palmer,BUF,309
Tahj Brooks,CIN,310
Noah Fant,NO,311
Jahan Dotson,ATL,312
Savion Williams,GB,313
Tez Johnson,TB,314
Jake Tonges,SF,315
Mitchell Evans,CAR,316
Justice Hill,BAL,317
Carson Wentz,MIN,318
Hollywood Brown,PHI,319
Barion Brown,NO,320
Trevor Etienne,CAR,321
Colbie Young,CIN,322
Jonnu Smith,GB,323
Raheim Sanders,CLE,324
Cedric Tillman,NO,325
Tyler Higbee,LAR,326
Jordan Whittington,LAR,327
Xavier Hutchinson,HOU,328
CJ Daniels,LAR,329
Drew Allar,PIT,330
Tutu Atwell,LAR,331
Jaylin Lane,WAS,332
KeAndre Lambert-Smith,LAC,333
Devontez Walker,BAL,334
Zavion Thomas,CHI,335
LeQuint Allen Jr.,JAC,336
Isaac Guerendo,SF,337
Calvin Austin III,NYG,338
Noah Gray,KC,339
Michael Trigg,DAL,340
Tommy Tremble,CAR,341
Malik Davis,DAL,342
Cade Klubnik,NYJ,343
Jerome Ford,FA,344
Devin Singletary,NYG,345
Tai Felton,MIN,346
Garrett Nussmeier,KC,347
Cole Payton,PHI,348
Will Howard,PIT,349
Dohnte Meyers,CIN,350
Quinn Ewers,JAC,351
Josh Cameron,JAC,352
J'Mari Taylor,JAC,353
Spencer Rattler,NO,354
Taylen Green,CLE,355
Kendrick Bourne,ARI,356
Samaje Perine,CIN,357
Nate Boerkircher,JAC,358
Audric Estime,MIN,359
Zach Ertz,PHI,360
Dont'e Thornton Jr.,LV,361
J. Michael Sturdivant,GB,362
Treylon Burks,WAS,363
Jordan Watkins,SF,364
John Metchie III,CAR,365
Cade Stover,HOU,366
Ty Johnson,BUF,367
Luke Musgrave,GB,368
Emari Demercado,DAL,369
Kendrick Law,DET,370
Dallen Bentley,DEN,371
Demarcus Robinson,SF,372
Foster Moreau,HOU,373
Elijah Higgins,ARI,374
Joe Milton III,DAL,375
Bam Knight,ARI,376
KaVontae Turpin,DAL,377
Austin Hooper,ATL,378
Riley Nowakowski,PIT,379
Elijah Moore,PHI,380
Tyler Badie,DEN,381
Olamide Zaccheaus,ATL,382
Kalif Raymond,CHI,383
Eric Rivers Jr.,TB,384
Roman Hemby,LV,385
Jeff Caldwell,KC,386
Jelani Woods,NYJ,387
Dyami Brown,WAS,388
Tyren Montgomery,TEN,389
Luke McCaffrey,WAS,390
Tyrell Shavers,BUF,391
Robert Henry Jr.,WAS,392
Jared Wiley,KC,393
Theo Wease Jr.,LAC,394
DeAndre Hopkins,BAL,395
CJ Donaldson,NO,396
Adam Trautman,DEN,397
Josh Cuevas,BAL,398
Kareem Hunt,FA,399
Joe Royer,CLE,400
Efton Chism III,NE,401
Seydou Traore,MIA,402
Jaren Kanak,TEN,403
Chase Roberts,FA,404
Josh Oliver,MIN,405
Dean Connors,LAR,406
Will Kacmarek,MIA,407
Carsen Ryan,CLE,408
Nick Westbrook-Ikhine,IND,409
Brock Wright,DET,410
Drew Sample,CIN,411
Odell Beckham Jr.,FA,412
Daniel Bellinger,TEN,413
Tanner Hudson,CIN,414
Jaleel McLaughlin,CLE,415
Thomas Fidone II,NYG,416
Vinny Anthony II,ATL,417
Greg Dortch,BUF,418
Ashton Dulin,IND,419
Brandon Polk,FA,420
Durham Smythe,BAL,421
Reggie Virgil,ARI,422
Jam Miller,FA,423
Roschon Johnson,CHI,424
Kaden Wetjen,PIT,425
Luke Schoonmaker,DAL,426
Rasheen Ali,BAL,427
Phil Mafah,NYG,428
Mo Alie-Cox,IND,429
Aaron Anderson,FA,430
Joe Mixon,FA,431
Josh Whyle,GB,432
Dae'Quan Wright,FA,433
Jeremy McNichols,WAS,434
Tyler Conklin,DET,435
Eric McAlister,FA,436
Jaydn Ott,KC,437
Jahdae Walker,CHI,438
Jimmy Horn Jr.,CLE,439
Bo Melton,GB,440
Grant Calcaterra,PHI,441
John Michael Gyllenborg,KC,442
Jalin Hyatt,NYG,443
Curtis Samuel,FA,444
Trey Palmer,NO,445
Jacob Cowing,SF,446
Jeremy Ruckert,NYJ,447
Isaiah Hodgins,PIT,448
Hunter Long,ARI,449
Julian Hill,NE,450
Van Jefferson,WAS,451
Taysom Hill,FA,452
Xavier Restrepo,TEN,453
Jawhar Jordan,HOU,454
Gabe Davis,FA,455
Dameon Pierce,PHI,456
Tyler Lockett,LV,457
Diontae Johnson,FA,458
Terion Stewart,FA,459
Brandin Cooks,SF,460
Jermaine Burton,FA,461
Dane Key,DEN,462
Harrison Wallace III,ARI,463
Raheem Mostert,LV,464
Austin Ekeler,WAS,465
Antonio Gibson,FA,466
Ty Chandler,NO,467
Miles Sanders,FA,468
Elijah Mitchell,FA,469
Romello Brinson,FA,470
Noah Thomas,CIN,471
Trebor Pena,JAC,472
Zack Moss,FA,473
Malachi Corley,CLE,474
Damien Martinez,FA,475
Alexander Mattison,FA,476
Sincere McCormick,SF,477
Khalil Herbert,ATL,478
Zamir White,NO,479
Noah Whittington,HOU,480
Javon Baker,FA,481
Daylan Smothers,FA,482
Jake Bobo,SEA,483
Desmond Reid,FA,484
RJ Maryland,FA,485
Isaiah Williams,FA,486
Brevin Jordan,HOU,487
Davis Allen,LAR,488
Noah Brown,FA,489
Josh Reynolds,FA,490
JuJu Smith-Schuster,FA,491
Sterling Shepard,NYJ,492
Damien Alford,FA,493
Jared Wayne,HOU,494
Kevin Austin Jr.,NO,495
Lil'Jordan Humphrey,DEN,496
Jamari Thrash,FA,497
Marquez Valdes-Scantling,LAC,498
Arian Smith,NYJ,499
Tim Patrick,NYJ,500
Mitch Tinsley,CIN,501
Zay Jones,FA,502
Darius Cooper,PHI,503
Jonathan Mingo,DAL,504
Tyler Johnson,NYJ,505
Nick Nash,FA,506
Tyler Scott,LV,507
David Moore,CAR,508
Allen Lazard,FA,509
Cedrick Wilson Jr.,FA,510
Casey Washington,CAR,511
Chris Moore,BAL,512
Ricky White III,SEA,513
Ray-Ray McCloud III,FA,514
Dante Pettis,SF,515
Scotty Miller,FA,516
Ben Skowronek,PIT,517
Michael Bandy,DEN,518
Shedrick Jackson,FA,519
Xavier Smith,FA,520
Johnny Wilson,PHI,521
David Sills V,TB,522
Henry Ruggs III,FA,523
Skyy Moore,GB,524
Isaiah Williams,NYJ,525
Ainias Smith,FA,526
Justin Watson,FA,527
