year,key,player
2026,aiva arquette,Aiva Arquette
2026,andrew fischer,Andrew Fischer
2026,angeibel gomez,
2026,billy carlson,Billy Carlson
2026,brendan summerhill,Brendan Summerhill
2026,charles davalan,Charles Davalan
2026,cody ponce,Cody Ponce
2026,daniel pierce,Daniel Pierce
2026,dax kilby,Dax Kilby
2026,devin taylor,Devin Taylor
2026,eli willits,Eli Willits
2026,ethan conrad,Ethan Conrad
2026,ethan frey,Ethan Frey
2026,ethan holliday,Ethan Holliday
2026,francisco renteria,
2026,gage wood,Gage Wood
2026,gavin fien,Gavin Fien
2026,gavin kilen,Gavin Kilen
2026,ike irish,Ike Irish
2026,jace laviolette,Jace LaViolette
2026,jamie arnold,Jamie Arnold
2026,johenssy colome,
2026,jojo parker,JoJo Parker
2026,josh hammond,Josh Hammond
2026,kade anderson,Kade Anderson
2026,kayson cunningham,Kayson Cunningham
2026,kazuma okamoto,Kazuma Okamoto
2026,kruz schoolcraft,Kruz Schoolcraft
2026,kyson witherspoon,Kyson Witherspoon
2026,liam doyle,Liam Doyle
2026,luis hernandez,Luis Hernandez
2026,munetaka murakami,Munetaka Murakami
2026,riley quick,Riley Quick
2026,sean gamble,Sean Gamble
2026,seth hernandez,Seth Hernandez
2026,slater de brun,Slater de Brun
2026,steele hall,Steele Hall
2026,sung mun song,Sung Mun Song
2026,tatsuya imai,Tatsuya Imai
2026,tyler bremner,Tyler Bremner
2026,wandy asigen,
2026,wehiwa aloy,Wehiwa Aloy
2026,xavier neyens,Xavier Neyens
